timestamp,AP01_calibrated_probability,AP02_calibrated_probability,AP03_calibrated_probability,AP04_calibrated_probability,AP05_calibrated_probability,AP07_calibrated_probability,AP08_calibrated_probability,AP09_calibrated_probability,AP11_calibrated_probability,AP13_calibrated_probability,AP14_calibrated_probability,AP15_calibrated_probability,AP16_calibrated_probability,AP17_calibrated_probability,AP18_calibrated_probability,AP19_calibrated_probability,AP20_calibrated_probability,AP21_calibrated_probability,AP22_calibrated_probability,AP23_calibrated_probability,AP24_calibrated_probability,AP25_calibrated_probability,AP26_calibrated_probability,AP27_calibrated_probability,AP30_calibrated_probability,AP32_calibrated_probability,AP35_calibrated_probability,AP42_calibrated_probability,AP43_calibrated_probability,AP44_calibrated_probability,AP45_calibrated_probability,AP46_calibrated_probability,AP47_calibrated_probability,AE01_calibrated_probability,AE03_calibrated_probability,AE05_calibrated_probability,AE06_calibrated_probability,AE07_calibrated_probability,AE08_calibrated_probability
2022-08-17 03:39:00,1e-07,1e-07,1e-07,1e-07,1e-07,1e-07,1e-07,1e-07,1e-07,1e-07,1e-07,0.9999999,1e-07,1e-07,1e-07,1e-07,1e-07,1e-07,1e-07,1e-07,1e-07,1e-07,1e-07,1e-07,1e-07,1e-07,1e-07,1e-07,1e-07,1e-07,1e-07,1e-07,1e-07,1e-07,1e-07,1e-07,1e-07,1e-07,1e-07
2022-08-17 03:39:01,1e-07,1e-07,1e-07,1e-07,1e-07,1e-07,1e-07,1e-07,1e-07,1e-07,1e-07,0.9999999,1e-07,1e-07,1e-07,1e-07,1e-07,1e-07,1e-07,1e-07,1e-07,1e-07,1e-07,1e-07,1e-07,1e-07,1e-07,1e-07,1e-07,1e-07,1e-07,1e-07,1e-07,1e-07,1e-07,1e-07,1e-07,1e-07,1e-07
2022-08-17 03:39:02,1e-07,1e-07,1e-07,1e-07,1e-07,1e-07,1e-07,1e-07,1e-07,1e-07,1e-07,0.9999999,1e-07,1e-07,1e-07,1e-07,1e-07,1e-07,1e-07,1e-07,1e-07,1e-07,1e-07,1e-07,1e-07,1e-07,1e-07,1e-07,1e-07,1e-07,1e-07,1e-07,1e-07,1e-07,1e-07,1e-07,1e-07,1e-07,1e-07
2022-08-17 03:39:03,1e-07,1e-07,1e-07,1e-07,1e-07,1e-07,1e-07,1e-07,1e-07,1e-07,1e-07,0.9999999,1e-07,1e-07,1e-07,1e-07,1e-07,1e-07,1e-07,1e-07,1e-07,1e-07,1e-07,1e-07,1e-07,1e-07,1e-07,1e-07,1e-07,1e-07,1e-07,1e-07,1e-07,1e-07,1e-07,1e-07,1e-07,1e-07,1e-07
2022-08-17 03:39:04,1e-07,1e-07,1e-07,1e-07,1e-07,1e-07,1e-07,1e-07,1e-07,1e-07,1e-07,0.9999999,1e-07,1e-07,1e-07,1e-07,1e-07,1e-07,1e-07,1e-07,1e-07,1e-07,1e-07,1e-07,1e-07,1e-07,1e-07,1e-07,1e-07,1e-07,1e-07,1e-07,1e-07,1e-07,1e-07,1e-07,1e-07,1e-07,1e-07
2022-08-17 03:39:05,1e-07,1e-07,1e-07,1e-07,1e-07,1e-07,1e-07,1e-07,1e-07,1e-07,1e-07,0.9999999,1e-07,1e-07,1e-07,1e-07,1e-07,1e-07,1e-07,1e-07,1e-07,1e-07,1e-07,1e-07,1e-07,1e-07,1e-07,1e-07,1e-07,1e-07,1e-07,1e-07,1e-07,1e-07,1e-07,1e-07,1e-07,1e-07,1e-07
2022-08-17 03:39:06,1e-07,1e-07,1e-07,1e-07,1e-07,1e-07,1e-07,1e-07,1e-07,1e-07,1e-07,0.9999999,1e-07,1e-07,1e-07,1e-07,1e-07,1e-07,1e-07,1e-07,1e-07,1e-07,1e-07,1e-07,1e-07,1e-07,1e-07,1e-07,1e-07,1e-07,1e-07,1e-07,1e-07,1e-07,1e-07,1e-07,1e-07,1e-07,1e-07
2022-08-17 03:39:07,1e-07,1e-07,1e-07,1e-07,1e-07,1e-07,1e-07,1e-07,1e-07,1e-07,1e-07,0.9999999,1e-07,1e-07,1e-07,1e-07,1e-07,1e-07,1e-07,1e-07,1e-07,1e-07,1e-07,1e-07,1e-07,1e-07,1e-07,1e-07,1e-07,1e-07,1e-07,1e-07,1e-07,1e-07,1e-07,1e-07,1e-07,1e-07,1e-07
2022-08-17 03:39:08,1e-07,1e-07,1e-07,1e-07,1e-07,1e-07,1e-07,1e-07,1e-07,1e-07,1e-07,0.9999999,1e-07,1e-07,1e-07,1e-07,1e-07,1e-07,1e-07,1e-07,1e-07,1e-07,1e-07,1e-07,1e-07,1e-07,1e-07,1e-07,1e-07,1e-07,1e-07,1e-07,1e-07,1e-07,1e-07,1e-07,1e-07,1e-07,1e-07
2022-08-17 03:39:09,1e-07,1e-07,1e-07,1e-07,1e-07,1e-07,1e-07,1e-07,1e-07,1e-07,1e-07,0.9999999,1e-07,1e-07,1e-07,1e-07,1e-07,1e-07,1e-07,1e-07,1e-07,1e-07,1e-07,1e-07,1e-07,1e-07,1e-07,1e-07,1e-07,1e-07,1e-07,1e-07,1e-07,1e-07,1e-07,1e-07,1e-07,1e-07,1e-07
2022-08-17 03:39:10,1e-07,1e-07,1e-07,1e-07,1e-07,1e-07,1e-07,1e-07,1e-07,1e-07,1e-07,0.9999999,1e-07,1e-07,1e-07,1e-07,1e-07,1e-07,1e-07,1e-07,1e-07,1e-07,1e-07,1e-07,1e-07,1e-07,1e-07,1e-07,1e-07,1e-07,1e-07,1e-07,1e-07,1e-07,1e-07,1e-07,1e-07,1e-07,1e-07
2022-08-17 03:39:11,1e-07,1e-07,1e-07,1e-07,1e-07,1e-07,1e-07,1e-07,1e-07,1e-07,1e-07,0.9999999,1e-07,1e-07,1e-07,1e-07,1e-07,1e-07,1e-07,1e-07,1e-07,1e-07,1e-07,1e-07,1e-07,1e-07,1e-07,1e-07,1e-07,1e-07,1e-07,1e-07,1e-07,1e-07,1e-07,1e-07,1e-07,1e-07,1e-07
2022-08-17 03:39:12,1e-07,1e-07,1e-07,1e-07,1e-07,1e-07,1e-07,1e-07,1e-07,1e-07,1e-07,0.9999999,1e-07,1e-07,1e-07,1e-07,1e-07,1e-07,1e-07,1e-07,1e-07,1e-07,1e-07,1e-07,1e-07,1e-07,1e-07,1e-07,1e-07,1e-07,1e-07,1e-07,1e-07,1e-07,1e-07,1e-07,1e-07,1e-07,1e-07
2022-08-17 03:39:13,1e-07,1e-07,1e-07,1e-07,1e-07,1e-07,1e-07,1e-07,1e-07,1e-07,1e-07,0.9999999,1e-07,1e-07,1e-07,1e-07,1e-07,1e-07,1e-07,1e-07,1e-07,1e-07,1e-07,1e-07,1e-07,1e-07,1e-07,1e-07,1e-07,1e-07,1e-07,1e-07,1e-07,1e-07,1e-07,1e-07,1e-07,1e-07,1e-07
2022-08-17 03:39:14,1e-07,1e-07,1e-07,1e-07,1e-07,1e-07,1e-07,1e-07,1e-07,1e-07,1e-07,0.9999999,1e-07,1e-07,1e-07,1e-07,1e-07,1e-07,1e-07,1e-07,1e-07,1e-07,1e-07,1e-07,1e-07,1e-07,1e-07,1e-07,1e-07,1e-07,1e-07,1e-07,1e-07,1e-07,1e-07,1e-07,1e-07,1e-07,1e-07
2022-08-17 03:39:15,1e-07,1e-07,1e-07,1e-07,1e-07,1e-07,1e-07,1e-07,1e-07,1e-07,1e-07,0.9999999,1e-07,1e-07,1e-07,1e-07,1e-07,1e-07,1e-07,1e-07,1e-07,1e-07,1e-07,1e-07,1e-07,1e-07,1e-07,1e-07,1e-07,1e-07,1e-07,1e-07,1e-07,1e-07,1e-07,1e-07,1e-07,1e-07,1e-07
2022-08-17 03:39:16,1e-07,1e-07,1e-07,1e-07,1e-07,1e-07,1e-07,1e-07,1e-07,1e-07,1e-07,0.9999999,1e-07,1e-07,1e-07,1e-07,1e-07,1e-07,1e-07,1e-07,1e-07,1e-07,1e-07,1e-07,1e-07,1e-07,1e-07,1e-07,1e-07,1e-07,1e-07,1e-07,1e-07,1e-07,1e-07,1e-07,1e-07,1e-07,1e-07
2022-08-17 03:39:17,1e-07,1e-07,1e-07,1e-07,1e-07,1e-07,1e-07,1e-07,1e-07,1e-07,1e-07,0.9999999,1e-07,1e-07,1e-07,1e-07,1e-07,1e-07,1e-07,1e-07,1e-07,1e-07,1e-07,1e-07,1e-07,1e-07,1e-07,1e-07,1e-07,1e-07,1e-07,1e-07,1e-07,1e-07,1e-07,1e-07,1e-07,1e-07,1e-07
2022-08-17 03:39:18,1e-07,1e-07,1e-07,1e-07,1e-07,1e-07,1e-07,1e-07,1e-07,1e-07,1e-07,0.9999999,1e-07,1e-07,1e-07,1e-07,1e-07,1e-07,1e-07,1e-07,1e-07,1e-07,1e-07,1e-07,1e-07,1e-07,1e-07,1e-07,1e-07,1e-07,1e-07,1e-07,1e-07,1e-07,1e-07,1e-07,1e-07,1e-07,1e-07
2022-08-17 03:39:19,1e-07,1e-07,1e-07,1e-07,1e-07,1e-07,1e-07,1e-07,1e-07,1e-07,1e-07,0.9999999,1e-07,1e-07,1e-07,1e-07,1e-07,1e-07,1e-07,1e-07,1e-07,1e-07,1e-07,1e-07,1e-07,1e-07,1e-07,1e-07,1e-07,1e-07,1e-07,1e-07,1e-07,1e-07,1e-07,1e-07,1e-07,1e-07,1e-07
2022-08-17 03:39:20,1e-07,1e-07,1e-07,1e-07,1e-07,1e-07,1e-07,1e-07,1e-07,1e-07,1e-07,0.9999999,1e-07,1e-07,1e-07,1e-07,1e-07,1e-07,1e-07,1e-07,1e-07,1e-07,1e-07,1e-07,1e-07,1e-07,1e-07,1e-07,1e-07,1e-07,1e-07,1e-07,1e-07,1e-07,1e-07,1e-07,1e-07,1e-07,1e-07
2022-08-17 03:39:21,1e-07,1e-07,1e-07,1e-07,1e-07,1e-07,1e-07,1e-07,1e-07,1e-07,1e-07,0.9999999,1e-07,1e-07,1e-07,1e-07,1e-07,1e-07,1e-07,1e-07,1e-07,1e-07,1e-07,1e-07,1e-07,1e-07,1e-07,1e-07,1e-07,1e-07,1e-07,1e-07,1e-07,1e-07,1e-07,1e-07,1e-07,1e-07,1e-07
2022-08-17 03:39:22,1e-07,1e-07,1e-07,1e-07,1e-07,1e-07,1e-07,1e-07,1e-07,1e-07,1e-07,0.9999999,1e-07,1e-07,1e-07,1e-07,1e-07,1e-07,1e-07,1e-07,1e-07,1e-07,1e-07,1e-07,1e-07,1e-07,1e-07,1e-07,1e-07,1e-07,1e-07,1e-07,1e-07,1e-07,1e-07,1e-07,1e-07,1e-07,1e-07
2022-08-17 03:39:23,1e-07,1e-07,1e-07,1e-07,1e-07,1e-07,1e-07,1e-07,1e-07,1e-07,1e-07,0.9999999,1e-07,1e-07,1e-07,1e-07,1e-07,1e-07,1e-07,1e-07,1e-07,1e-07,1e-07,1e-07,1e-07,1e-07,1e-07,1e-07,1e-07,1e-07,1e-07,1e-07,1e-07,1e-07,1e-07,1e-07,1e-07,1e-07,1e-07
2022-08-17 03:39:24,1e-07,1e-07,1e-07,1e-07,1e-07,1e-07,1e-07,1e-07,1e-07,1e-07,1e-07,0.9999999,1e-07,1e-07,1e-07,1e-07,1e-07,1e-07,1e-07,1e-07,1e-07,1e-07,1e-07,1e-07,1e-07,1e-07,1e-07,1e-07,1e-07,1e-07,1e-07,1e-07,1e-07,1e-07,1e-07,1e-07,1e-07,1e-07,1e-07
2022-08-17 03:39:25,1e-07,1e-07,1e-07,1e-07,1e-07,1e-07,1e-07,1e-07,1e-07,1e-07,1e-07,0.9999999,1e-07,1e-07,1e-07,1e-07,1e-07,1e-07,1e-07,1e-07,1e-07,1e-07,1e-07,1e-07,1e-07,1e-07,1e-07,1e-07,1e-07,1e-07,1e-07,1e-07,1e-07,1e-07,1e-07,1e-07,1e-07,1e-07,1e-07
2022-08-17 03:39:26,1e-07,1e-07,1e-07,1e-07,1e-07,1e-07,1e-07,1e-07,1e-07,1e-07,1e-07,0.9999999,1e-07,1e-07,1e-07,1e-07,1e-07,1e-07,1e-07,1e-07,1e-07,1e-07,1e-07,1e-07,1e-07,1e-07,1e-07,1e-07,1e-07,1e-07,1e-07,1e-07,1e-07,1e-07,1e-07,1e-07,1e-07,1e-07,1e-07
2022-08-17 03:39:27,1e-07,1e-07,1e-07,1e-07,1e-07,1e-07,1e-07,1e-07,1e-07,1e-07,1e-07,0.9999999,1e-07,1e-07,1e-07,1e-07,1e-07,1e-07,1e-07,1e-07,1e-07,1e-07,1e-07,1e-07,1e-07,1e-07,1e-07,1e-07,1e-07,1e-07,1e-07,1e-07,1e-07,1e-07,1e-07,1e-07,1e-07,1e-07,1e-07
2022-08-17 03:39:28,1e-07,1e-07,1e-07,1e-07,1e-07,1e-07,1e-07,1e-07,1e-07,1e-07,1e-07,0.9999999,1e-07,1e-07,1e-07,1e-07,1e-07,1e-07,1e-07,1e-07,1e-07,1e-07,1e-07,1e-07,1e-07,1e-07,1e-07,1e-07,1e-07,1e-07,1e-07,1e-07,1e-07,1e-07,1e-07,1e-07,1e-07,1e-07,1e-07
2022-08-17 03:39:29,1e-07,1e-07,1e-07,1e-07,1e-07,1e-07,1e-07,1e-07,1e-07,1e-07,1e-07,0.9999999,1e-07,1e-07,1e-07,1e-07,1e-07,1e-07,1e-07,1e-07,1e-07,1e-07,1e-07,1e-07,1e-07,1e-07,1e-07,1e-07,1e-07,1e-07,1e-07,1e-07,1e-07,1e-07,1e-07,1e-07,1e-07,1e-07,1e-07
2022-08-17 03:39:30,1e-07,1e-07,1e-07,1e-07,1e-07,1e-07,1e-07,1e-07,1e-07,1e-07,1e-07,0.9999999,1e-07,1e-07,1e-07,1e-07,1e-07,1e-07,1e-07,1e-07,1e-07,1e-07,1e-07,1e-07,1e-07,1e-07,1e-07,1e-07,1e-07,1e-07,1e-07,1e-07,1e-07,1e-07,1e-07,1e-07,1e-07,1e-07,1e-07
2022-08-17 03:39:31,1e-07,1e-07,1e-07,1e-07,1e-07,1e-07,1e-07,1e-07,1e-07,1e-07,1e-07,0.9999999,1e-07,1e-07,1e-07,1e-07,1e-07,1e-07,1e-07,1e-07,1e-07,1e-07,1e-07,1e-07,1e-07,1e-07,1e-07,1e-07,1e-07,1e-07,1e-07,1e-07,1e-07,1e-07,1e-07,1e-07,1e-07,1e-07,1e-07
2022-08-17 03:39:32,1e-07,1e-07,1e-07,1e-07,1e-07,1e-07,1e-07,1e-07,1e-07,1e-07,1e-07,0.9999999,1e-07,1e-07,1e-07,1e-07,1e-07,1e-07,1e-07,1e-07,1e-07,1e-07,1e-07,1e-07,1e-07,1e-07,1e-07,1e-07,1e-07,1e-07,1e-07,1e-07,1e-07,1e-07,1e-07,1e-07,1e-07,1e-07,1e-07
2022-08-17 03:39:33,1e-07,1e-07,1e-07,1e-07,1e-07,1e-07,1e-07,1e-07,1e-07,1e-07,1e-07,0.9999999,1e-07,1e-07,1e-07,1e-07,1e-07,1e-07,1e-07,1e-07,1e-07,1e-07,1e-07,1e-07,1e-07,1e-07,1e-07,1e-07,1e-07,1e-07,1e-07,1e-07,1e-07,1e-07,1e-07,1e-07,1e-07,1e-07,1e-07
2022-08-17 03:39:34,1e-07,1e-07,1e-07,1e-07,1e-07,1e-07,1e-07,1e-07,1e-07,1e-07,1e-07,0.9999999,1e-07,1e-07,1e-07,1e-07,1e-07,1e-07,1e-07,1e-07,1e-07,1e-07,1e-07,1e-07,1e-07,1e-07,1e-07,1e-07,1e-07,1e-07,1e-07,1e-07,1e-07,1e-07,1e-07,1e-07,1e-07,1e-07,1e-07
2022-08-17 03:39:35,1e-07,1e-07,1e-07,1e-07,1e-07,1e-07,1e-07,1e-07,1e-07,1e-07,1e-07,0.9999999,1e-07,1e-07,1e-07,1e-07,1e-07,1e-07,1e-07,1e-07,1e-07,1e-07,1e-07,1e-07,1e-07,1e-07,1e-07,1e-07,1e-07,1e-07,1e-07,1e-07,1e-07,1e-07,1e-07,1e-07,1e-07,1e-07,1e-07
2022-08-17 03:39:36,1e-07,1e-07,1e-07,1e-07,1e-07,1e-07,1e-07,1e-07,1e-07,1e-07,1e-07,0.9999999,1e-07,1e-07,1e-07,1e-07,1e-07,1e-07,1e-07,1e-07,1e-07,1e-07,1e-07,1e-07,1e-07,1e-07,1e-07,1e-07,1e-07,1e-07,1e-07,1e-07,1e-07,1e-07,1e-07,1e-07,1e-07,1e-07,1e-07
2022-08-17 03:39:37,1e-07,1e-07,1e-07,1e-07,1e-07,1e-07,1e-07,1e-07,1e-07,1e-07,1e-07,0.9999999,1e-07,1e-07,1e-07,1e-07,1e-07,1e-07,1e-07,1e-07,1e-07,1e-07,1e-07,1e-07,1e-07,1e-07,1e-07,1e-07,1e-07,1e-07,1e-07,1e-07,1e-07,1e-07,1e-07,1e-07,1e-07,1e-07,1e-07
2022-08-17 03:39:38,1e-07,1e-07,1e-07,1e-07,1e-07,1e-07,1e-07,1e-07,1e-07,1e-07,1e-07,0.9999999,1e-07,1e-07,1e-07,1e-07,1e-07,1e-07,1e-07,1e-07,1e-07,1e-07,1e-07,1e-07,1e-07,1e-07,1e-07,1e-07,1e-07,1e-07,1e-07,1e-07,1e-07,1e-07,1e-07,1e-07,1e-07,1e-07,1e-07
2022-08-17 03:39:39,1e-07,1e-07,1e-07,1e-07,1e-07,1e-07,1e-07,1e-07,1e-07,1e-07,1e-07,0.9999999,1e-07,1e-07,1e-07,1e-07,1e-07,1e-07,1e-07,1e-07,1e-07,1e-07,1e-07,1e-07,1e-07,1e-07,1e-07,1e-07,1e-07,1e-07,1e-07,1e-07,1e-07,1e-07,1e-07,1e-07,1e-07,1e-07,1e-07
2022-08-17 03:39:40,1e-07,1e-07,1e-07,1e-07,1e-07,1e-07,1e-07,1e-07,1e-07,1e-07,1e-07,0.9999999,1e-07,1e-07,1e-07,1e-07,1e-07,1e-07,1e-07,1e-07,1e-07,1e-07,1e-07,1e-07,1e-07,1e-07,1e-07,1e-07,1e-07,1e-07,1e-07,1e-07,1e-07,1e-07,1e-07,1e-07,1e-07,1e-07,1e-07
2022-08-17 03:39:41,1e-07,1e-07,1e-07,1e-07,1e-07,1e-07,1e-07,1e-07,1e-07,1e-07,1e-07,0.9999999,1e-07,1e-07,1e-07,1e-07,1e-07,1e-07,1e-07,1e-07,1e-07,1e-07,1e-07,1e-07,1e-07,1e-07,1e-07,1e-07,1e-07,1e-07,1e-07,1e-07,1e-07,1e-07,1e-07,1e-07,1e-07,1e-07,1e-07
2022-08-17 03:39:42,1e-07,1e-07,1e-07,1e-07,1e-07,1e-07,1e-07,1e-07,1e-07,1e-07,1e-07,0.9999999,1e-07,1e-07,1e-07,1e-07,1e-07,1e-07,1e-07,1e-07,1e-07,1e-07,1e-07,1e-07,1e-07,1e-07,1e-07,1e-07,1e-07,1e-07,1e-07,1e-07,1e-07,1e-07,1e-07,1e-07,1e-07,1e-07,1e-07
2022-08-17 03:39:43,1e-07,1e-07,1e-07,1e-07,1e-07,1e-07,1e-07,1e-07,1e-07,1e-07,1e-07,0.9999999,1e-07,1e-07,1e-07,1e-07,1e-07,1e-07,1e-07,1e-07,1e-07,1e-07,1e-07,1e-07,1e-07,1e-07,1e-07,1e-07,1e-07,1e-07,1e-07,1e-07,1e-07,1e-07,1e-07,1e-07,1e-07,1e-07,1e-07
2022-08-17 03:39:44,1e-07,1e-07,1e-07,1e-07,1e-07,1e-07,1e-07,1e-07,1e-07,1e-07,1e-07,0.9999999,1e-07,1e-07,1e-07,1e-07,1e-07,1e-07,1e-07,1e-07,1e-07,1e-07,1e-07,1e-07,1e-07,1e-07,1e-07,1e-07,1e-07,1e-07,1e-07,1e-07,1e-07,1e-07,1e-07,1e-07,1e-07,1e-07,1e-07
2022-08-17 03:39:45,1e-07,1e-07,1e-07,1e-07,1e-07,1e-07,1e-07,1e-07,1e-07,1e-07,1e-07,0.9999999,1e-07,1e-07,1e-07,1e-07,1e-07,1e-07,1e-07,1e-07,1e-07,1e-07,1e-07,1e-07,1e-07,1e-07,1e-07,1e-07,1e-07,1e-07,1e-07,1e-07,1e-07,1e-07,1e-07,1e-07,1e-07,1e-07,1e-07
2022-08-17 03:39:46,1e-07,1e-07,1e-07,1e-07,1e-07,1e-07,1e-07,1e-07,1e-07,1e-07,1e-07,0.9999999,1e-07,1e-07,1e-07,1e-07,1e-07,1e-07,1e-07,1e-07,1e-07,1e-07,1e-07,1e-07,1e-07,1e-07,1e-07,1e-07,1e-07,1e-07,1e-07,1e-07,1e-07,1e-07,1e-07,1e-07,1e-07,1e-07,1e-07
2022-08-17 03:39:47,1e-07,1e-07,1e-07,1e-07,1e-07,1e-07,1e-07,1e-07,1e-07,1e-07,1e-07,0.9999999,1e-07,1e-07,1e-07,1e-07,1e-07,1e-07,1e-07,1e-07,1e-07,1e-07,1e-07,1e-07,1e-07,1e-07,1e-07,1e-07,1e-07,1e-07,1e-07,1e-07,1e-07,1e-07,1e-07,1e-07,1e-07,1e-07,1e-07
2022-08-17 03:39:48,1e-07,1e-07,1e-07,1e-07,1e-07,1e-07,1e-07,1e-07,1e-07,1e-07,1e-07,0.9999999,1e-07,1e-07,1e-07,1e-07,1e-07,1e-07,1e-07,1e-07,1e-07,1e-07,1e-07,1e-07,1e-07,1e-07,1e-07,1e-07,1e-07,1e-07,1e-07,1e-07,1e-07,1e-07,1e-07,1e-07,1e-07,1e-07,1e-07
2022-08-17 03:39:49,1e-07,1e-07,1e-07,1e-07,1e-07,1e-07,1e-07,1e-07,1e-07,1e-07,1e-07,0.9999999,1e-07,1e-07,1e-07,1e-07,1e-07,1e-07,1e-07,1e-07,1e-07,1e-07,1e-07,1e-07,1e-07,1e-07,1e-07,1e-07,1e-07,1e-07,1e-07,1e-07,1e-07,1e-07,1e-07,1e-07,1e-07,1e-07,1e-07
2022-08-17 03:39:50,1e-07,1e-07,1e-07,1e-07,1e-07,1e-07,1e-07,1e-07,1e-07,1e-07,1e-07,0.9999999,1e-07,1e-07,1e-07,1e-07,1e-07,1e-07,1e-07,1e-07,1e-07,1e-07,1e-07,1e-07,1e-07,1e-07,1e-07,1e-07,1e-07,1e-07,1e-07,1e-07,1e-07,1e-07,1e-07,1e-07,1e-07,1e-07,1e-07
2022-08-17 03:39:51,1e-07,1e-07,1e-07,1e-07,1e-07,1e-07,1e-07,1e-07,1e-07,1e-07,1e-07,0.9999999,1e-07,1e-07,1e-07,1e-07,1e-07,1e-07,1e-07,1e-07,1e-07,1e-07,1e-07,1e-07,1e-07,1e-07,1e-07,1e-07,1e-07,1e-07,1e-07,1e-07,1e-07,1e-07,1e-07,1e-07,1e-07,1e-07,1e-07
2022-08-17 03:39:52,1e-07,1e-07,1e-07,1e-07,1e-07,1e-07,1e-07,1e-07,1e-07,1e-07,1e-07,0.9999999,1e-07,1e-07,1e-07,1e-07,1e-07,1e-07,1e-07,1e-07,1e-07,1e-07,1e-07,1e-07,1e-07,1e-07,1e-07,1e-07,1e-07,1e-07,1e-07,1e-07,1e-07,1e-07,1e-07,1e-07,1e-07,1e-07,1e-07
2022-08-17 03:39:53,1e-07,1e-07,1e-07,1e-07,1e-07,1e-07,1e-07,1e-07,1e-07,1e-07,1e-07,0.9999999,1e-07,1e-07,1e-07,1e-07,1e-07,1e-07,1e-07,1e-07,1e-07,1e-07,1e-07,1e-07,1e-07,1e-07,1e-07,1e-07,1e-07,1e-07,1e-07,1e-07,1e-07,1e-07,1e-07,1e-07,1e-07,1e-07,1e-07
2022-08-17 03:39:54,1e-07,1e-07,1e-07,1e-07,1e-07,1e-07,1e-07,1e-07,1e-07,1e-07,1e-07,0.9999999,1e-07,1e-07,1e-07,1e-07,1e-07,1e-07,1e-07,1e-07,1e-07,1e-07,1e-07,1e-07,1e-07,1e-07,1e-07,1e-07,1e-07,1e-07,1e-07,1e-07,1e-07,1e-07,1e-07,1e-07,1e-07,1e-07,1e-07
2022-08-17 03:39:55,1e-07,1e-07,1e-07,1e-07,1e-07,1e-07,1e-07,1e-07,1e-07,1e-07,1e-07,0.9999999,1e-07,1e-07,1e-07,1e-07,1e-07,1e-07,1e-07,1e-07,1e-07,1e-07,1e-07,1e-07,1e-07,1e-07,1e-07,1e-07,1e-07,1e-07,1e-07,1e-07,1e-07,1e-07,1e-07,1e-07,1e-07,1e-07,1e-07
2022-08-17 03:39:56,1e-07,1e-07,1e-07,1e-07,1e-07,1e-07,1e-07,1e-07,1e-07,1e-07,1e-07,0.9999999,1e-07,1e-07,1e-07,1e-07,1e-07,1e-07,1e-07,1e-07,1e-07,1e-07,1e-07,1e-07,1e-07,1e-07,1e-07,1e-07,1e-07,1e-07,1e-07,1e-07,1e-07,1e-07,1e-07,1e-07,1e-07,1e-07,1e-07
2022-08-17 03:39:57,1e-07,1e-07,1e-07,1e-07,1e-07,1e-07,1e-07,1e-07,1e-07,1e-07,1e-07,0.9999999,1e-07,1e-07,1e-07,1e-07,1e-07,1e-07,1e-07,1e-07,1e-07,1e-07,1e-07,1e-07,1e-07,1e-07,1e-07,1e-07,1e-07,1e-07,1e-07,1e-07,1e-07,1e-07,1e-07,1e-07,1e-07,1e-07,1e-07
2022-08-17 03:39:58,1e-07,1e-07,1e-07,1e-07,1e-07,1e-07,1e-07,1e-07,1e-07,1e-07,1e-07,0.9999999,1e-07,1e-07,1e-07,1e-07,1e-07,1e-07,1e-07,1e-07,1e-07,1e-07,1e-07,1e-07,1e-07,1e-07,1e-07,1e-07,1e-07,1e-07,1e-07,1e-07,1e-07,1e-07,1e-07,1e-07,1e-07,1e-07,1e-07
2022-08-17 03:39:59,1e-07,1e-07,1e-07,1e-07,1e-07,1e-07,1e-07,1e-07,1e-07,1e-07,1e-07,0.9999999,1e-07,1e-07,1e-07,1e-07,1e-07,1e-07,1e-07,1e-07,1e-07,1e-07,1e-07,1e-07,1e-07,1e-07,1e-07,1e-07,1e-07,1e-07,1e-07,1e-07,1e-07,1e-07,1e-07,1e-07,1e-07,1e-07,1e-07
2022-08-17 05:48:00,1e-07,1e-07,1e-07,1e-07,1e-07,1e-07,1e-07,1e-07,1e-07,1e-07,1e-07,1e-07,1e-07,0.9999999,1e-07,1e-07,1e-07,1e-07,1e-07,1e-07,1e-07,1e-07,1e-07,1e-07,1e-07,1e-07,1e-07,1e-07,1e-07,1e-07,1e-07,1e-07,1e-07,1e-07,1e-07,1e-07,1e-07,1e-07,1e-07
2022-08-17 05:48:01,1e-07,1e-07,1e-07,1e-07,1e-07,1e-07,1e-07,1e-07,1e-07,1e-07,1e-07,1e-07,1e-07,0.9999999,1e-07,1e-07,1e-07,1e-07,1e-07,1e-07,1e-07,1e-07,1e-07,1e-07,1e-07,1e-07,1e-07,1e-07,1e-07,1e-07,1e-07,1e-07,1e-07,1e-07,1e-07,1e-07,1e-07,1e-07,1e-07
2022-08-17 05:48:02,1e-07,1e-07,1e-07,1e-07,1e-07,1e-07,1e-07,1e-07,1e-07,1e-07,1e-07,1e-07,1e-07,0.9999999,1e-07,1e-07,1e-07,1e-07,1e-07,1e-07,1e-07,1e-07,1e-07,1e-07,1e-07,1e-07,1e-07,1e-07,1e-07,1e-07,1e-07,1e-07,1e-07,1e-07,1e-07,1e-07,1e-07,1e-07,1e-07
2022-08-17 05:48:03,1e-07,1e-07,1e-07,1e-07,1e-07,1e-07,1e-07,1e-07,1e-07,1e-07,1e-07,1e-07,1e-07,0.9999999,1e-07,1e-07,1e-07,1e-07,1e-07,1e-07,1e-07,1e-07,1e-07,1e-07,1e-07,1e-07,1e-07,1e-07,1e-07,1e-07,1e-07,1e-07,1e-07,1e-07,1e-07,1e-07,1e-07,1e-07,1e-07
2022-08-17 05:48:04,1e-07,1e-07,1e-07,1e-07,1e-07,1e-07,1e-07,1e-07,1e-07,1e-07,1e-07,1e-07,1e-07,0.9999999,1e-07,1e-07,1e-07,1e-07,1e-07,1e-07,1e-07,1e-07,1e-07,1e-07,1e-07,1e-07,1e-07,1e-07,1e-07,1e-07,1e-07,1e-07,1e-07,1e-07,1e-07,1e-07,1e-07,1e-07,1e-07
2022-08-17 05:48:05,1e-07,1e-07,1e-07,1e-07,1e-07,1e-07,1e-07,1e-07,1e-07,1e-07,1e-07,1e-07,1e-07,0.9999999,1e-07,1e-07,1e-07,1e-07,1e-07,1e-07,1e-07,1e-07,1e-07,1e-07,1e-07,1e-07,1e-07,1e-07,1e-07,1e-07,1e-07,1e-07,1e-07,1e-07,1e-07,1e-07,1e-07,1e-07,1e-07
2022-08-17 05:48:06,1e-07,1e-07,1e-07,1e-07,1e-07,1e-07,1e-07,1e-07,1e-07,1e-07,1e-07,1e-07,1e-07,0.9999999,1e-07,1e-07,1e-07,1e-07,1e-07,1e-07,1e-07,1e-07,1e-07,1e-07,1e-07,1e-07,1e-07,1e-07,1e-07,1e-07,1e-07,1e-07,1e-07,1e-07,1e-07,1e-07,1e-07,1e-07,1e-07
2022-08-17 05:48:07,1e-07,1e-07,1e-07,1e-07,1e-07,1e-07,1e-07,1e-07,1e-07,1e-07,1e-07,1e-07,1e-07,0.9999999,1e-07,1e-07,1e-07,1e-07,1e-07,1e-07,1e-07,1e-07,1e-07,1e-07,1e-07,1e-07,1e-07,1e-07,1e-07,1e-07,1e-07,1e-07,1e-07,1e-07,1e-07,1e-07,1e-07,1e-07,1e-07
2022-08-17 05:48:08,1e-07,1e-07,1e-07,1e-07,1e-07,1e-07,1e-07,1e-07,1e-07,1e-07,1e-07,1e-07,1e-07,0.9999999,1e-07,1e-07,1e-07,1e-07,1e-07,1e-07,1e-07,1e-07,1e-07,1e-07,1e-07,1e-07,1e-07,1e-07,1e-07,1e-07,1e-07,1e-07,1e-07,1e-07,1e-07,1e-07,1e-07,1e-07,1e-07
2022-08-17 05:48:09,1e-07,1e-07,1e-07,1e-07,1e-07,1e-07,1e-07,1e-07,1e-07,1e-07,1e-07,1e-07,1e-07,0.9999999,1e-07,1e-07,1e-07,1e-07,1e-07,1e-07,1e-07,1e-07,1e-07,1e-07,1e-07,1e-07,1e-07,1e-07,1e-07,1e-07,1e-07,1e-07,1e-07,1e-07,1e-07,1e-07,1e-07,1e-07,1e-07
2022-08-17 05:48:10,1e-07,1e-07,1e-07,1e-07,1e-07,1e-07,1e-07,1e-07,1e-07,1e-07,1e-07,1e-07,1e-07,0.9999999,1e-07,1e-07,1e-07,1e-07,1e-07,1e-07,1e-07,1e-07,1e-07,1e-07,1e-07,1e-07,1e-07,1e-07,1e-07,1e-07,1e-07,1e-07,1e-07,1e-07,1e-07,1e-07,1e-07,1e-07,1e-07
2022-08-17 05:48:11,1e-07,1e-07,1e-07,1e-07,1e-07,1e-07,1e-07,1e-07,1e-07,1e-07,1e-07,1e-07,1e-07,0.9999999,1e-07,1e-07,1e-07,1e-07,1e-07,1e-07,1e-07,1e-07,1e-07,1e-07,1e-07,1e-07,1e-07,1e-07,1e-07,1e-07,1e-07,1e-07,1e-07,1e-07,1e-07,1e-07,1e-07,1e-07,1e-07
2022-08-17 05:48:12,1e-07,1e-07,1e-07,1e-07,1e-07,1e-07,1e-07,1e-07,1e-07,1e-07,1e-07,1e-07,1e-07,0.9999999,1e-07,1e-07,1e-07,1e-07,1e-07,1e-07,1e-07,1e-07,1e-07,1e-07,1e-07,1e-07,1e-07,1e-07,1e-07,1e-07,1e-07,1e-07,1e-07,1e-07,1e-07,1e-07,1e-07,1e-07,1e-07
2022-08-17 05:48:13,1e-07,1e-07,1e-07,1e-07,1e-07,1e-07,1e-07,1e-07,1e-07,1e-07,1e-07,1e-07,1e-07,0.9999999,1e-07,1e-07,1e-07,1e-07,1e-07,1e-07,1e-07,1e-07,1e-07,1e-07,1e-07,1e-07,1e-07,1e-07,1e-07,1e-07,1e-07,1e-07,1e-07,1e-07,1e-07,1e-07,1e-07,1e-07,1e-07
2022-08-17 05:48:14,1e-07,1e-07,1e-07,1e-07,1e-07,1e-07,1e-07,1e-07,1e-07,1e-07,1e-07,1e-07,1e-07,0.9999999,1e-07,1e-07,1e-07,1e-07,1e-07,1e-07,1e-07,1e-07,1e-07,1e-07,1e-07,1e-07,1e-07,1e-07,1e-07,1e-07,1e-07,1e-07,1e-07,1e-07,1e-07,1e-07,1e-07,1e-07,1e-07
2022-08-17 05:48:15,1e-07,1e-07,1e-07,1e-07,1e-07,1e-07,1e-07,1e-07,1e-07,1e-07,1e-07,1e-07,1e-07,0.9999999,1e-07,1e-07,1e-07,1e-07,1e-07,1e-07,1e-07,1e-07,1e-07,1e-07,1e-07,1e-07,1e-07,1e-07,1e-07,1e-07,1e-07,1e-07,1e-07,1e-07,1e-07,1e-07,1e-07,1e-07,1e-07
2022-08-17 05:48:16,1e-07,1e-07,1e-07,1e-07,1e-07,1e-07,1e-07,1e-07,1e-07,1e-07,1e-07,1e-07,1e-07,0.9999999,1e-07,1e-07,1e-07,1e-07,1e-07,1e-07,1e-07,1e-07,1e-07,1e-07,1e-07,1e-07,1e-07,1e-07,1e-07,1e-07,1e-07,1e-07,1e-07,1e-07,1e-07,1e-07,1e-07,1e-07,1e-07
2022-08-17 05:48:17,1e-07,1e-07,1e-07,1e-07,1e-07,1e-07,1e-07,1e-07,1e-07,1e-07,1e-07,1e-07,1e-07,0.9999999,1e-07,1e-07,1e-07,1e-07,1e-07,1e-07,1e-07,1e-07,1e-07,1e-07,1e-07,1e-07,1e-07,1e-07,1e-07,1e-07,1e-07,1e-07,1e-07,1e-07,1e-07,1e-07,1e-07,1e-07,1e-07
2022-08-17 05:48:18,1e-07,1e-07,1e-07,1e-07,1e-07,1e-07,1e-07,1e-07,1e-07,1e-07,1e-07,1e-07,1e-07,0.9999999,1e-07,1e-07,1e-07,1e-07,1e-07,1e-07,1e-07,1e-07,1e-07,1e-07,1e-07,1e-07,1e-07,1e-07,1e-07,1e-07,1e-07,1e-07,1e-07,1e-07,1e-07,1e-07,1e-07,1e-07,1e-07
2022-08-17 05:48:19,1e-07,1e-07,1e-07,1e-07,1e-07,1e-07,1e-07,1e-07,1e-07,1e-07,1e-07,1e-07,1e-07,0.9999999,1e-07,1e-07,1e-07,1e-07,1e-07,1e-07,1e-07,1e-07,1e-07,1e-07,1e-07,1e-07,1e-07,1e-07,1e-07,1e-07,1e-07,1e-07,1e-07,1e-07,1e-07,1e-07,1e-07,1e-07,1e-07
2022-08-17 05:48:20,1e-07,1e-07,1e-07,1e-07,1e-07,1e-07,1e-07,1e-07,1e-07,1e-07,1e-07,1e-07,1e-07,0.9999999,1e-07,1e-07,1e-07,1e-07,1e-07,1e-07,1e-07,1e-07,1e-07,1e-07,1e-07,1e-07,1e-07,1e-07,1e-07,1e-07,1e-07,1e-07,1e-07,1e-07,1e-07,1e-07,1e-07,1e-07,1e-07
2022-08-17 05:48:21,1e-07,1e-07,1e-07,1e-07,1e-07,1e-07,1e-07,1e-07,1e-07,1e-07,1e-07,1e-07,1e-07,0.9999999,1e-07,1e-07,1e-07,1e-07,1e-07,1e-07,1e-07,1e-07,1e-07,1e-07,1e-07,1e-07,1e-07,1e-07,1e-07,1e-07,1e-07,1e-07,1e-07,1e-07,1e-07,1e-07,1e-07,1e-07,1e-07
2022-08-17 05:48:22,1e-07,1e-07,1e-07,1e-07,1e-07,1e-07,1e-07,1e-07,1e-07,1e-07,1e-07,1e-07,1e-07,0.9999999,1e-07,1e-07,1e-07,1e-07,1e-07,1e-07,1e-07,1e-07,1e-07,1e-07,1e-07,1e-07,1e-07,1e-07,1e-07,1e-07,1e-07,1e-07,1e-07,1e-07,1e-07,1e-07,1e-07,1e-07,1e-07
2022-08-17 05:48:23,1e-07,1e-07,1e-07,1e-07,1e-07,1e-07,1e-07,1e-07,1e-07,1e-07,1e-07,1e-07,1e-07,0.9999999,1e-07,1e-07,1e-07,1e-07,1e-07,1e-07,1e-07,1e-07,1e-07,1e-07,1e-07,1e-07,1e-07,1e-07,1e-07,1e-07,1e-07,1e-07,1e-07,1e-07,1e-07,1e-07,1e-07,1e-07,1e-07
2022-08-17 05:48:24,1e-07,1e-07,1e-07,1e-07,1e-07,1e-07,1e-07,1e-07,1e-07,1e-07,1e-07,1e-07,1e-07,0.9999999,1e-07,1e-07,1e-07,1e-07,1e-07,1e-07,1e-07,1e-07,1e-07,1e-07,1e-07,1e-07,1e-07,1e-07,1e-07,1e-07,1e-07,1e-07,1e-07,1e-07,1e-07,1e-07,1e-07,1e-07,1e-07
2022-08-17 05:48:25,1e-07,1e-07,1e-07,1e-07,1e-07,1e-07,1e-07,1e-07,1e-07,1e-07,1e-07,1e-07,1e-07,0.9999999,1e-07,1e-07,1e-07,1e-07,1e-07,1e-07,1e-07,1e-07,1e-07,1e-07,1e-07,1e-07,1e-07,1e-07,1e-07,1e-07,1e-07,1e-07,1e-07,1e-07,1e-07,1e-07,1e-07,1e-07,1e-07
2022-08-17 05:48:26,1e-07,1e-07,1e-07,1e-07,1e-07,1e-07,1e-07,1e-07,1e-07,1e-07,1e-07,1e-07,1e-07,0.9999999,1e-07,1e-07,1e-07,1e-07,1e-07,1e-07,1e-07,1e-07,1e-07,1e-07,1e-07,1e-07,1e-07,1e-07,1e-07,1e-07,1e-07,1e-07,1e-07,1e-07,1e-07,1e-07,1e-07,1e-07,1e-07
2022-08-17 05:48:27,1e-07,1e-07,1e-07,1e-07,1e-07,1e-07,1e-07,1e-07,1e-07,1e-07,1e-07,1e-07,1e-07,0.9999999,1e-07,1e-07,1e-07,1e-07,1e-07,1e-07,1e-07,1e-07,1e-07,1e-07,1e-07,1e-07,1e-07,1e-07,1e-07,1e-07,1e-07,1e-07,1e-07,1e-07,1e-07,1e-07,1e-07,1e-07,1e-07
2022-08-17 05:48:28,1e-07,1e-07,1e-07,1e-07,1e-07,1e-07,1e-07,1e-07,1e-07,1e-07,1e-07,1e-07,1e-07,0.9999999,1e-07,1e-07,1e-07,1e-07,1e-07,1e-07,1e-07,1e-07,1e-07,1e-07,1e-07,1e-07,1e-07,1e-07,1e-07,1e-07,1e-07,1e-07,1e-07,1e-07,1e-07,1e-07,1e-07,1e-07,1e-07
2022-08-17 05:48:29,1e-07,1e-07,1e-07,1e-07,1e-07,1e-07,1e-07,1e-07,1e-07,1e-07,1e-07,1e-07,1e-07,0.9999999,1e-07,1e-07,1e-07,1e-07,1e-07,1e-07,1e-07,1e-07,1e-07,1e-07,1e-07,1e-07,1e-07,1e-07,1e-07,1e-07,1e-07,1e-07,1e-07,1e-07,1e-07,1e-07,1e-07,1e-07,1e-07
2022-08-17 05:48:30,1e-07,1e-07,1e-07,1e-07,1e-07,1e-07,1e-07,1e-07,1e-07,1e-07,1e-07,1e-07,1e-07,0.9999999,1e-07,1e-07,1e-07,1e-07,1e-07,1e-07,1e-07,1e-07,1e-07,1e-07,1e-07,1e-07,1e-07,1e-07,1e-07,1e-07,1e-07,1e-07,1e-07,1e-07,1e-07,1e-07,1e-07,1e-07,1e-07
2022-08-17 05:48:31,1e-07,1e-07,1e-07,1e-07,1e-07,1e-07,1e-07,1e-07,1e-07,1e-07,1e-07,1e-07,1e-07,0.9999999,1e-07,1e-07,1e-07,1e-07,1e-07,1e-07,1e-07,1e-07,1e-07,1e-07,1e-07,1e-07,1e-07,1e-07,1e-07,1e-07,1e-07,1e-07,1e-07,1e-07,1e-07,1e-07,1e-07,1e-07,1e-07
2022-08-17 05:48:32,1e-07,1e-07,1e-07,1e-07,1e-07,1e-07,1e-07,1e-07,1e-07,1e-07,1e-07,1e-07,1e-07,0.9999999,1e-07,1e-07,1e-07,1e-07,1e-07,1e-07,1e-07,1e-07,1e-07,1e-07,1e-07,1e-07,1e-07,1e-07,1e-07,1e-07,1e-07,1e-07,1e-07,1e-07,1e-07,1e-07,1e-07,1e-07,1e-07
2022-08-17 05:48:33,1e-07,1e-07,1e-07,1e-07,1e-07,1e-07,1e-07,1e-07,1e-07,1e-07,1e-07,1e-07,1e-07,0.9999999,1e-07,1e-07,1e-07,1e-07,1e-07,1e-07,1e-07,1e-07,1e-07,1e-07,1e-07,1e-07,1e-07,1e-07,1e-07,1e-07,1e-07,1e-07,1e-07,1e-07,1e-07,1e-07,1e-07,1e-07,1e-07
2022-08-17 05:48:34,1e-07,1e-07,1e-07,1e-07,1e-07,1e-07,1e-07,1e-07,1e-07,1e-07,1e-07,1e-07,1e-07,0.9999999,1e-07,1e-07,1e-07,1e-07,1e-07,1e-07,1e-07,1e-07,1e-07,1e-07,1e-07,1e-07,1e-07,1e-07,1e-07,1e-07,1e-07,1e-07,1e-07,1e-07,1e-07,1e-07,1e-07,1e-07,1e-07
2022-08-17 05:48:35,1e-07,1e-07,1e-07,1e-07,1e-07,1e-07,1e-07,1e-07,1e-07,1e-07,1e-07,1e-07,1e-07,0.9999999,1e-07,1e-07,1e-07,1e-07,1e-07,1e-07,1e-07,1e-07,1e-07,1e-07,1e-07,1e-07,1e-07,1e-07,1e-07,1e-07,1e-07,1e-07,1e-07,1e-07,1e-07,1e-07,1e-07,1e-07,1e-07
2022-08-17 05:48:36,1e-07,1e-07,1e-07,1e-07,1e-07,1e-07,1e-07,1e-07,1e-07,1e-07,1e-07,1e-07,1e-07,0.9999999,1e-07,1e-07,1e-07,1e-07,1e-07,1e-07,1e-07,1e-07,1e-07,1e-07,1e-07,1e-07,1e-07,1e-07,1e-07,1e-07,1e-07,1e-07,1e-07,1e-07,1e-07,1e-07,1e-07,1e-07,1e-07
2022-08-17 05:48:37,1e-07,1e-07,1e-07,1e-07,1e-07,1e-07,1e-07,1e-07,1e-07,1e-07,1e-07,1e-07,1e-07,0.9999999,1e-07,1e-07,1e-07,1e-07,1e-07,1e-07,1e-07,1e-07,1e-07,1e-07,1e-07,1e-07,1e-07,1e-07,1e-07,1e-07,1e-07,1e-07,1e-07,1e-07,1e-07,1e-07,1e-07,1e-07,1e-07
2022-08-17 05:48:38,1e-07,1e-07,1e-07,1e-07,1e-07,1e-07,1e-07,1e-07,1e-07,1e-07,1e-07,1e-07,1e-07,0.9999999,1e-07,1e-07,1e-07,1e-07,1e-07,1e-07,1e-07,1e-07,1e-07,1e-07,1e-07,1e-07,1e-07,1e-07,1e-07,1e-07,1e-07,1e-07,1e-07,1e-07,1e-07,1e-07,1e-07,1e-07,1e-07
2022-08-17 05:48:39,1e-07,1e-07,1e-07,1e-07,1e-07,1e-07,1e-07,1e-07,1e-07,1e-07,1e-07,1e-07,1e-07,0.9999999,1e-07,1e-07,1e-07,1e-07,1e-07,1e-07,1e-07,1e-07,1e-07,1e-07,1e-07,1e-07,1e-07,1e-07,1e-07,1e-07,1e-07,1e-07,1e-07,1e-07,1e-07,1e-07,1e-07,1e-07,1e-07
2022-08-17 05:48:40,1e-07,1e-07,1e-07,1e-07,1e-07,1e-07,1e-07,1e-07,1e-07,1e-07,1e-07,1e-07,1e-07,0.9999999,1e-07,1e-07,1e-07,1e-07,1e-07,1e-07,1e-07,1e-07,1e-07,1e-07,1e-07,1e-07,1e-07,1e-07,1e-07,1e-07,1e-07,1e-07,1e-07,1e-07,1e-07,1e-07,1e-07,1e-07,1e-07
2022-08-17 05:48:41,1e-07,1e-07,1e-07,1e-07,1e-07,1e-07,1e-07,1e-07,1e-07,1e-07,1e-07,1e-07,1e-07,0.9999999,1e-07,1e-07,1e-07,1e-07,1e-07,1e-07,1e-07,1e-07,1e-07,1e-07,1e-07,1e-07,1e-07,1e-07,1e-07,1e-07,1e-07,1e-07,1e-07,1e-07,1e-07,1e-07,1e-07,1e-07,1e-07
2022-08-17 05:48:42,1e-07,1e-07,1e-07,1e-07,1e-07,1e-07,1e-07,1e-07,1e-07,1e-07,1e-07,1e-07,1e-07,0.9999999,1e-07,1e-07,1e-07,1e-07,1e-07,1e-07,1e-07,1e-07,1e-07,1e-07,1e-07,1e-07,1e-07,1e-07,1e-07,1e-07,1e-07,1e-07,1e-07,1e-07,1e-07,1e-07,1e-07,1e-07,1e-07
2022-08-17 05:48:43,1e-07,1e-07,1e-07,1e-07,1e-07,1e-07,1e-07,1e-07,1e-07,1e-07,1e-07,1e-07,1e-07,0.9999999,1e-07,1e-07,1e-07,1e-07,1e-07,1e-07,1e-07,1e-07,1e-07,1e-07,1e-07,1e-07,1e-07,1e-07,1e-07,1e-07,1e-07,1e-07,1e-07,1e-07,1e-07,1e-07,1e-07,1e-07,1e-07
2022-08-17 05:48:44,1e-07,1e-07,1e-07,1e-07,1e-07,1e-07,1e-07,1e-07,1e-07,1e-07,1e-07,1e-07,1e-07,0.9999999,1e-07,1e-07,1e-07,1e-07,1e-07,1e-07,1e-07,1e-07,1e-07,1e-07,1e-07,1e-07,1e-07,1e-07,1e-07,1e-07,1e-07,1e-07,1e-07,1e-07,1e-07,1e-07,1e-07,1e-07,1e-07
2022-08-17 05:48:45,1e-07,1e-07,1e-07,1e-07,1e-07,1e-07,1e-07,1e-07,1e-07,1e-07,1e-07,1e-07,1e-07,0.9999999,1e-07,1e-07,1e-07,1e-07,1e-07,1e-07,1e-07,1e-07,1e-07,1e-07,1e-07,1e-07,1e-07,1e-07,1e-07,1e-07,1e-07,1e-07,1e-07,1e-07,1e-07,1e-07,1e-07,1e-07,1e-07
2022-08-17 05:48:46,1e-07,1e-07,1e-07,1e-07,1e-07,1e-07,1e-07,1e-07,1e-07,1e-07,1e-07,1e-07,1e-07,0.9999999,1e-07,1e-07,1e-07,1e-07,1e-07,1e-07,1e-07,1e-07,1e-07,1e-07,1e-07,1e-07,1e-07,1e-07,1e-07,1e-07,1e-07,1e-07,1e-07,1e-07,1e-07,1e-07,1e-07,1e-07,1e-07
2022-08-17 05:48:47,1e-07,1e-07,1e-07,1e-07,1e-07,1e-07,1e-07,1e-07,1e-07,1e-07,1e-07,1e-07,1e-07,0.9999999,1e-07,1e-07,1e-07,1e-07,1e-07,1e-07,1e-07,1e-07,1e-07,1e-07,1e-07,1e-07,1e-07,1e-07,1e-07,1e-07,1e-07,1e-07,1e-07,1e-07,1e-07,1e-07,1e-07,1e-07,1e-07
2022-08-17 05:48:48,1e-07,1e-07,1e-07,1e-07,1e-07,1e-07,1e-07,1e-07,1e-07,1e-07,1e-07,1e-07,1e-07,0.9999999,1e-07,1e-07,1e-07,1e-07,1e-07,1e-07,1e-07,1e-07,1e-07,1e-07,1e-07,1e-07,1e-07,1e-07,1e-07,1e-07,1e-07,1e-07,1e-07,1e-07,1e-07,1e-07,1e-07,1e-07,1e-07
2022-08-17 05:48:49,1e-07,1e-07,1e-07,1e-07,1e-07,1e-07,1e-07,1e-07,1e-07,1e-07,1e-07,1e-07,1e-07,0.9999999,1e-07,1e-07,1e-07,1e-07,1e-07,1e-07,1e-07,1e-07,1e-07,1e-07,1e-07,1e-07,1e-07,1e-07,1e-07,1e-07,1e-07,1e-07,1e-07,1e-07,1e-07,1e-07,1e-07,1e-07,1e-07
2022-08-17 05:48:50,1e-07,1e-07,1e-07,1e-07,1e-07,1e-07,1e-07,1e-07,1e-07,1e-07,1e-07,1e-07,1e-07,0.9999999,1e-07,1e-07,1e-07,1e-07,1e-07,1e-07,1e-07,1e-07,1e-07,1e-07,1e-07,1e-07,1e-07,1e-07,1e-07,1e-07,1e-07,1e-07,1e-07,1e-07,1e-07,1e-07,1e-07,1e-07,1e-07
2022-08-17 05:48:51,1e-07,1e-07,1e-07,1e-07,1e-07,1e-07,1e-07,1e-07,1e-07,1e-07,1e-07,1e-07,1e-07,0.9999999,1e-07,1e-07,1e-07,1e-07,1e-07,1e-07,1e-07,1e-07,1e-07,1e-07,1e-07,1e-07,1e-07,1e-07,1e-07,1e-07,1e-07,1e-07,1e-07,1e-07,1e-07,1e-07,1e-07,1e-07,1e-07
2022-08-17 05:48:52,1e-07,1e-07,1e-07,1e-07,1e-07,1e-07,1e-07,1e-07,1e-07,1e-07,1e-07,1e-07,1e-07,0.9999999,1e-07,1e-07,1e-07,1e-07,1e-07,1e-07,1e-07,1e-07,1e-07,1e-07,1e-07,1e-07,1e-07,1e-07,1e-07,1e-07,1e-07,1e-07,1e-07,1e-07,1e-07,1e-07,1e-07,1e-07,1e-07
2022-08-17 05:48:53,1e-07,1e-07,1e-07,1e-07,1e-07,1e-07,1e-07,1e-07,1e-07,1e-07,1e-07,1e-07,1e-07,0.9999999,1e-07,1e-07,1e-07,1e-07,1e-07,1e-07,1e-07,1e-07,1e-07,1e-07,1e-07,1e-07,1e-07,1e-07,1e-07,1e-07,1e-07,1e-07,1e-07,1e-07,1e-07,1e-07,1e-07,1e-07,1e-07
2022-08-17 05:48:54,1e-07,1e-07,1e-07,1e-07,1e-07,1e-07,1e-07,1e-07,1e-07,1e-07,1e-07,1e-07,1e-07,0.9999999,1e-07,1e-07,1e-07,1e-07,1e-07,1e-07,1e-07,1e-07,1e-07,1e-07,1e-07,1e-07,1e-07,1e-07,1e-07,1e-07,1e-07,1e-07,1e-07,1e-07,1e-07,1e-07,1e-07,1e-07,1e-07
2022-08-17 05:48:55,1e-07,1e-07,1e-07,1e-07,1e-07,1e-07,1e-07,1e-07,1e-07,1e-07,1e-07,1e-07,1e-07,0.9999999,1e-07,1e-07,1e-07,1e-07,1e-07,1e-07,1e-07,1e-07,1e-07,1e-07,1e-07,1e-07,1e-07,1e-07,1e-07,1e-07,1e-07,1e-07,1e-07,1e-07,1e-07,1e-07,1e-07,1e-07,1e-07
2022-08-17 05:48:56,1e-07,1e-07,1e-07,1e-07,1e-07,1e-07,1e-07,1e-07,1e-07,1e-07,1e-07,1e-07,1e-07,0.9999999,1e-07,1e-07,1e-07,1e-07,1e-07,1e-07,1e-07,1e-07,1e-07,1e-07,1e-07,1e-07,1e-07,1e-07,1e-07,1e-07,1e-07,1e-07,1e-07,1e-07,1e-07,1e-07,1e-07,1e-07,1e-07
2022-08-17 05:48:57,1e-07,1e-07,1e-07,1e-07,1e-07,1e-07,1e-07,1e-07,1e-07,1e-07,1e-07,1e-07,1e-07,0.9999999,1e-07,1e-07,1e-07,1e-07,1e-07,1e-07,1e-07,1e-07,1e-07,1e-07,1e-07,1e-07,1e-07,1e-07,1e-07,1e-07,1e-07,1e-07,1e-07,1e-07,1e-07,1e-07,1e-07,1e-07,1e-07
2022-08-17 05:48:58,1e-07,1e-07,1e-07,1e-07,1e-07,1e-07,1e-07,1e-07,1e-07,1e-07,1e-07,1e-07,1e-07,0.9999999,1e-07,1e-07,1e-07,1e-07,1e-07,1e-07,1e-07,1e-07,1e-07,1e-07,1e-07,1e-07,1e-07,1e-07,1e-07,1e-07,1e-07,1e-07,1e-07,1e-07,1e-07,1e-07,1e-07,1e-07,1e-07
2022-08-17 05:48:59,1e-07,1e-07,1e-07,1e-07,1e-07,1e-07,1e-07,1e-07,1e-07,1e-07,1e-07,1e-07,1e-07,0.9999999,1e-07,1e-07,1e-07,1e-07,1e-07,1e-07,1e-07,1e-07,1e-07,1e-07,1e-07,1e-07,1e-07,1e-07,1e-07,1e-07,1e-07,1e-07,1e-07,1e-07,1e-07,1e-07,1e-07,1e-07,1e-07
2022-08-17 06:22:00,1e-07,1e-07,1e-07,1e-07,1e-07,1e-07,1e-07,1e-07,1e-07,1e-07,1e-07,1e-07,1e-07,1e-07,0.9999999,1e-07,1e-07,1e-07,1e-07,1e-07,1e-07,1e-07,1e-07,1e-07,1e-07,1e-07,1e-07,1e-07,1e-07,1e-07,1e-07,1e-07,1e-07,1e-07,1e-07,1e-07,1e-07,1e-07,1e-07
2022-08-17 06:22:01,1e-07,1e-07,1e-07,1e-07,1e-07,1e-07,1e-07,1e-07,1e-07,1e-07,1e-07,1e-07,1e-07,1e-07,0.9999999,1e-07,1e-07,1e-07,1e-07,1e-07,1e-07,1e-07,1e-07,1e-07,1e-07,1e-07,1e-07,1e-07,1e-07,1e-07,1e-07,1e-07,1e-07,1e-07,1e-07,1e-07,1e-07,1e-07,1e-07
2022-08-17 06:22:02,1e-07,1e-07,1e-07,1e-07,1e-07,1e-07,1e-07,1e-07,1e-07,1e-07,1e-07,1e-07,1e-07,1e-07,0.9999999,1e-07,1e-07,1e-07,1e-07,1e-07,1e-07,1e-07,1e-07,1e-07,1e-07,1e-07,1e-07,1e-07,1e-07,1e-07,1e-07,1e-07,1e-07,1e-07,1e-07,1e-07,1e-07,1e-07,1e-07
2022-08-17 06:22:03,1e-07,1e-07,1e-07,1e-07,1e-07,1e-07,1e-07,1e-07,1e-07,1e-07,1e-07,1e-07,1e-07,1e-07,0.9999999,1e-07,1e-07,1e-07,1e-07,1e-07,1e-07,1e-07,1e-07,1e-07,1e-07,1e-07,1e-07,1e-07,1e-07,1e-07,1e-07,1e-07,1e-07,1e-07,1e-07,1e-07,1e-07,1e-07,1e-07
2022-08-17 06:22:04,1e-07,1e-07,1e-07,1e-07,1e-07,1e-07,1e-07,1e-07,1e-07,1e-07,1e-07,1e-07,1e-07,1e-07,0.9999999,1e-07,1e-07,1e-07,1e-07,1e-07,1e-07,1e-07,1e-07,1e-07,1e-07,1e-07,1e-07,1e-07,1e-07,1e-07,1e-07,1e-07,1e-07,1e-07,1e-07,1e-07,1e-07,1e-07,1e-07
2022-08-17 06:22:05,1e-07,1e-07,1e-07,1e-07,1e-07,1e-07,1e-07,1e-07,1e-07,1e-07,1e-07,1e-07,1e-07,1e-07,0.9999999,1e-07,1e-07,1e-07,1e-07,1e-07,1e-07,1e-07,1e-07,1e-07,1e-07,1e-07,1e-07,1e-07,1e-07,1e-07,1e-07,1e-07,1e-07,1e-07,1e-07,1e-07,1e-07,1e-07,1e-07
2022-08-17 06:22:06,1e-07,1e-07,1e-07,1e-07,1e-07,1e-07,1e-07,1e-07,1e-07,1e-07,1e-07,1e-07,1e-07,1e-07,0.9999999,1e-07,1e-07,1e-07,1e-07,1e-07,1e-07,1e-07,1e-07,1e-07,1e-07,1e-07,1e-07,1e-07,1e-07,1e-07,1e-07,1e-07,1e-07,1e-07,1e-07,1e-07,1e-07,1e-07,1e-07
2022-08-17 06:22:07,1e-07,1e-07,1e-07,1e-07,1e-07,1e-07,1e-07,1e-07,1e-07,1e-07,1e-07,1e-07,1e-07,1e-07,0.9999999,1e-07,1e-07,1e-07,1e-07,1e-07,1e-07,1e-07,1e-07,1e-07,1e-07,1e-07,1e-07,1e-07,1e-07,1e-07,1e-07,1e-07,1e-07,1e-07,1e-07,1e-07,1e-07,1e-07,1e-07
2022-08-17 06:22:08,1e-07,1e-07,1e-07,1e-07,1e-07,1e-07,1e-07,1e-07,1e-07,1e-07,1e-07,1e-07,1e-07,1e-07,0.9999999,1e-07,1e-07,1e-07,1e-07,1e-07,1e-07,1e-07,1e-07,1e-07,1e-07,1e-07,1e-07,1e-07,1e-07,1e-07,1e-07,1e-07,1e-07,1e-07,1e-07,1e-07,1e-07,1e-07,1e-07
2022-08-17 06:22:09,1e-07,1e-07,1e-07,1e-07,1e-07,1e-07,1e-07,1e-07,1e-07,1e-07,1e-07,1e-07,1e-07,1e-07,0.9999999,1e-07,1e-07,1e-07,1e-07,1e-07,1e-07,1e-07,1e-07,1e-07,1e-07,1e-07,1e-07,1e-07,1e-07,1e-07,1e-07,1e-07,1e-07,1e-07,1e-07,1e-07,1e-07,1e-07,1e-07
2022-08-17 06:22:10,1e-07,1e-07,1e-07,1e-07,1e-07,1e-07,1e-07,1e-07,1e-07,1e-07,1e-07,1e-07,1e-07,1e-07,0.9999999,1e-07,1e-07,1e-07,1e-07,1e-07,1e-07,1e-07,1e-07,1e-07,1e-07,1e-07,1e-07,1e-07,1e-07,1e-07,1e-07,1e-07,1e-07,1e-07,1e-07,1e-07,1e-07,1e-07,1e-07
2022-08-17 06:22:11,1e-07,1e-07,1e-07,1e-07,1e-07,1e-07,1e-07,1e-07,1e-07,1e-07,1e-07,1e-07,1e-07,1e-07,0.9999999,1e-07,1e-07,1e-07,1e-07,1e-07,1e-07,1e-07,1e-07,1e-07,1e-07,1e-07,1e-07,1e-07,1e-07,1e-07,1e-07,1e-07,1e-07,1e-07,1e-07,1e-07,1e-07,1e-07,1e-07
2022-08-17 06:22:12,1e-07,1e-07,1e-07,1e-07,1e-07,1e-07,1e-07,1e-07,1e-07,1e-07,1e-07,1e-07,1e-07,1e-07,0.9999999,1e-07,1e-07,1e-07,1e-07,1e-07,1e-07,1e-07,1e-07,1e-07,1e-07,1e-07,1e-07,1e-07,1e-07,1e-07,1e-07,1e-07,1e-07,1e-07,1e-07,1e-07,1e-07,1e-07,1e-07
2022-08-17 06:22:13,1e-07,1e-07,1e-07,1e-07,1e-07,1e-07,1e-07,1e-07,1e-07,1e-07,1e-07,1e-07,1e-07,1e-07,0.9999999,1e-07,1e-07,1e-07,1e-07,1e-07,1e-07,1e-07,1e-07,1e-07,1e-07,1e-07,1e-07,1e-07,1e-07,1e-07,1e-07,1e-07,1e-07,1e-07,1e-07,1e-07,1e-07,1e-07,1e-07
2022-08-17 06:22:14,1e-07,1e-07,1e-07,1e-07,1e-07,1e-07,1e-07,1e-07,1e-07,1e-07,1e-07,1e-07,1e-07,1e-07,0.9999999,1e-07,1e-07,1e-07,1e-07,1e-07,1e-07,1e-07,1e-07,1e-07,1e-07,1e-07,1e-07,1e-07,1e-07,1e-07,1e-07,1e-07,1e-07,1e-07,1e-07,1e-07,1e-07,1e-07,1e-07
2022-08-17 06:22:15,1e-07,1e-07,1e-07,1e-07,1e-07,1e-07,1e-07,1e-07,1e-07,1e-07,1e-07,1e-07,1e-07,1e-07,0.9999999,1e-07,1e-07,1e-07,1e-07,1e-07,1e-07,1e-07,1e-07,1e-07,1e-07,1e-07,1e-07,1e-07,1e-07,1e-07,1e-07,1e-07,1e-07,1e-07,1e-07,1e-07,1e-07,1e-07,1e-07
2022-08-17 06:22:16,1e-07,1e-07,1e-07,1e-07,1e-07,1e-07,1e-07,1e-07,1e-07,1e-07,1e-07,1e-07,1e-07,1e-07,0.9999999,1e-07,1e-07,1e-07,1e-07,1e-07,1e-07,1e-07,1e-07,1e-07,1e-07,1e-07,1e-07,1e-07,1e-07,1e-07,1e-07,1e-07,1e-07,1e-07,1e-07,1e-07,1e-07,1e-07,1e-07
2022-08-17 06:22:17,1e-07,1e-07,1e-07,1e-07,1e-07,1e-07,1e-07,1e-07,1e-07,1e-07,1e-07,1e-07,1e-07,1e-07,0.9999999,1e-07,1e-07,1e-07,1e-07,1e-07,1e-07,1e-07,1e-07,1e-07,1e-07,1e-07,1e-07,1e-07,1e-07,1e-07,1e-07,1e-07,1e-07,1e-07,1e-07,1e-07,1e-07,1e-07,1e-07
2022-08-17 06:22:18,1e-07,1e-07,1e-07,1e-07,1e-07,1e-07,1e-07,1e-07,1e-07,1e-07,1e-07,1e-07,1e-07,1e-07,0.9999999,1e-07,1e-07,1e-07,1e-07,1e-07,1e-07,1e-07,1e-07,1e-07,1e-07,1e-07,1e-07,1e-07,1e-07,1e-07,1e-07,1e-07,1e-07,1e-07,1e-07,1e-07,1e-07,1e-07,1e-07
2022-08-17 06:22:19,1e-07,1e-07,1e-07,1e-07,1e-07,1e-07,1e-07,1e-07,1e-07,1e-07,1e-07,1e-07,1e-07,1e-07,0.9999999,1e-07,1e-07,1e-07,1e-07,1e-07,1e-07,1e-07,1e-07,1e-07,1e-07,1e-07,1e-07,1e-07,1e-07,1e-07,1e-07,1e-07,1e-07,1e-07,1e-07,1e-07,1e-07,1e-07,1e-07
2022-08-17 06:22:20,1e-07,1e-07,1e-07,1e-07,1e-07,1e-07,1e-07,1e-07,1e-07,1e-07,1e-07,1e-07,1e-07,1e-07,0.9999999,1e-07,1e-07,1e-07,1e-07,1e-07,1e-07,1e-07,1e-07,1e-07,1e-07,1e-07,1e-07,1e-07,1e-07,1e-07,1e-07,1e-07,1e-07,1e-07,1e-07,1e-07,1e-07,1e-07,1e-07
2022-08-17 06:22:21,1e-07,1e-07,1e-07,1e-07,1e-07,1e-07,1e-07,1e-07,1e-07,1e-07,1e-07,1e-07,1e-07,1e-07,0.9999999,1e-07,1e-07,1e-07,1e-07,1e-07,1e-07,1e-07,1e-07,1e-07,1e-07,1e-07,1e-07,1e-07,1e-07,1e-07,1e-07,1e-07,1e-07,1e-07,1e-07,1e-07,1e-07,1e-07,1e-07
2022-08-17 06:22:22,1e-07,1e-07,1e-07,1e-07,1e-07,1e-07,1e-07,1e-07,1e-07,1e-07,1e-07,1e-07,1e-07,1e-07,0.9999999,1e-07,1e-07,1e-07,1e-07,1e-07,1e-07,1e-07,1e-07,1e-07,1e-07,1e-07,1e-07,1e-07,1e-07,1e-07,1e-07,1e-07,1e-07,1e-07,1e-07,1e-07,1e-07,1e-07,1e-07
2022-08-17 06:22:23,1e-07,1e-07,1e-07,1e-07,1e-07,1e-07,1e-07,1e-07,1e-07,1e-07,1e-07,1e-07,1e-07,1e-07,0.9999999,1e-07,1e-07,1e-07,1e-07,1e-07,1e-07,1e-07,1e-07,1e-07,1e-07,1e-07,1e-07,1e-07,1e-07,1e-07,1e-07,1e-07,1e-07,1e-07,1e-07,1e-07,1e-07,1e-07,1e-07
2022-08-17 06:22:24,1e-07,1e-07,1e-07,1e-07,1e-07,1e-07,1e-07,1e-07,1e-07,1e-07,1e-07,1e-07,1e-07,1e-07,0.9999999,1e-07,1e-07,1e-07,1e-07,1e-07,1e-07,1e-07,1e-07,1e-07,1e-07,1e-07,1e-07,1e-07,1e-07,1e-07,1e-07,1e-07,1e-07,1e-07,1e-07,1e-07,1e-07,1e-07,1e-07
2022-08-17 06:22:25,1e-07,1e-07,1e-07,1e-07,1e-07,1e-07,1e-07,1e-07,1e-07,1e-07,1e-07,1e-07,1e-07,1e-07,0.9999999,1e-07,1e-07,1e-07,1e-07,1e-07,1e-07,1e-07,1e-07,1e-07,1e-07,1e-07,1e-07,1e-07,1e-07,1e-07,1e-07,1e-07,1e-07,1e-07,1e-07,1e-07,1e-07,1e-07,1e-07
2022-08-17 06:22:26,1e-07,1e-07,1e-07,1e-07,1e-07,1e-07,1e-07,1e-07,1e-07,1e-07,1e-07,1e-07,1e-07,1e-07,0.9999999,1e-07,1e-07,1e-07,1e-07,1e-07,1e-07,1e-07,1e-07,1e-07,1e-07,1e-07,1e-07,1e-07,1e-07,1e-07,1e-07,1e-07,1e-07,1e-07,1e-07,1e-07,1e-07,1e-07,1e-07
2022-08-17 06:22:27,1e-07,1e-07,1e-07,1e-07,1e-07,1e-07,1e-07,1e-07,1e-07,1e-07,1e-07,1e-07,1e-07,1e-07,0.9999999,1e-07,1e-07,1e-07,1e-07,1e-07,1e-07,1e-07,1e-07,1e-07,1e-07,1e-07,1e-07,1e-07,1e-07,1e-07,1e-07,1e-07,1e-07,1e-07,1e-07,1e-07,1e-07,1e-07,1e-07
2022-08-17 06:22:28,1e-07,1e-07,1e-07,1e-07,1e-07,1e-07,1e-07,1e-07,1e-07,1e-07,1e-07,1e-07,1e-07,1e-07,0.9999999,1e-07,1e-07,1e-07,1e-07,1e-07,1e-07,1e-07,1e-07,1e-07,1e-07,1e-07,1e-07,1e-07,1e-07,1e-07,1e-07,1e-07,1e-07,1e-07,1e-07,1e-07,1e-07,1e-07,1e-07
2022-08-17 06:22:29,1e-07,1e-07,1e-07,1e-07,1e-07,1e-07,1e-07,1e-07,1e-07,1e-07,1e-07,1e-07,1e-07,1e-07,0.9999999,1e-07,1e-07,1e-07,1e-07,1e-07,1e-07,1e-07,1e-07,1e-07,1e-07,1e-07,1e-07,1e-07,1e-07,1e-07,1e-07,1e-07,1e-07,1e-07,1e-07,1e-07,1e-07,1e-07,1e-07
2022-08-17 06:22:30,1e-07,1e-07,1e-07,1e-07,1e-07,1e-07,1e-07,1e-07,1e-07,1e-07,1e-07,1e-07,1e-07,1e-07,0.9999999,1e-07,1e-07,1e-07,1e-07,1e-07,1e-07,1e-07,1e-07,1e-07,1e-07,1e-07,1e-07,1e-07,1e-07,1e-07,1e-07,1e-07,1e-07,1e-07,1e-07,1e-07,1e-07,1e-07,1e-07
2022-08-17 06:22:31,1e-07,1e-07,1e-07,1e-07,1e-07,1e-07,1e-07,1e-07,1e-07,1e-07,1e-07,1e-07,1e-07,1e-07,0.9999999,1e-07,1e-07,1e-07,1e-07,1e-07,1e-07,1e-07,1e-07,1e-07,1e-07,1e-07,1e-07,1e-07,1e-07,1e-07,1e-07,1e-07,1e-07,1e-07,1e-07,1e-07,1e-07,1e-07,1e-07
2022-08-17 06:22:32,1e-07,1e-07,1e-07,1e-07,1e-07,1e-07,1e-07,1e-07,1e-07,1e-07,1e-07,1e-07,1e-07,1e-07,0.9999999,1e-07,1e-07,1e-07,1e-07,1e-07,1e-07,1e-07,1e-07,1e-07,1e-07,1e-07,1e-07,1e-07,1e-07,1e-07,1e-07,1e-07,1e-07,1e-07,1e-07,1e-07,1e-07,1e-07,1e-07
2022-08-17 06:22:33,1e-07,1e-07,1e-07,1e-07,1e-07,1e-07,1e-07,1e-07,1e-07,1e-07,1e-07,1e-07,1e-07,1e-07,0.9999999,1e-07,1e-07,1e-07,1e-07,1e-07,1e-07,1e-07,1e-07,1e-07,1e-07,1e-07,1e-07,1e-07,1e-07,1e-07,1e-07,1e-07,1e-07,1e-07,1e-07,1e-07,1e-07,1e-07,1e-07
2022-08-17 06:22:34,1e-07,1e-07,1e-07,1e-07,1e-07,1e-07,1e-07,1e-07,1e-07,1e-07,1e-07,1e-07,1e-07,1e-07,0.9999999,1e-07,1e-07,1e-07,1e-07,1e-07,1e-07,1e-07,1e-07,1e-07,1e-07,1e-07,1e-07,1e-07,1e-07,1e-07,1e-07,1e-07,1e-07,1e-07,1e-07,1e-07,1e-07,1e-07,1e-07
2022-08-17 06:22:35,1e-07,1e-07,1e-07,1e-07,1e-07,1e-07,1e-07,1e-07,1e-07,1e-07,1e-07,1e-07,1e-07,1e-07,0.9999999,1e-07,1e-07,1e-07,1e-07,1e-07,1e-07,1e-07,1e-07,1e-07,1e-07,1e-07,1e-07,1e-07,1e-07,1e-07,1e-07,1e-07,1e-07,1e-07,1e-07,1e-07,1e-07,1e-07,1e-07
2022-08-17 06:22:36,1e-07,1e-07,1e-07,1e-07,1e-07,1e-07,1e-07,1e-07,1e-07,1e-07,1e-07,1e-07,1e-07,1e-07,0.9999999,1e-07,1e-07,1e-07,1e-07,1e-07,1e-07,1e-07,1e-07,1e-07,1e-07,1e-07,1e-07,1e-07,1e-07,1e-07,1e-07,1e-07,1e-07,1e-07,1e-07,1e-07,1e-07,1e-07,1e-07
2022-08-17 06:22:37,1e-07,1e-07,1e-07,1e-07,1e-07,1e-07,1e-07,1e-07,1e-07,1e-07,1e-07,1e-07,1e-07,1e-07,0.9999999,1e-07,1e-07,1e-07,1e-07,1e-07,1e-07,1e-07,1e-07,1e-07,1e-07,1e-07,1e-07,1e-07,1e-07,1e-07,1e-07,1e-07,1e-07,1e-07,1e-07,1e-07,1e-07,1e-07,1e-07
2022-08-17 06:22:38,1e-07,1e-07,1e-07,1e-07,1e-07,1e-07,1e-07,1e-07,1e-07,1e-07,1e-07,1e-07,1e-07,1e-07,0.9999999,1e-07,1e-07,1e-07,1e-07,1e-07,1e-07,1e-07,1e-07,1e-07,1e-07,1e-07,1e-07,1e-07,1e-07,1e-07,1e-07,1e-07,1e-07,1e-07,1e-07,1e-07,1e-07,1e-07,1e-07
2022-08-17 06:22:39,1e-07,1e-07,1e-07,1e-07,1e-07,1e-07,1e-07,1e-07,1e-07,1e-07,1e-07,1e-07,1e-07,1e-07,0.9999999,1e-07,1e-07,1e-07,1e-07,1e-07,1e-07,1e-07,1e-07,1e-07,1e-07,1e-07,1e-07,1e-07,1e-07,1e-07,1e-07,1e-07,1e-07,1e-07,1e-07,1e-07,1e-07,1e-07,1e-07
2022-08-17 06:22:40,1e-07,1e-07,1e-07,1e-07,1e-07,1e-07,1e-07,1e-07,1e-07,1e-07,1e-07,1e-07,1e-07,1e-07,0.9999999,1e-07,1e-07,1e-07,1e-07,1e-07,1e-07,1e-07,1e-07,1e-07,1e-07,1e-07,1e-07,1e-07,1e-07,1e-07,1e-07,1e-07,1e-07,1e-07,1e-07,1e-07,1e-07,1e-07,1e-07
2022-08-17 06:22:41,1e-07,1e-07,1e-07,1e-07,1e-07,1e-07,1e-07,1e-07,1e-07,1e-07,1e-07,1e-07,1e-07,1e-07,0.9999999,1e-07,1e-07,1e-07,1e-07,1e-07,1e-07,1e-07,1e-07,1e-07,1e-07,1e-07,1e-07,1e-07,1e-07,1e-07,1e-07,1e-07,1e-07,1e-07,1e-07,1e-07,1e-07,1e-07,1e-07
2022-08-17 06:22:42,1e-07,1e-07,1e-07,1e-07,1e-07,1e-07,1e-07,1e-07,1e-07,1e-07,1e-07,1e-07,1e-07,1e-07,0.9999999,1e-07,1e-07,1e-07,1e-07,1e-07,1e-07,1e-07,1e-07,1e-07,1e-07,1e-07,1e-07,1e-07,1e-07,1e-07,1e-07,1e-07,1e-07,1e-07,1e-07,1e-07,1e-07,1e-07,1e-07
2022-08-17 06:22:43,1e-07,1e-07,1e-07,1e-07,1e-07,1e-07,1e-07,1e-07,1e-07,1e-07,1e-07,1e-07,1e-07,1e-07,0.9999999,1e-07,1e-07,1e-07,1e-07,1e-07,1e-07,1e-07,1e-07,1e-07,1e-07,1e-07,1e-07,1e-07,1e-07,1e-07,1e-07,1e-07,1e-07,1e-07,1e-07,1e-07,1e-07,1e-07,1e-07
2022-08-17 06:22:44,1e-07,1e-07,1e-07,1e-07,1e-07,1e-07,1e-07,1e-07,1e-07,1e-07,1e-07,1e-07,1e-07,1e-07,0.9999999,1e-07,1e-07,1e-07,1e-07,1e-07,1e-07,1e-07,1e-07,1e-07,1e-07,1e-07,1e-07,1e-07,1e-07,1e-07,1e-07,1e-07,1e-07,1e-07,1e-07,1e-07,1e-07,1e-07,1e-07
2022-08-17 06:22:45,1e-07,1e-07,1e-07,1e-07,1e-07,1e-07,1e-07,1e-07,1e-07,1e-07,1e-07,1e-07,1e-07,1e-07,0.9999999,1e-07,1e-07,1e-07,1e-07,1e-07,1e-07,1e-07,1e-07,1e-07,1e-07,1e-07,1e-07,1e-07,1e-07,1e-07,1e-07,1e-07,1e-07,1e-07,1e-07,1e-07,1e-07,1e-07,1e-07
2022-08-17 06:22:46,1e-07,1e-07,1e-07,1e-07,1e-07,1e-07,1e-07,1e-07,1e-07,1e-07,1e-07,1e-07,1e-07,1e-07,0.9999999,1e-07,1e-07,1e-07,1e-07,1e-07,1e-07,1e-07,1e-07,1e-07,1e-07,1e-07,1e-07,1e-07,1e-07,1e-07,1e-07,1e-07,1e-07,1e-07,1e-07,1e-07,1e-07,1e-07,1e-07
2022-08-17 06:22:47,1e-07,1e-07,1e-07,1e-07,1e-07,1e-07,1e-07,1e-07,1e-07,1e-07,1e-07,1e-07,1e-07,1e-07,0.9999999,1e-07,1e-07,1e-07,1e-07,1e-07,1e-07,1e-07,1e-07,1e-07,1e-07,1e-07,1e-07,1e-07,1e-07,1e-07,1e-07,1e-07,1e-07,1e-07,1e-07,1e-07,1e-07,1e-07,1e-07
2022-08-17 06:22:48,1e-07,1e-07,1e-07,1e-07,1e-07,1e-07,1e-07,1e-07,1e-07,1e-07,1e-07,1e-07,1e-07,1e-07,0.9999999,1e-07,1e-07,1e-07,1e-07,1e-07,1e-07,1e-07,1e-07,1e-07,1e-07,1e-07,1e-07,1e-07,1e-07,1e-07,1e-07,1e-07,1e-07,1e-07,1e-07,1e-07,1e-07,1e-07,1e-07
2022-08-17 06:22:49,1e-07,1e-07,1e-07,1e-07,1e-07,1e-07,1e-07,1e-07,1e-07,1e-07,1e-07,1e-07,1e-07,1e-07,0.9999999,1e-07,1e-07,1e-07,1e-07,1e-07,1e-07,1e-07,1e-07,1e-07,1e-07,1e-07,1e-07,1e-07,1e-07,1e-07,1e-07,1e-07,1e-07,1e-07,1e-07,1e-07,1e-07,1e-07,1e-07
2022-08-17 06:22:50,1e-07,1e-07,1e-07,1e-07,1e-07,1e-07,1e-07,1e-07,1e-07,1e-07,1e-07,1e-07,1e-07,1e-07,0.9999999,1e-07,1e-07,1e-07,1e-07,1e-07,1e-07,1e-07,1e-07,1e-07,1e-07,1e-07,1e-07,1e-07,1e-07,1e-07,1e-07,1e-07,1e-07,1e-07,1e-07,1e-07,1e-07,1e-07,1e-07
2022-08-17 06:22:51,1e-07,1e-07,1e-07,1e-07,1e-07,1e-07,1e-07,1e-07,1e-07,1e-07,1e-07,1e-07,1e-07,1e-07,0.9999999,1e-07,1e-07,1e-07,1e-07,1e-07,1e-07,1e-07,1e-07,1e-07,1e-07,1e-07,1e-07,1e-07,1e-07,1e-07,1e-07,1e-07,1e-07,1e-07,1e-07,1e-07,1e-07,1e-07,1e-07
2022-08-17 06:22:52,1e-07,1e-07,1e-07,1e-07,1e-07,1e-07,1e-07,1e-07,1e-07,1e-07,1e-07,1e-07,1e-07,1e-07,0.9999999,1e-07,1e-07,1e-07,1e-07,1e-07,1e-07,1e-07,1e-07,1e-07,1e-07,1e-07,1e-07,1e-07,1e-07,1e-07,1e-07,1e-07,1e-07,1e-07,1e-07,1e-07,1e-07,1e-07,1e-07
2022-08-17 06:22:53,1e-07,1e-07,1e-07,1e-07,1e-07,1e-07,1e-07,1e-07,1e-07,1e-07,1e-07,1e-07,1e-07,1e-07,0.9999999,1e-07,1e-07,1e-07,1e-07,1e-07,1e-07,1e-07,1e-07,1e-07,1e-07,1e-07,1e-07,1e-07,1e-07,1e-07,1e-07,1e-07,1e-07,1e-07,1e-07,1e-07,1e-07,1e-07,1e-07
2022-08-17 06:22:54,1e-07,1e-07,1e-07,1e-07,1e-07,1e-07,1e-07,1e-07,1e-07,1e-07,1e-07,1e-07,1e-07,1e-07,0.9999999,1e-07,1e-07,1e-07,1e-07,1e-07,1e-07,1e-07,1e-07,1e-07,1e-07,1e-07,1e-07,1e-07,1e-07,1e-07,1e-07,1e-07,1e-07,1e-07,1e-07,1e-07,1e-07,1e-07,1e-07
2022-08-17 06:22:55,1e-07,1e-07,1e-07,1e-07,1e-07,1e-07,1e-07,1e-07,1e-07,1e-07,1e-07,1e-07,1e-07,1e-07,0.9999999,1e-07,1e-07,1e-07,1e-07,1e-07,1e-07,1e-07,1e-07,1e-07,1e-07,1e-07,1e-07,1e-07,1e-07,1e-07,1e-07,1e-07,1e-07,1e-07,1e-07,1e-07,1e-07,1e-07,1e-07
2022-08-17 06:22:56,1e-07,1e-07,1e-07,1e-07,1e-07,1e-07,1e-07,1e-07,1e-07,1e-07,1e-07,1e-07,1e-07,1e-07,0.9999999,1e-07,1e-07,1e-07,1e-07,1e-07,1e-07,1e-07,1e-07,1e-07,1e-07,1e-07,1e-07,1e-07,1e-07,1e-07,1e-07,1e-07,1e-07,1e-07,1e-07,1e-07,1e-07,1e-07,1e-07
2022-08-17 06:22:57,1e-07,1e-07,1e-07,1e-07,1e-07,1e-07,1e-07,1e-07,1e-07,1e-07,1e-07,1e-07,1e-07,1e-07,0.9999999,1e-07,1e-07,1e-07,1e-07,1e-07,1e-07,1e-07,1e-07,1e-07,1e-07,1e-07,1e-07,1e-07,1e-07,1e-07,1e-07,1e-07,1e-07,1e-07,1e-07,1e-07,1e-07,1e-07,1e-07
2022-08-17 06:22:58,1e-07,1e-07,1e-07,1e-07,1e-07,1e-07,1e-07,1e-07,1e-07,1e-07,1e-07,1e-07,1e-07,1e-07,0.9999999,1e-07,1e-07,1e-07,1e-07,1e-07,1e-07,1e-07,1e-07,1e-07,1e-07,1e-07,1e-07,1e-07,1e-07,1e-07,1e-07,1e-07,1e-07,1e-07,1e-07,1e-07,1e-07,1e-07,1e-07
2022-08-17 06:22:59,1e-07,1e-07,1e-07,1e-07,1e-07,1e-07,1e-07,1e-07,1e-07,1e-07,1e-07,1e-07,1e-07,1e-07,0.9999999,1e-07,1e-07,1e-07,1e-07,1e-07,1e-07,1e-07,1e-07,1e-07,1e-07,1e-07,1e-07,1e-07,1e-07,1e-07,1e-07,1e-07,1e-07,1e-07,1e-07,1e-07,1e-07,1e-07,1e-07
2022-08-17 08:39:00,1e-07,1e-07,0.9999999,1e-07,1e-07,1e-07,1e-07,1e-07,1e-07,1e-07,1e-07,1e-07,1e-07,1e-07,1e-07,1e-07,1e-07,1e-07,1e-07,1e-07,1e-07,1e-07,1e-07,1e-07,1e-07,1e-07,1e-07,1e-07,1e-07,1e-07,1e-07,1e-07,1e-07,1e-07,1e-07,1e-07,1e-07,1e-07,1e-07
2022-08-17 08:39:01,1e-07,1e-07,0.9999999,1e-07,1e-07,1e-07,1e-07,1e-07,1e-07,1e-07,1e-07,1e-07,1e-07,1e-07,1e-07,1e-07,1e-07,1e-07,1e-07,1e-07,1e-07,1e-07,1e-07,1e-07,1e-07,1e-07,1e-07,1e-07,1e-07,1e-07,1e-07,1e-07,1e-07,1e-07,1e-07,1e-07,1e-07,1e-07,1e-07
2022-08-17 08:39:02,1e-07,1e-07,0.9999999,1e-07,1e-07,1e-07,1e-07,1e-07,1e-07,1e-07,1e-07,1e-07,1e-07,1e-07,1e-07,1e-07,1e-07,1e-07,1e-07,1e-07,1e-07,1e-07,1e-07,1e-07,1e-07,1e-07,1e-07,1e-07,1e-07,1e-07,1e-07,1e-07,1e-07,1e-07,1e-07,1e-07,1e-07,1e-07,1e-07
2022-08-17 08:39:03,1e-07,1e-07,0.9999999,1e-07,1e-07,1e-07,1e-07,1e-07,1e-07,1e-07,1e-07,1e-07,1e-07,1e-07,1e-07,1e-07,1e-07,1e-07,1e-07,1e-07,1e-07,1e-07,1e-07,1e-07,1e-07,1e-07,1e-07,1e-07,1e-07,1e-07,1e-07,1e-07,1e-07,1e-07,1e-07,1e-07,1e-07,1e-07,1e-07
2022-08-17 08:39:04,1e-07,1e-07,0.9999999,1e-07,1e-07,1e-07,1e-07,1e-07,1e-07,1e-07,1e-07,1e-07,1e-07,1e-07,1e-07,1e-07,1e-07,1e-07,1e-07,1e-07,1e-07,1e-07,1e-07,1e-07,1e-07,1e-07,1e-07,1e-07,1e-07,1e-07,1e-07,1e-07,1e-07,1e-07,1e-07,1e-07,1e-07,1e-07,1e-07
2022-08-17 08:39:05,1e-07,1e-07,0.9999999,1e-07,1e-07,1e-07,1e-07,1e-07,1e-07,1e-07,1e-07,1e-07,1e-07,1e-07,1e-07,1e-07,1e-07,1e-07,1e-07,1e-07,1e-07,1e-07,1e-07,1e-07,1e-07,1e-07,1e-07,1e-07,1e-07,1e-07,1e-07,1e-07,1e-07,1e-07,1e-07,1e-07,1e-07,1e-07,1e-07
2022-08-17 08:39:06,1e-07,1e-07,0.9999999,1e-07,1e-07,1e-07,1e-07,1e-07,1e-07,1e-07,1e-07,1e-07,1e-07,1e-07,1e-07,1e-07,1e-07,1e-07,1e-07,1e-07,1e-07,1e-07,1e-07,1e-07,1e-07,1e-07,1e-07,1e-07,1e-07,1e-07,1e-07,1e-07,1e-07,1e-07,1e-07,1e-07,1e-07,1e-07,1e-07
2022-08-17 08:39:07,1e-07,1e-07,0.9999999,1e-07,1e-07,1e-07,1e-07,1e-07,1e-07,1e-07,1e-07,1e-07,1e-07,1e-07,1e-07,1e-07,1e-07,1e-07,1e-07,1e-07,1e-07,1e-07,1e-07,1e-07,1e-07,1e-07,1e-07,1e-07,1e-07,1e-07,1e-07,1e-07,1e-07,1e-07,1e-07,1e-07,1e-07,1e-07,1e-07
2022-08-17 08:39:08,1e-07,1e-07,0.9999999,1e-07,1e-07,1e-07,1e-07,1e-07,1e-07,1e-07,1e-07,1e-07,1e-07,1e-07,1e-07,1e-07,1e-07,1e-07,1e-07,1e-07,1e-07,1e-07,1e-07,1e-07,1e-07,1e-07,1e-07,1e-07,1e-07,1e-07,1e-07,1e-07,1e-07,1e-07,1e-07,1e-07,1e-07,1e-07,1e-07
2022-08-17 08:39:09,1e-07,1e-07,0.9999999,1e-07,1e-07,1e-07,1e-07,1e-07,1e-07,1e-07,1e-07,1e-07,1e-07,1e-07,1e-07,1e-07,1e-07,1e-07,1e-07,1e-07,1e-07,1e-07,1e-07,1e-07,1e-07,1e-07,1e-07,1e-07,1e-07,1e-07,1e-07,1e-07,1e-07,1e-07,1e-07,1e-07,1e-07,1e-07,1e-07
2022-08-17 08:39:10,1e-07,1e-07,0.9999999,1e-07,1e-07,1e-07,1e-07,1e-07,1e-07,1e-07,1e-07,1e-07,1e-07,1e-07,1e-07,1e-07,1e-07,1e-07,1e-07,1e-07,1e-07,1e-07,1e-07,1e-07,1e-07,1e-07,1e-07,1e-07,1e-07,1e-07,1e-07,1e-07,1e-07,1e-07,1e-07,1e-07,1e-07,1e-07,1e-07
2022-08-17 08:39:11,1e-07,1e-07,0.9999999,1e-07,1e-07,1e-07,1e-07,1e-07,1e-07,1e-07,1e-07,1e-07,1e-07,1e-07,1e-07,1e-07,1e-07,1e-07,1e-07,1e-07,1e-07,1e-07,1e-07,1e-07,1e-07,1e-07,1e-07,1e-07,1e-07,1e-07,1e-07,1e-07,1e-07,1e-07,1e-07,1e-07,1e-07,1e-07,1e-07
2022-08-17 08:39:12,1e-07,1e-07,0.9999999,1e-07,1e-07,1e-07,1e-07,1e-07,1e-07,1e-07,1e-07,1e-07,1e-07,1e-07,1e-07,1e-07,1e-07,1e-07,1e-07,1e-07,1e-07,1e-07,1e-07,1e-07,1e-07,1e-07,1e-07,1e-07,1e-07,1e-07,1e-07,1e-07,1e-07,1e-07,1e-07,1e-07,1e-07,1e-07,1e-07
2022-08-17 08:39:13,1e-07,1e-07,0.9999999,1e-07,1e-07,1e-07,1e-07,1e-07,1e-07,1e-07,1e-07,1e-07,1e-07,1e-07,1e-07,1e-07,1e-07,1e-07,1e-07,1e-07,1e-07,1e-07,1e-07,1e-07,1e-07,1e-07,1e-07,1e-07,1e-07,1e-07,1e-07,1e-07,1e-07,1e-07,1e-07,1e-07,1e-07,1e-07,1e-07
2022-08-17 08:39:14,1e-07,1e-07,0.9999999,1e-07,1e-07,1e-07,1e-07,1e-07,1e-07,1e-07,1e-07,1e-07,1e-07,1e-07,1e-07,1e-07,1e-07,1e-07,1e-07,1e-07,1e-07,1e-07,1e-07,1e-07,1e-07,1e-07,1e-07,1e-07,1e-07,1e-07,1e-07,1e-07,1e-07,1e-07,1e-07,1e-07,1e-07,1e-07,1e-07
2022-08-17 08:39:15,1e-07,1e-07,0.9999999,1e-07,1e-07,1e-07,1e-07,1e-07,1e-07,1e-07,1e-07,1e-07,1e-07,1e-07,1e-07,1e-07,1e-07,1e-07,1e-07,1e-07,1e-07,1e-07,1e-07,1e-07,1e-07,1e-07,1e-07,1e-07,1e-07,1e-07,1e-07,1e-07,1e-07,1e-07,1e-07,1e-07,1e-07,1e-07,1e-07
2022-08-17 08:39:16,1e-07,1e-07,0.9999999,1e-07,1e-07,1e-07,1e-07,1e-07,1e-07,1e-07,1e-07,1e-07,1e-07,1e-07,1e-07,1e-07,1e-07,1e-07,1e-07,1e-07,1e-07,1e-07,1e-07,1e-07,1e-07,1e-07,1e-07,1e-07,1e-07,1e-07,1e-07,1e-07,1e-07,1e-07,1e-07,1e-07,1e-07,1e-07,1e-07
2022-08-17 08:39:17,1e-07,1e-07,0.9999999,1e-07,1e-07,1e-07,1e-07,1e-07,1e-07,1e-07,1e-07,1e-07,1e-07,1e-07,1e-07,1e-07,1e-07,1e-07,1e-07,1e-07,1e-07,1e-07,1e-07,1e-07,1e-07,1e-07,1e-07,1e-07,1e-07,1e-07,1e-07,1e-07,1e-07,1e-07,1e-07,1e-07,1e-07,1e-07,1e-07
2022-08-17 08:39:18,1e-07,1e-07,0.9999999,1e-07,1e-07,1e-07,1e-07,1e-07,1e-07,1e-07,1e-07,1e-07,1e-07,1e-07,1e-07,1e-07,1e-07,1e-07,1e-07,1e-07,1e-07,1e-07,1e-07,1e-07,1e-07,1e-07,1e-07,1e-07,1e-07,1e-07,1e-07,1e-07,1e-07,1e-07,1e-07,1e-07,1e-07,1e-07,1e-07
2022-08-17 08:39:19,1e-07,1e-07,0.9999999,1e-07,1e-07,1e-07,1e-07,1e-07,1e-07,1e-07,1e-07,1e-07,1e-07,1e-07,1e-07,1e-07,1e-07,1e-07,1e-07,1e-07,1e-07,1e-07,1e-07,1e-07,1e-07,1e-07,1e-07,1e-07,1e-07,1e-07,1e-07,1e-07,1e-07,1e-07,1e-07,1e-07,1e-07,1e-07,1e-07
2022-08-17 08:39:20,1e-07,1e-07,0.9999999,1e-07,1e-07,1e-07,1e-07,1e-07,1e-07,1e-07,1e-07,1e-07,1e-07,1e-07,1e-07,1e-07,1e-07,1e-07,1e-07,1e-07,1e-07,1e-07,1e-07,1e-07,1e-07,1e-07,1e-07,1e-07,1e-07,1e-07,1e-07,1e-07,1e-07,1e-07,1e-07,1e-07,1e-07,1e-07,1e-07
2022-08-17 08:39:21,1e-07,1e-07,0.9999999,1e-07,1e-07,1e-07,1e-07,1e-07,1e-07,1e-07,1e-07,1e-07,1e-07,1e-07,1e-07,1e-07,1e-07,1e-07,1e-07,1e-07,1e-07,1e-07,1e-07,1e-07,1e-07,1e-07,1e-07,1e-07,1e-07,1e-07,1e-07,1e-07,1e-07,1e-07,1e-07,1e-07,1e-07,1e-07,1e-07
2022-08-17 08:39:22,1e-07,1e-07,0.9999999,1e-07,1e-07,1e-07,1e-07,1e-07,1e-07,1e-07,1e-07,1e-07,1e-07,1e-07,1e-07,1e-07,1e-07,1e-07,1e-07,1e-07,1e-07,1e-07,1e-07,1e-07,1e-07,1e-07,1e-07,1e-07,1e-07,1e-07,1e-07,1e-07,1e-07,1e-07,1e-07,1e-07,1e-07,1e-07,1e-07
2022-08-17 08:39:23,1e-07,1e-07,0.9999999,1e-07,1e-07,1e-07,1e-07,1e-07,1e-07,1e-07,1e-07,1e-07,1e-07,1e-07,1e-07,1e-07,1e-07,1e-07,1e-07,1e-07,1e-07,1e-07,1e-07,1e-07,1e-07,1e-07,1e-07,1e-07,1e-07,1e-07,1e-07,1e-07,1e-07,1e-07,1e-07,1e-07,1e-07,1e-07,1e-07
2022-08-17 08:39:24,1e-07,1e-07,0.9999999,1e-07,1e-07,1e-07,1e-07,1e-07,1e-07,1e-07,1e-07,1e-07,1e-07,1e-07,1e-07,1e-07,1e-07,1e-07,1e-07,1e-07,1e-07,1e-07,1e-07,1e-07,1e-07,1e-07,1e-07,1e-07,1e-07,1e-07,1e-07,1e-07,1e-07,1e-07,1e-07,1e-07,1e-07,1e-07,1e-07
2022-08-17 08:39:25,1e-07,1e-07,0.9999999,1e-07,1e-07,1e-07,1e-07,1e-07,1e-07,1e-07,1e-07,1e-07,1e-07,1e-07,1e-07,1e-07,1e-07,1e-07,1e-07,1e-07,1e-07,1e-07,1e-07,1e-07,1e-07,1e-07,1e-07,1e-07,1e-07,1e-07,1e-07,1e-07,1e-07,1e-07,1e-07,1e-07,1e-07,1e-07,1e-07
2022-08-17 08:39:26,1e-07,1e-07,0.9999999,1e-07,1e-07,1e-07,1e-07,1e-07,1e-07,1e-07,1e-07,1e-07,1e-07,1e-07,1e-07,1e-07,1e-07,1e-07,1e-07,1e-07,1e-07,1e-07,1e-07,1e-07,1e-07,1e-07,1e-07,1e-07,1e-07,1e-07,1e-07,1e-07,1e-07,1e-07,1e-07,1e-07,1e-07,1e-07,1e-07
2022-08-17 08:39:27,1e-07,1e-07,0.9999999,1e-07,1e-07,1e-07,1e-07,1e-07,1e-07,1e-07,1e-07,1e-07,1e-07,1e-07,1e-07,1e-07,1e-07,1e-07,1e-07,1e-07,1e-07,1e-07,1e-07,1e-07,1e-07,1e-07,1e-07,1e-07,1e-07,1e-07,1e-07,1e-07,1e-07,1e-07,1e-07,1e-07,1e-07,1e-07,1e-07
2022-08-17 08:39:28,1e-07,1e-07,0.9999999,1e-07,1e-07,1e-07,1e-07,1e-07,1e-07,1e-07,1e-07,1e-07,1e-07,1e-07,1e-07,1e-07,1e-07,1e-07,1e-07,1e-07,1e-07,1e-07,1e-07,1e-07,1e-07,1e-07,1e-07,1e-07,1e-07,1e-07,1e-07,1e-07,1e-07,1e-07,1e-07,1e-07,1e-07,1e-07,1e-07
2022-08-17 08:39:29,1e-07,1e-07,0.9999999,1e-07,1e-07,1e-07,1e-07,1e-07,1e-07,1e-07,1e-07,1e-07,1e-07,1e-07,1e-07,1e-07,1e-07,1e-07,1e-07,1e-07,1e-07,1e-07,1e-07,1e-07,1e-07,1e-07,1e-07,1e-07,1e-07,1e-07,1e-07,1e-07,1e-07,1e-07,1e-07,1e-07,1e-07,1e-07,1e-07
2022-08-17 08:39:30,1e-07,1e-07,0.9999999,1e-07,1e-07,1e-07,1e-07,1e-07,1e-07,1e-07,1e-07,1e-07,1e-07,1e-07,1e-07,1e-07,1e-07,1e-07,1e-07,1e-07,1e-07,1e-07,1e-07,1e-07,1e-07,1e-07,1e-07,1e-07,1e-07,1e-07,1e-07,1e-07,1e-07,1e-07,1e-07,1e-07,1e-07,1e-07,1e-07
2022-08-17 08:39:31,1e-07,1e-07,0.9999999,1e-07,1e-07,1e-07,1e-07,1e-07,1e-07,1e-07,1e-07,1e-07,1e-07,1e-07,1e-07,1e-07,1e-07,1e-07,1e-07,1e-07,1e-07,1e-07,1e-07,1e-07,1e-07,1e-07,1e-07,1e-07,1e-07,1e-07,1e-07,1e-07,1e-07,1e-07,1e-07,1e-07,1e-07,1e-07,1e-07
2022-08-17 08:39:32,1e-07,1e-07,0.9999999,1e-07,1e-07,1e-07,1e-07,1e-07,1e-07,1e-07,1e-07,1e-07,1e-07,1e-07,1e-07,1e-07,1e-07,1e-07,1e-07,1e-07,1e-07,1e-07,1e-07,1e-07,1e-07,1e-07,1e-07,1e-07,1e-07,1e-07,1e-07,1e-07,1e-07,1e-07,1e-07,1e-07,1e-07,1e-07,1e-07
2022-08-17 08:39:33,1e-07,1e-07,0.9999999,1e-07,1e-07,1e-07,1e-07,1e-07,1e-07,1e-07,1e-07,1e-07,1e-07,1e-07,1e-07,1e-07,1e-07,1e-07,1e-07,1e-07,1e-07,1e-07,1e-07,1e-07,1e-07,1e-07,1e-07,1e-07,1e-07,1e-07,1e-07,1e-07,1e-07,1e-07,1e-07,1e-07,1e-07,1e-07,1e-07
2022-08-17 08:39:34,1e-07,1e-07,0.9999999,1e-07,1e-07,1e-07,1e-07,1e-07,1e-07,1e-07,1e-07,1e-07,1e-07,1e-07,1e-07,1e-07,1e-07,1e-07,1e-07,1e-07,1e-07,1e-07,1e-07,1e-07,1e-07,1e-07,1e-07,1e-07,1e-07,1e-07,1e-07,1e-07,1e-07,1e-07,1e-07,1e-07,1e-07,1e-07,1e-07
2022-08-17 08:39:35,1e-07,1e-07,0.9999999,1e-07,1e-07,1e-07,1e-07,1e-07,1e-07,1e-07,1e-07,1e-07,1e-07,1e-07,1e-07,1e-07,1e-07,1e-07,1e-07,1e-07,1e-07,1e-07,1e-07,1e-07,1e-07,1e-07,1e-07,1e-07,1e-07,1e-07,1e-07,1e-07,1e-07,1e-07,1e-07,1e-07,1e-07,1e-07,1e-07
2022-08-17 08:39:36,1e-07,1e-07,0.9999999,1e-07,1e-07,1e-07,1e-07,1e-07,1e-07,1e-07,1e-07,1e-07,1e-07,1e-07,1e-07,1e-07,1e-07,1e-07,1e-07,1e-07,1e-07,1e-07,1e-07,1e-07,1e-07,1e-07,1e-07,1e-07,1e-07,1e-07,1e-07,1e-07,1e-07,1e-07,1e-07,1e-07,1e-07,1e-07,1e-07
2022-08-17 08:39:37,1e-07,1e-07,0.9999999,1e-07,1e-07,1e-07,1e-07,1e-07,1e-07,1e-07,1e-07,1e-07,1e-07,1e-07,1e-07,1e-07,1e-07,1e-07,1e-07,1e-07,1e-07,1e-07,1e-07,1e-07,1e-07,1e-07,1e-07,1e-07,1e-07,1e-07,1e-07,1e-07,1e-07,1e-07,1e-07,1e-07,1e-07,1e-07,1e-07
2022-08-17 08:39:38,1e-07,1e-07,0.9999999,1e-07,1e-07,1e-07,1e-07,1e-07,1e-07,1e-07,1e-07,1e-07,1e-07,1e-07,1e-07,1e-07,1e-07,1e-07,1e-07,1e-07,1e-07,1e-07,1e-07,1e-07,1e-07,1e-07,1e-07,1e-07,1e-07,1e-07,1e-07,1e-07,1e-07,1e-07,1e-07,1e-07,1e-07,1e-07,1e-07
2022-08-17 08:39:39,1e-07,1e-07,0.9999999,1e-07,1e-07,1e-07,1e-07,1e-07,1e-07,1e-07,1e-07,1e-07,1e-07,1e-07,1e-07,1e-07,1e-07,1e-07,1e-07,1e-07,1e-07,1e-07,1e-07,1e-07,1e-07,1e-07,1e-07,1e-07,1e-07,1e-07,1e-07,1e-07,1e-07,1e-07,1e-07,1e-07,1e-07,1e-07,1e-07
2022-08-17 08:39:40,1e-07,1e-07,0.9999999,1e-07,1e-07,1e-07,1e-07,1e-07,1e-07,1e-07,1e-07,1e-07,1e-07,1e-07,1e-07,1e-07,1e-07,1e-07,1e-07,1e-07,1e-07,1e-07,1e-07,1e-07,1e-07,1e-07,1e-07,1e-07,1e-07,1e-07,1e-07,1e-07,1e-07,1e-07,1e-07,1e-07,1e-07,1e-07,1e-07
2022-08-17 08:39:41,1e-07,1e-07,0.9999999,1e-07,1e-07,1e-07,1e-07,1e-07,1e-07,1e-07,1e-07,1e-07,1e-07,1e-07,1e-07,1e-07,1e-07,1e-07,1e-07,1e-07,1e-07,1e-07,1e-07,1e-07,1e-07,1e-07,1e-07,1e-07,1e-07,1e-07,1e-07,1e-07,1e-07,1e-07,1e-07,1e-07,1e-07,1e-07,1e-07
2022-08-17 08:39:42,1e-07,1e-07,0.9999999,1e-07,1e-07,1e-07,1e-07,1e-07,1e-07,1e-07,1e-07,1e-07,1e-07,1e-07,1e-07,1e-07,1e-07,1e-07,1e-07,1e-07,1e-07,1e-07,1e-07,1e-07,1e-07,1e-07,1e-07,1e-07,1e-07,1e-07,1e-07,1e-07,1e-07,1e-07,1e-07,1e-07,1e-07,1e-07,1e-07
2022-08-17 08:39:43,1e-07,1e-07,0.9999999,1e-07,1e-07,1e-07,1e-07,1e-07,1e-07,1e-07,1e-07,1e-07,1e-07,1e-07,1e-07,1e-07,1e-07,1e-07,1e-07,1e-07,1e-07,1e-07,1e-07,1e-07,1e-07,1e-07,1e-07,1e-07,1e-07,1e-07,1e-07,1e-07,1e-07,1e-07,1e-07,1e-07,1e-07,1e-07,1e-07
2022-08-17 08:39:44,1e-07,1e-07,0.9999999,1e-07,1e-07,1e-07,1e-07,1e-07,1e-07,1e-07,1e-07,1e-07,1e-07,1e-07,1e-07,1e-07,1e-07,1e-07,1e-07,1e-07,1e-07,1e-07,1e-07,1e-07,1e-07,1e-07,1e-07,1e-07,1e-07,1e-07,1e-07,1e-07,1e-07,1e-07,1e-07,1e-07,1e-07,1e-07,1e-07
2022-08-17 08:39:45,1e-07,1e-07,0.9999999,1e-07,1e-07,1e-07,1e-07,1e-07,1e-07,1e-07,1e-07,1e-07,1e-07,1e-07,1e-07,1e-07,1e-07,1e-07,1e-07,1e-07,1e-07,1e-07,1e-07,1e-07,1e-07,1e-07,1e-07,1e-07,1e-07,1e-07,1e-07,1e-07,1e-07,1e-07,1e-07,1e-07,1e-07,1e-07,1e-07
2022-08-17 08:39:46,1e-07,1e-07,0.9999999,1e-07,1e-07,1e-07,1e-07,1e-07,1e-07,1e-07,1e-07,1e-07,1e-07,1e-07,1e-07,1e-07,1e-07,1e-07,1e-07,1e-07,1e-07,1e-07,1e-07,1e-07,1e-07,1e-07,1e-07,1e-07,1e-07,1e-07,1e-07,1e-07,1e-07,1e-07,1e-07,1e-07,1e-07,1e-07,1e-07
2022-08-17 08:39:47,1e-07,1e-07,0.9999999,1e-07,1e-07,1e-07,1e-07,1e-07,1e-07,1e-07,1e-07,1e-07,1e-07,1e-07,1e-07,1e-07,1e-07,1e-07,1e-07,1e-07,1e-07,1e-07,1e-07,1e-07,1e-07,1e-07,1e-07,1e-07,1e-07,1e-07,1e-07,1e-07,1e-07,1e-07,1e-07,1e-07,1e-07,1e-07,1e-07
2022-08-17 08:39:48,1e-07,1e-07,0.9999999,1e-07,1e-07,1e-07,1e-07,1e-07,1e-07,1e-07,1e-07,1e-07,1e-07,1e-07,1e-07,1e-07,1e-07,1e-07,1e-07,1e-07,1e-07,1e-07,1e-07,1e-07,1e-07,1e-07,1e-07,1e-07,1e-07,1e-07,1e-07,1e-07,1e-07,1e-07,1e-07,1e-07,1e-07,1e-07,1e-07
2022-08-17 08:39:49,1e-07,1e-07,0.9999999,1e-07,1e-07,1e-07,1e-07,1e-07,1e-07,1e-07,1e-07,1e-07,1e-07,1e-07,1e-07,1e-07,1e-07,1e-07,1e-07,1e-07,1e-07,1e-07,1e-07,1e-07,1e-07,1e-07,1e-07,1e-07,1e-07,1e-07,1e-07,1e-07,1e-07,1e-07,1e-07,1e-07,1e-07,1e-07,1e-07
2022-08-17 08:39:50,1e-07,1e-07,0.9999999,1e-07,1e-07,1e-07,1e-07,1e-07,1e-07,1e-07,1e-07,1e-07,1e-07,1e-07,1e-07,1e-07,1e-07,1e-07,1e-07,1e-07,1e-07,1e-07,1e-07,1e-07,1e-07,1e-07,1e-07,1e-07,1e-07,1e-07,1e-07,1e-07,1e-07,1e-07,1e-07,1e-07,1e-07,1e-07,1e-07
2022-08-17 08:39:51,1e-07,1e-07,0.9999999,1e-07,1e-07,1e-07,1e-07,1e-07,1e-07,1e-07,1e-07,1e-07,1e-07,1e-07,1e-07,1e-07,1e-07,1e-07,1e-07,1e-07,1e-07,1e-07,1e-07,1e-07,1e-07,1e-07,1e-07,1e-07,1e-07,1e-07,1e-07,1e-07,1e-07,1e-07,1e-07,1e-07,1e-07,1e-07,1e-07
2022-08-17 08:39:52,1e-07,1e-07,0.9999999,1e-07,1e-07,1e-07,1e-07,1e-07,1e-07,1e-07,1e-07,1e-07,1e-07,1e-07,1e-07,1e-07,1e-07,1e-07,1e-07,1e-07,1e-07,1e-07,1e-07,1e-07,1e-07,1e-07,1e-07,1e-07,1e-07,1e-07,1e-07,1e-07,1e-07,1e-07,1e-07,1e-07,1e-07,1e-07,1e-07
2022-08-17 08:39:53,1e-07,1e-07,0.9999999,1e-07,1e-07,1e-07,1e-07,1e-07,1e-07,1e-07,1e-07,1e-07,1e-07,1e-07,1e-07,1e-07,1e-07,1e-07,1e-07,1e-07,1e-07,1e-07,1e-07,1e-07,1e-07,1e-07,1e-07,1e-07,1e-07,1e-07,1e-07,1e-07,1e-07,1e-07,1e-07,1e-07,1e-07,1e-07,1e-07
2022-08-17 08:39:54,1e-07,1e-07,0.9999999,1e-07,1e-07,1e-07,1e-07,1e-07,1e-07,1e-07,1e-07,1e-07,1e-07,1e-07,1e-07,1e-07,1e-07,1e-07,1e-07,1e-07,1e-07,1e-07,1e-07,1e-07,1e-07,1e-07,1e-07,1e-07,1e-07,1e-07,1e-07,1e-07,1e-07,1e-07,1e-07,1e-07,1e-07,1e-07,1e-07
2022-08-17 08:39:55,1e-07,1e-07,0.9999999,1e-07,1e-07,1e-07,1e-07,1e-07,1e-07,1e-07,1e-07,1e-07,1e-07,1e-07,1e-07,1e-07,1e-07,1e-07,1e-07,1e-07,1e-07,1e-07,1e-07,1e-07,1e-07,1e-07,1e-07,1e-07,1e-07,1e-07,1e-07,1e-07,1e-07,1e-07,1e-07,1e-07,1e-07,1e-07,1e-07
2022-08-17 08:39:56,1e-07,1e-07,0.9999999,1e-07,1e-07,1e-07,1e-07,1e-07,1e-07,1e-07,1e-07,1e-07,1e-07,1e-07,1e-07,1e-07,1e-07,1e-07,1e-07,1e-07,1e-07,1e-07,1e-07,1e-07,1e-07,1e-07,1e-07,1e-07,1e-07,1e-07,1e-07,1e-07,1e-07,1e-07,1e-07,1e-07,1e-07,1e-07,1e-07
2022-08-17 08:39:57,1e-07,1e-07,0.9999999,1e-07,1e-07,1e-07,1e-07,1e-07,1e-07,1e-07,1e-07,1e-07,1e-07,1e-07,1e-07,1e-07,1e-07,1e-07,1e-07,1e-07,1e-07,1e-07,1e-07,1e-07,1e-07,1e-07,1e-07,1e-07,1e-07,1e-07,1e-07,1e-07,1e-07,1e-07,1e-07,1e-07,1e-07,1e-07,1e-07
2022-08-17 08:39:58,1e-07,1e-07,0.9999999,1e-07,1e-07,1e-07,1e-07,1e-07,1e-07,1e-07,1e-07,1e-07,1e-07,1e-07,1e-07,1e-07,1e-07,1e-07,1e-07,1e-07,1e-07,1e-07,1e-07,1e-07,1e-07,1e-07,1e-07,1e-07,1e-07,1e-07,1e-07,1e-07,1e-07,1e-07,1e-07,1e-07,1e-07,1e-07,1e-07
2022-08-17 08:39:59,1e-07,1e-07,0.9999999,1e-07,1e-07,1e-07,1e-07,1e-07,1e-07,1e-07,1e-07,1e-07,1e-07,1e-07,1e-07,1e-07,1e-07,1e-07,1e-07,1e-07,1e-07,1e-07,1e-07,1e-07,1e-07,1e-07,1e-07,1e-07,1e-07,1e-07,1e-07,1e-07,1e-07,1e-07,1e-07,1e-07,1e-07,1e-07,1e-07
2022-08-17 09:52:00,1e-07,1e-07,1e-07,1e-07,1e-07,1e-07,1e-07,1e-07,1e-07,1e-07,1e-07,1e-07,1e-07,1e-07,1e-07,1e-07,1e-07,1e-07,1e-07,1e-07,1e-07,1e-07,1e-07,1e-07,1e-07,1e-07,1e-07,1e-07,0.9999999,1e-07,1e-07,1e-07,1e-07,1e-07,1e-07,1e-07,1e-07,1e-07,1e-07
2022-08-17 09:52:01,1e-07,1e-07,1e-07,1e-07,1e-07,1e-07,1e-07,1e-07,1e-07,1e-07,1e-07,1e-07,1e-07,1e-07,1e-07,1e-07,1e-07,1e-07,1e-07,1e-07,1e-07,1e-07,1e-07,1e-07,1e-07,1e-07,1e-07,1e-07,0.9999999,1e-07,1e-07,1e-07,1e-07,1e-07,1e-07,1e-07,1e-07,1e-07,1e-07
2022-08-17 09:52:02,1e-07,1e-07,1e-07,1e-07,1e-07,1e-07,1e-07,1e-07,1e-07,1e-07,1e-07,1e-07,1e-07,1e-07,1e-07,1e-07,1e-07,1e-07,1e-07,1e-07,1e-07,1e-07,1e-07,1e-07,1e-07,1e-07,1e-07,1e-07,0.9999999,1e-07,1e-07,1e-07,1e-07,1e-07,1e-07,1e-07,1e-07,1e-07,1e-07
2022-08-17 09:52:03,1e-07,1e-07,1e-07,1e-07,1e-07,1e-07,1e-07,1e-07,1e-07,1e-07,1e-07,1e-07,1e-07,1e-07,1e-07,1e-07,1e-07,1e-07,1e-07,1e-07,1e-07,1e-07,1e-07,1e-07,1e-07,1e-07,1e-07,1e-07,0.9999999,1e-07,1e-07,1e-07,1e-07,1e-07,1e-07,1e-07,1e-07,1e-07,1e-07
2022-08-17 09:52:04,1e-07,1e-07,1e-07,1e-07,1e-07,1e-07,1e-07,1e-07,1e-07,1e-07,1e-07,1e-07,1e-07,1e-07,1e-07,1e-07,1e-07,1e-07,1e-07,1e-07,1e-07,1e-07,1e-07,1e-07,1e-07,1e-07,1e-07,1e-07,0.9999999,1e-07,1e-07,1e-07,1e-07,1e-07,1e-07,1e-07,1e-07,1e-07,1e-07
2022-08-17 09:52:05,1e-07,1e-07,1e-07,1e-07,1e-07,1e-07,1e-07,1e-07,1e-07,1e-07,1e-07,1e-07,1e-07,1e-07,1e-07,1e-07,1e-07,1e-07,1e-07,1e-07,1e-07,1e-07,1e-07,1e-07,1e-07,1e-07,1e-07,1e-07,0.9999999,1e-07,1e-07,1e-07,1e-07,1e-07,1e-07,1e-07,1e-07,1e-07,1e-07
2022-08-17 09:52:06,1e-07,1e-07,1e-07,1e-07,1e-07,1e-07,1e-07,1e-07,1e-07,1e-07,1e-07,1e-07,1e-07,1e-07,1e-07,1e-07,1e-07,1e-07,1e-07,1e-07,1e-07,1e-07,1e-07,1e-07,1e-07,1e-07,1e-07,1e-07,0.9999999,1e-07,1e-07,1e-07,1e-07,1e-07,1e-07,1e-07,1e-07,1e-07,1e-07
2022-08-17 09:52:07,1e-07,1e-07,1e-07,1e-07,1e-07,1e-07,1e-07,1e-07,1e-07,1e-07,1e-07,1e-07,1e-07,1e-07,1e-07,1e-07,1e-07,1e-07,1e-07,1e-07,1e-07,1e-07,1e-07,1e-07,1e-07,1e-07,1e-07,1e-07,0.9999999,1e-07,1e-07,1e-07,1e-07,1e-07,1e-07,1e-07,1e-07,1e-07,1e-07
2022-08-17 09:52:08,1e-07,1e-07,1e-07,1e-07,1e-07,1e-07,1e-07,1e-07,1e-07,1e-07,1e-07,1e-07,1e-07,1e-07,1e-07,1e-07,1e-07,1e-07,1e-07,1e-07,1e-07,1e-07,1e-07,1e-07,1e-07,1e-07,1e-07,1e-07,0.9999999,1e-07,1e-07,1e-07,1e-07,1e-07,1e-07,1e-07,1e-07,1e-07,1e-07
2022-08-17 09:52:09,1e-07,1e-07,1e-07,1e-07,1e-07,1e-07,1e-07,1e-07,1e-07,1e-07,1e-07,1e-07,1e-07,1e-07,1e-07,1e-07,1e-07,1e-07,1e-07,1e-07,1e-07,1e-07,1e-07,1e-07,1e-07,1e-07,1e-07,1e-07,0.9999999,1e-07,1e-07,1e-07,1e-07,1e-07,1e-07,1e-07,1e-07,1e-07,1e-07
2022-08-17 09:52:10,1e-07,1e-07,1e-07,1e-07,1e-07,1e-07,1e-07,1e-07,1e-07,1e-07,1e-07,1e-07,1e-07,1e-07,1e-07,1e-07,1e-07,1e-07,1e-07,1e-07,1e-07,1e-07,1e-07,1e-07,1e-07,1e-07,1e-07,1e-07,0.9999999,1e-07,1e-07,1e-07,1e-07,1e-07,1e-07,1e-07,1e-07,1e-07,1e-07
2022-08-17 09:52:11,1e-07,1e-07,1e-07,1e-07,1e-07,1e-07,1e-07,1e-07,1e-07,1e-07,1e-07,1e-07,1e-07,1e-07,1e-07,1e-07,1e-07,1e-07,1e-07,1e-07,1e-07,1e-07,1e-07,1e-07,1e-07,1e-07,1e-07,1e-07,0.9999999,1e-07,1e-07,1e-07,1e-07,1e-07,1e-07,1e-07,1e-07,1e-07,1e-07
2022-08-17 09:52:12,1e-07,1e-07,1e-07,1e-07,1e-07,1e-07,1e-07,1e-07,1e-07,1e-07,1e-07,1e-07,1e-07,1e-07,1e-07,1e-07,1e-07,1e-07,1e-07,1e-07,1e-07,1e-07,1e-07,1e-07,1e-07,1e-07,1e-07,1e-07,0.9999999,1e-07,1e-07,1e-07,1e-07,1e-07,1e-07,1e-07,1e-07,1e-07,1e-07
2022-08-17 09:52:13,1e-07,1e-07,1e-07,1e-07,1e-07,1e-07,1e-07,1e-07,1e-07,1e-07,1e-07,1e-07,1e-07,1e-07,1e-07,1e-07,1e-07,1e-07,1e-07,1e-07,1e-07,1e-07,1e-07,1e-07,1e-07,1e-07,1e-07,1e-07,0.9999999,1e-07,1e-07,1e-07,1e-07,1e-07,1e-07,1e-07,1e-07,1e-07,1e-07
2022-08-17 09:52:14,1e-07,1e-07,1e-07,1e-07,1e-07,1e-07,1e-07,1e-07,1e-07,1e-07,1e-07,1e-07,1e-07,1e-07,1e-07,1e-07,1e-07,1e-07,1e-07,1e-07,1e-07,1e-07,1e-07,1e-07,1e-07,1e-07,1e-07,1e-07,0.9999999,1e-07,1e-07,1e-07,1e-07,1e-07,1e-07,1e-07,1e-07,1e-07,1e-07
2022-08-17 09:52:15,1e-07,1e-07,1e-07,1e-07,1e-07,1e-07,1e-07,1e-07,1e-07,1e-07,1e-07,1e-07,1e-07,1e-07,1e-07,1e-07,1e-07,1e-07,1e-07,1e-07,1e-07,1e-07,1e-07,1e-07,1e-07,1e-07,1e-07,1e-07,0.9999999,1e-07,1e-07,1e-07,1e-07,1e-07,1e-07,1e-07,1e-07,1e-07,1e-07
2022-08-17 09:52:16,1e-07,1e-07,1e-07,1e-07,1e-07,1e-07,1e-07,1e-07,1e-07,1e-07,1e-07,1e-07,1e-07,1e-07,1e-07,1e-07,1e-07,1e-07,1e-07,1e-07,1e-07,1e-07,1e-07,1e-07,1e-07,1e-07,1e-07,1e-07,0.9999999,1e-07,1e-07,1e-07,1e-07,1e-07,1e-07,1e-07,1e-07,1e-07,1e-07
2022-08-17 09:52:17,1e-07,1e-07,1e-07,1e-07,1e-07,1e-07,1e-07,1e-07,1e-07,1e-07,1e-07,1e-07,1e-07,1e-07,1e-07,1e-07,1e-07,1e-07,1e-07,1e-07,1e-07,1e-07,1e-07,1e-07,1e-07,1e-07,1e-07,1e-07,0.9999999,1e-07,1e-07,1e-07,1e-07,1e-07,1e-07,1e-07,1e-07,1e-07,1e-07
2022-08-17 09:52:18,1e-07,1e-07,1e-07,1e-07,1e-07,1e-07,1e-07,1e-07,1e-07,1e-07,1e-07,1e-07,1e-07,1e-07,1e-07,1e-07,1e-07,1e-07,1e-07,1e-07,1e-07,1e-07,1e-07,1e-07,1e-07,1e-07,1e-07,1e-07,0.9999999,1e-07,1e-07,1e-07,1e-07,1e-07,1e-07,1e-07,1e-07,1e-07,1e-07
2022-08-17 09:52:19,1e-07,1e-07,1e-07,1e-07,1e-07,1e-07,1e-07,1e-07,1e-07,1e-07,1e-07,1e-07,1e-07,1e-07,1e-07,1e-07,1e-07,1e-07,1e-07,1e-07,1e-07,1e-07,1e-07,1e-07,1e-07,1e-07,1e-07,1e-07,0.9999999,1e-07,1e-07,1e-07,1e-07,1e-07,1e-07,1e-07,1e-07,1e-07,1e-07
2022-08-17 09:52:20,1e-07,1e-07,1e-07,1e-07,1e-07,1e-07,1e-07,1e-07,1e-07,1e-07,1e-07,1e-07,1e-07,1e-07,1e-07,1e-07,1e-07,1e-07,1e-07,1e-07,1e-07,1e-07,1e-07,1e-07,1e-07,1e-07,1e-07,1e-07,0.9999999,1e-07,1e-07,1e-07,1e-07,1e-07,1e-07,1e-07,1e-07,1e-07,1e-07
2022-08-17 09:52:21,1e-07,1e-07,1e-07,1e-07,1e-07,1e-07,1e-07,1e-07,1e-07,1e-07,1e-07,1e-07,1e-07,1e-07,1e-07,1e-07,1e-07,1e-07,1e-07,1e-07,1e-07,1e-07,1e-07,1e-07,1e-07,1e-07,1e-07,1e-07,0.9999999,1e-07,1e-07,1e-07,1e-07,1e-07,1e-07,1e-07,1e-07,1e-07,1e-07
2022-08-17 09:52:22,1e-07,1e-07,1e-07,1e-07,1e-07,1e-07,1e-07,1e-07,1e-07,1e-07,1e-07,1e-07,1e-07,1e-07,1e-07,1e-07,1e-07,1e-07,1e-07,1e-07,1e-07,1e-07,1e-07,1e-07,1e-07,1e-07,1e-07,1e-07,0.9999999,1e-07,1e-07,1e-07,1e-07,1e-07,1e-07,1e-07,1e-07,1e-07,1e-07
2022-08-17 09:52:23,1e-07,1e-07,1e-07,1e-07,1e-07,1e-07,1e-07,1e-07,1e-07,1e-07,1e-07,1e-07,1e-07,1e-07,1e-07,1e-07,1e-07,1e-07,1e-07,1e-07,1e-07,1e-07,1e-07,1e-07,1e-07,1e-07,1e-07,1e-07,0.9999999,1e-07,1e-07,1e-07,1e-07,1e-07,1e-07,1e-07,1e-07,1e-07,1e-07
2022-08-17 09:52:24,1e-07,1e-07,1e-07,1e-07,1e-07,1e-07,1e-07,1e-07,1e-07,1e-07,1e-07,1e-07,1e-07,1e-07,1e-07,1e-07,1e-07,1e-07,1e-07,1e-07,1e-07,1e-07,1e-07,1e-07,1e-07,1e-07,1e-07,1e-07,0.9999999,1e-07,1e-07,1e-07,1e-07,1e-07,1e-07,1e-07,1e-07,1e-07,1e-07
2022-08-17 09:52:25,1e-07,1e-07,1e-07,1e-07,1e-07,1e-07,1e-07,1e-07,1e-07,1e-07,1e-07,1e-07,1e-07,1e-07,1e-07,1e-07,1e-07,1e-07,1e-07,1e-07,1e-07,1e-07,1e-07,1e-07,1e-07,1e-07,1e-07,1e-07,0.9999999,1e-07,1e-07,1e-07,1e-07,1e-07,1e-07,1e-07,1e-07,1e-07,1e-07
2022-08-17 09:52:26,1e-07,1e-07,1e-07,1e-07,1e-07,1e-07,1e-07,1e-07,1e-07,1e-07,1e-07,1e-07,1e-07,1e-07,1e-07,1e-07,1e-07,1e-07,1e-07,1e-07,1e-07,1e-07,1e-07,1e-07,1e-07,1e-07,1e-07,1e-07,0.9999999,1e-07,1e-07,1e-07,1e-07,1e-07,1e-07,1e-07,1e-07,1e-07,1e-07
2022-08-17 09:52:27,1e-07,1e-07,1e-07,1e-07,1e-07,1e-07,1e-07,1e-07,1e-07,1e-07,1e-07,1e-07,1e-07,1e-07,1e-07,1e-07,1e-07,1e-07,1e-07,1e-07,1e-07,1e-07,1e-07,1e-07,1e-07,1e-07,1e-07,1e-07,0.9999999,1e-07,1e-07,1e-07,1e-07,1e-07,1e-07,1e-07,1e-07,1e-07,1e-07
2022-08-17 09:52:28,1e-07,1e-07,1e-07,1e-07,1e-07,1e-07,1e-07,1e-07,1e-07,1e-07,1e-07,1e-07,1e-07,1e-07,1e-07,1e-07,1e-07,1e-07,1e-07,1e-07,1e-07,1e-07,1e-07,1e-07,1e-07,1e-07,1e-07,1e-07,0.9999999,1e-07,1e-07,1e-07,1e-07,1e-07,1e-07,1e-07,1e-07,1e-07,1e-07
2022-08-17 09:52:29,1e-07,1e-07,1e-07,1e-07,1e-07,1e-07,1e-07,1e-07,1e-07,1e-07,1e-07,1e-07,1e-07,1e-07,1e-07,1e-07,1e-07,1e-07,1e-07,1e-07,1e-07,1e-07,1e-07,1e-07,1e-07,1e-07,1e-07,1e-07,0.9999999,1e-07,1e-07,1e-07,1e-07,1e-07,1e-07,1e-07,1e-07,1e-07,1e-07
2022-08-17 09:52:30,1e-07,1e-07,1e-07,1e-07,1e-07,1e-07,1e-07,1e-07,1e-07,1e-07,1e-07,1e-07,1e-07,1e-07,1e-07,1e-07,1e-07,1e-07,1e-07,1e-07,1e-07,1e-07,1e-07,1e-07,1e-07,1e-07,1e-07,1e-07,0.9999999,1e-07,1e-07,1e-07,1e-07,1e-07,1e-07,1e-07,1e-07,1e-07,1e-07
2022-08-17 09:52:31,1e-07,1e-07,1e-07,1e-07,1e-07,1e-07,1e-07,1e-07,1e-07,1e-07,1e-07,1e-07,1e-07,1e-07,1e-07,1e-07,1e-07,1e-07,1e-07,1e-07,1e-07,1e-07,1e-07,1e-07,1e-07,1e-07,1e-07,1e-07,0.9999999,1e-07,1e-07,1e-07,1e-07,1e-07,1e-07,1e-07,1e-07,1e-07,1e-07
2022-08-17 09:52:32,1e-07,1e-07,1e-07,1e-07,1e-07,1e-07,1e-07,1e-07,1e-07,1e-07,1e-07,1e-07,1e-07,1e-07,1e-07,1e-07,1e-07,1e-07,1e-07,1e-07,1e-07,1e-07,1e-07,1e-07,1e-07,1e-07,1e-07,1e-07,0.9999999,1e-07,1e-07,1e-07,1e-07,1e-07,1e-07,1e-07,1e-07,1e-07,1e-07
2022-08-17 09:52:33,1e-07,1e-07,1e-07,1e-07,1e-07,1e-07,1e-07,1e-07,1e-07,1e-07,1e-07,1e-07,1e-07,1e-07,1e-07,1e-07,1e-07,1e-07,1e-07,1e-07,1e-07,1e-07,1e-07,1e-07,1e-07,1e-07,1e-07,1e-07,0.9999999,1e-07,1e-07,1e-07,1e-07,1e-07,1e-07,1e-07,1e-07,1e-07,1e-07
2022-08-17 09:52:34,1e-07,1e-07,1e-07,1e-07,1e-07,1e-07,1e-07,1e-07,1e-07,1e-07,1e-07,1e-07,1e-07,1e-07,1e-07,1e-07,1e-07,1e-07,1e-07,1e-07,1e-07,1e-07,1e-07,1e-07,1e-07,1e-07,1e-07,1e-07,0.9999999,1e-07,1e-07,1e-07,1e-07,1e-07,1e-07,1e-07,1e-07,1e-07,1e-07
2022-08-17 09:52:35,1e-07,1e-07,1e-07,1e-07,1e-07,1e-07,1e-07,1e-07,1e-07,1e-07,1e-07,1e-07,1e-07,1e-07,1e-07,1e-07,1e-07,1e-07,1e-07,1e-07,1e-07,1e-07,1e-07,1e-07,1e-07,1e-07,1e-07,1e-07,0.9999999,1e-07,1e-07,1e-07,1e-07,1e-07,1e-07,1e-07,1e-07,1e-07,1e-07
2022-08-17 09:52:36,1e-07,1e-07,1e-07,1e-07,1e-07,1e-07,1e-07,1e-07,1e-07,1e-07,1e-07,1e-07,1e-07,1e-07,1e-07,1e-07,1e-07,1e-07,1e-07,1e-07,1e-07,1e-07,1e-07,1e-07,1e-07,1e-07,1e-07,1e-07,0.9999999,1e-07,1e-07,1e-07,1e-07,1e-07,1e-07,1e-07,1e-07,1e-07,1e-07
2022-08-17 09:52:37,1e-07,1e-07,1e-07,1e-07,1e-07,1e-07,1e-07,1e-07,1e-07,1e-07,1e-07,1e-07,1e-07,1e-07,1e-07,1e-07,1e-07,1e-07,1e-07,1e-07,1e-07,1e-07,1e-07,1e-07,1e-07,1e-07,1e-07,1e-07,0.9999999,1e-07,1e-07,1e-07,1e-07,1e-07,1e-07,1e-07,1e-07,1e-07,1e-07
2022-08-17 09:52:38,1e-07,1e-07,1e-07,1e-07,1e-07,1e-07,1e-07,1e-07,1e-07,1e-07,1e-07,1e-07,1e-07,1e-07,1e-07,1e-07,1e-07,1e-07,1e-07,1e-07,1e-07,1e-07,1e-07,1e-07,1e-07,1e-07,1e-07,1e-07,0.9999999,1e-07,1e-07,1e-07,1e-07,1e-07,1e-07,1e-07,1e-07,1e-07,1e-07
2022-08-17 09:52:39,1e-07,1e-07,1e-07,1e-07,1e-07,1e-07,1e-07,1e-07,1e-07,1e-07,1e-07,1e-07,1e-07,1e-07,1e-07,1e-07,1e-07,1e-07,1e-07,1e-07,1e-07,1e-07,1e-07,1e-07,1e-07,1e-07,1e-07,1e-07,0.9999999,1e-07,1e-07,1e-07,1e-07,1e-07,1e-07,1e-07,1e-07,1e-07,1e-07
2022-08-17 09:52:40,1e-07,1e-07,1e-07,1e-07,1e-07,1e-07,1e-07,1e-07,1e-07,1e-07,1e-07,1e-07,1e-07,1e-07,1e-07,1e-07,1e-07,1e-07,1e-07,1e-07,1e-07,1e-07,1e-07,1e-07,1e-07,1e-07,1e-07,1e-07,0.9999999,1e-07,1e-07,1e-07,1e-07,1e-07,1e-07,1e-07,1e-07,1e-07,1e-07
2022-08-17 09:52:41,1e-07,1e-07,1e-07,1e-07,1e-07,1e-07,1e-07,1e-07,1e-07,1e-07,1e-07,1e-07,1e-07,1e-07,1e-07,1e-07,1e-07,1e-07,1e-07,1e-07,1e-07,1e-07,1e-07,1e-07,1e-07,1e-07,1e-07,1e-07,0.9999999,1e-07,1e-07,1e-07,1e-07,1e-07,1e-07,1e-07,1e-07,1e-07,1e-07
2022-08-17 09:52:42,1e-07,1e-07,1e-07,1e-07,1e-07,1e-07,1e-07,1e-07,1e-07,1e-07,1e-07,1e-07,1e-07,1e-07,1e-07,1e-07,1e-07,1e-07,1e-07,1e-07,1e-07,1e-07,1e-07,1e-07,1e-07,1e-07,1e-07,1e-07,0.9999999,1e-07,1e-07,1e-07,1e-07,1e-07,1e-07,1e-07,1e-07,1e-07,1e-07
2022-08-17 09:52:43,1e-07,1e-07,1e-07,1e-07,1e-07,1e-07,1e-07,1e-07,1e-07,1e-07,1e-07,1e-07,1e-07,1e-07,1e-07,1e-07,1e-07,1e-07,1e-07,1e-07,1e-07,1e-07,1e-07,1e-07,1e-07,1e-07,1e-07,1e-07,0.9999999,1e-07,1e-07,1e-07,1e-07,1e-07,1e-07,1e-07,1e-07,1e-07,1e-07
2022-08-17 09:52:44,1e-07,1e-07,1e-07,1e-07,1e-07,1e-07,1e-07,1e-07,1e-07,1e-07,1e-07,1e-07,1e-07,1e-07,1e-07,1e-07,1e-07,1e-07,1e-07,1e-07,1e-07,1e-07,1e-07,1e-07,1e-07,1e-07,1e-07,1e-07,0.9999999,1e-07,1e-07,1e-07,1e-07,1e-07,1e-07,1e-07,1e-07,1e-07,1e-07
2022-08-17 09:52:45,1e-07,1e-07,1e-07,1e-07,1e-07,1e-07,1e-07,1e-07,1e-07,1e-07,1e-07,1e-07,1e-07,1e-07,1e-07,1e-07,1e-07,1e-07,1e-07,1e-07,1e-07,1e-07,1e-07,1e-07,1e-07,1e-07,1e-07,1e-07,0.9999999,1e-07,1e-07,1e-07,1e-07,1e-07,1e-07,1e-07,1e-07,1e-07,1e-07
2022-08-17 09:52:46,1e-07,1e-07,1e-07,1e-07,1e-07,1e-07,1e-07,1e-07,1e-07,1e-07,1e-07,1e-07,1e-07,1e-07,1e-07,1e-07,1e-07,1e-07,1e-07,1e-07,1e-07,1e-07,1e-07,1e-07,1e-07,1e-07,1e-07,1e-07,0.9999999,1e-07,1e-07,1e-07,1e-07,1e-07,1e-07,1e-07,1e-07,1e-07,1e-07
2022-08-17 09:52:47,1e-07,1e-07,1e-07,1e-07,1e-07,1e-07,1e-07,1e-07,1e-07,1e-07,1e-07,1e-07,1e-07,1e-07,1e-07,1e-07,1e-07,1e-07,1e-07,1e-07,1e-07,1e-07,1e-07,1e-07,1e-07,1e-07,1e-07,1e-07,0.9999999,1e-07,1e-07,1e-07,1e-07,1e-07,1e-07,1e-07,1e-07,1e-07,1e-07
2022-08-17 09:52:48,1e-07,1e-07,1e-07,1e-07,1e-07,1e-07,1e-07,1e-07,1e-07,1e-07,1e-07,1e-07,1e-07,1e-07,1e-07,1e-07,1e-07,1e-07,1e-07,1e-07,1e-07,1e-07,1e-07,1e-07,1e-07,1e-07,1e-07,1e-07,0.9999999,1e-07,1e-07,1e-07,1e-07,1e-07,1e-07,1e-07,1e-07,1e-07,1e-07
2022-08-17 09:52:49,1e-07,1e-07,1e-07,1e-07,1e-07,1e-07,1e-07,1e-07,1e-07,1e-07,1e-07,1e-07,1e-07,1e-07,1e-07,1e-07,1e-07,1e-07,1e-07,1e-07,1e-07,1e-07,1e-07,1e-07,1e-07,1e-07,1e-07,1e-07,0.9999999,1e-07,1e-07,1e-07,1e-07,1e-07,1e-07,1e-07,1e-07,1e-07,1e-07
2022-08-17 09:52:50,1e-07,1e-07,1e-07,1e-07,1e-07,1e-07,1e-07,1e-07,1e-07,1e-07,1e-07,1e-07,1e-07,1e-07,1e-07,1e-07,1e-07,1e-07,1e-07,1e-07,1e-07,1e-07,1e-07,1e-07,1e-07,1e-07,1e-07,1e-07,0.9999999,1e-07,1e-07,1e-07,1e-07,1e-07,1e-07,1e-07,1e-07,1e-07,1e-07
2022-08-17 09:52:51,1e-07,1e-07,1e-07,1e-07,1e-07,1e-07,1e-07,1e-07,1e-07,1e-07,1e-07,1e-07,1e-07,1e-07,1e-07,1e-07,1e-07,1e-07,1e-07,1e-07,1e-07,1e-07,1e-07,1e-07,1e-07,1e-07,1e-07,1e-07,0.9999999,1e-07,1e-07,1e-07,1e-07,1e-07,1e-07,1e-07,1e-07,1e-07,1e-07
2022-08-17 09:52:52,1e-07,1e-07,1e-07,1e-07,1e-07,1e-07,1e-07,1e-07,1e-07,1e-07,1e-07,1e-07,1e-07,1e-07,1e-07,1e-07,1e-07,1e-07,1e-07,1e-07,1e-07,1e-07,1e-07,1e-07,1e-07,1e-07,1e-07,1e-07,0.9999999,1e-07,1e-07,1e-07,1e-07,1e-07,1e-07,1e-07,1e-07,1e-07,1e-07
2022-08-17 09:52:53,1e-07,1e-07,1e-07,1e-07,1e-07,1e-07,1e-07,1e-07,1e-07,1e-07,1e-07,1e-07,1e-07,1e-07,1e-07,1e-07,1e-07,1e-07,1e-07,1e-07,1e-07,1e-07,1e-07,1e-07,1e-07,1e-07,1e-07,1e-07,0.9999999,1e-07,1e-07,1e-07,1e-07,1e-07,1e-07,1e-07,1e-07,1e-07,1e-07
2022-08-17 09:52:54,1e-07,1e-07,1e-07,1e-07,1e-07,1e-07,1e-07,1e-07,1e-07,1e-07,1e-07,1e-07,1e-07,1e-07,1e-07,1e-07,1e-07,1e-07,1e-07,1e-07,1e-07,1e-07,1e-07,1e-07,1e-07,1e-07,1e-07,1e-07,0.9999999,1e-07,1e-07,1e-07,1e-07,1e-07,1e-07,1e-07,1e-07,1e-07,1e-07
2022-08-17 09:52:55,1e-07,1e-07,1e-07,1e-07,1e-07,1e-07,1e-07,1e-07,1e-07,1e-07,1e-07,1e-07,1e-07,1e-07,1e-07,1e-07,1e-07,1e-07,1e-07,1e-07,1e-07,1e-07,1e-07,1e-07,1e-07,1e-07,1e-07,1e-07,0.9999999,1e-07,1e-07,1e-07,1e-07,1e-07,1e-07,1e-07,1e-07,1e-07,1e-07
2022-08-17 09:52:56,1e-07,1e-07,1e-07,1e-07,1e-07,1e-07,1e-07,1e-07,1e-07,1e-07,1e-07,1e-07,1e-07,1e-07,1e-07,1e-07,1e-07,1e-07,1e-07,1e-07,1e-07,1e-07,1e-07,1e-07,1e-07,1e-07,1e-07,1e-07,0.9999999,1e-07,1e-07,1e-07,1e-07,1e-07,1e-07,1e-07,1e-07,1e-07,1e-07
2022-08-17 09:52:57,1e-07,1e-07,1e-07,1e-07,1e-07,1e-07,1e-07,1e-07,1e-07,1e-07,1e-07,1e-07,1e-07,1e-07,1e-07,1e-07,1e-07,1e-07,1e-07,1e-07,1e-07,1e-07,1e-07,1e-07,1e-07,1e-07,1e-07,1e-07,0.9999999,1e-07,1e-07,1e-07,1e-07,1e-07,1e-07,1e-07,1e-07,1e-07,1e-07
2022-08-17 09:52:58,1e-07,1e-07,1e-07,1e-07,1e-07,1e-07,1e-07,1e-07,1e-07,1e-07,1e-07,1e-07,1e-07,1e-07,1e-07,1e-07,1e-07,1e-07,1e-07,1e-07,1e-07,1e-07,1e-07,1e-07,1e-07,1e-07,1e-07,1e-07,0.9999999,1e-07,1e-07,1e-07,1e-07,1e-07,1e-07,1e-07,1e-07,1e-07,1e-07
2022-08-17 09:52:59,1e-07,1e-07,1e-07,1e-07,1e-07,1e-07,1e-07,1e-07,1e-07,1e-07,1e-07,1e-07,1e-07,1e-07,1e-07,1e-07,1e-07,1e-07,1e-07,1e-07,1e-07,1e-07,1e-07,1e-07,1e-07,1e-07,1e-07,1e-07,0.9999999,1e-07,1e-07,1e-07,1e-07,1e-07,1e-07,1e-07,1e-07,1e-07,1e-07
2022-08-17 10:38:00,1e-07,1e-07,1e-07,1e-07,1e-07,1e-07,1e-07,1e-07,1e-07,1e-07,1e-07,1e-07,1e-07,1e-07,1e-07,1e-07,1e-07,1e-07,1e-07,1e-07,1e-07,1e-07,1e-07,1e-07,1e-07,1e-07,1e-07,0.9999999,1e-07,1e-07,1e-07,1e-07,1e-07,1e-07,1e-07,1e-07,1e-07,1e-07,1e-07
2022-08-17 10:38:01,1e-07,1e-07,1e-07,1e-07,1e-07,1e-07,1e-07,1e-07,1e-07,1e-07,1e-07,1e-07,1e-07,1e-07,1e-07,1e-07,1e-07,1e-07,1e-07,1e-07,1e-07,1e-07,1e-07,1e-07,1e-07,1e-07,1e-07,0.9999999,1e-07,1e-07,1e-07,1e-07,1e-07,1e-07,1e-07,1e-07,1e-07,1e-07,1e-07
2022-08-17 10:38:02,1e-07,1e-07,1e-07,1e-07,1e-07,1e-07,1e-07,1e-07,1e-07,1e-07,1e-07,1e-07,1e-07,1e-07,1e-07,1e-07,1e-07,1e-07,1e-07,1e-07,1e-07,1e-07,1e-07,1e-07,1e-07,1e-07,1e-07,0.9999999,1e-07,1e-07,1e-07,1e-07,1e-07,1e-07,1e-07,1e-07,1e-07,1e-07,1e-07
2022-08-17 10:38:03,1e-07,1e-07,1e-07,1e-07,1e-07,1e-07,1e-07,1e-07,1e-07,1e-07,1e-07,1e-07,1e-07,1e-07,1e-07,1e-07,1e-07,1e-07,1e-07,1e-07,1e-07,1e-07,1e-07,1e-07,1e-07,1e-07,1e-07,0.9999999,1e-07,1e-07,1e-07,1e-07,1e-07,1e-07,1e-07,1e-07,1e-07,1e-07,1e-07
2022-08-17 10:38:04,1e-07,1e-07,1e-07,1e-07,1e-07,1e-07,1e-07,1e-07,1e-07,1e-07,1e-07,1e-07,1e-07,1e-07,1e-07,1e-07,1e-07,1e-07,1e-07,1e-07,1e-07,1e-07,1e-07,1e-07,1e-07,1e-07,1e-07,0.9999999,1e-07,1e-07,1e-07,1e-07,1e-07,1e-07,1e-07,1e-07,1e-07,1e-07,1e-07
2022-08-17 10:38:05,1e-07,1e-07,1e-07,1e-07,1e-07,1e-07,1e-07,1e-07,1e-07,1e-07,1e-07,1e-07,1e-07,1e-07,1e-07,1e-07,1e-07,1e-07,1e-07,1e-07,1e-07,1e-07,1e-07,1e-07,1e-07,1e-07,1e-07,0.9999999,1e-07,1e-07,1e-07,1e-07,1e-07,1e-07,1e-07,1e-07,1e-07,1e-07,1e-07
2022-08-17 10:38:06,1e-07,1e-07,1e-07,1e-07,1e-07,1e-07,1e-07,1e-07,1e-07,1e-07,1e-07,1e-07,1e-07,1e-07,1e-07,1e-07,1e-07,1e-07,1e-07,1e-07,1e-07,1e-07,1e-07,1e-07,1e-07,1e-07,1e-07,0.9999999,1e-07,1e-07,1e-07,1e-07,1e-07,1e-07,1e-07,1e-07,1e-07,1e-07,1e-07
2022-08-17 10:38:07,1e-07,1e-07,1e-07,1e-07,1e-07,1e-07,1e-07,1e-07,1e-07,1e-07,1e-07,1e-07,1e-07,1e-07,1e-07,1e-07,1e-07,1e-07,1e-07,1e-07,1e-07,1e-07,1e-07,1e-07,1e-07,1e-07,1e-07,0.9999999,1e-07,1e-07,1e-07,1e-07,1e-07,1e-07,1e-07,1e-07,1e-07,1e-07,1e-07
2022-08-17 10:38:08,1e-07,1e-07,1e-07,1e-07,1e-07,1e-07,1e-07,1e-07,1e-07,1e-07,1e-07,1e-07,1e-07,1e-07,1e-07,1e-07,1e-07,1e-07,1e-07,1e-07,1e-07,1e-07,1e-07,1e-07,1e-07,1e-07,1e-07,0.9999999,1e-07,1e-07,1e-07,1e-07,1e-07,1e-07,1e-07,1e-07,1e-07,1e-07,1e-07
2022-08-17 10:38:09,1e-07,1e-07,1e-07,1e-07,1e-07,1e-07,1e-07,1e-07,1e-07,1e-07,1e-07,1e-07,1e-07,1e-07,1e-07,1e-07,1e-07,1e-07,1e-07,1e-07,1e-07,1e-07,1e-07,1e-07,1e-07,1e-07,1e-07,0.9999999,1e-07,1e-07,1e-07,1e-07,1e-07,1e-07,1e-07,1e-07,1e-07,1e-07,1e-07
2022-08-17 10:38:10,1e-07,1e-07,1e-07,1e-07,1e-07,1e-07,1e-07,1e-07,1e-07,1e-07,1e-07,1e-07,1e-07,1e-07,1e-07,1e-07,1e-07,1e-07,1e-07,1e-07,1e-07,1e-07,1e-07,1e-07,1e-07,1e-07,1e-07,0.9999999,1e-07,1e-07,1e-07,1e-07,1e-07,1e-07,1e-07,1e-07,1e-07,1e-07,1e-07
2022-08-17 10:38:11,1e-07,1e-07,1e-07,1e-07,1e-07,1e-07,1e-07,1e-07,1e-07,1e-07,1e-07,1e-07,1e-07,1e-07,1e-07,1e-07,1e-07,1e-07,1e-07,1e-07,1e-07,1e-07,1e-07,1e-07,1e-07,1e-07,1e-07,0.9999999,1e-07,1e-07,1e-07,1e-07,1e-07,1e-07,1e-07,1e-07,1e-07,1e-07,1e-07
2022-08-17 10:38:12,1e-07,1e-07,1e-07,1e-07,1e-07,1e-07,1e-07,1e-07,1e-07,1e-07,1e-07,1e-07,1e-07,1e-07,1e-07,1e-07,1e-07,1e-07,1e-07,1e-07,1e-07,1e-07,1e-07,1e-07,1e-07,1e-07,1e-07,0.9999999,1e-07,1e-07,1e-07,1e-07,1e-07,1e-07,1e-07,1e-07,1e-07,1e-07,1e-07
2022-08-17 10:38:13,1e-07,1e-07,1e-07,1e-07,1e-07,1e-07,1e-07,1e-07,1e-07,1e-07,1e-07,1e-07,1e-07,1e-07,1e-07,1e-07,1e-07,1e-07,1e-07,1e-07,1e-07,1e-07,1e-07,1e-07,1e-07,1e-07,1e-07,0.9999999,1e-07,1e-07,1e-07,1e-07,1e-07,1e-07,1e-07,1e-07,1e-07,1e-07,1e-07
2022-08-17 10:38:14,1e-07,1e-07,1e-07,1e-07,1e-07,1e-07,1e-07,1e-07,1e-07,1e-07,1e-07,1e-07,1e-07,1e-07,1e-07,1e-07,1e-07,1e-07,1e-07,1e-07,1e-07,1e-07,1e-07,1e-07,1e-07,1e-07,1e-07,0.9999999,1e-07,1e-07,1e-07,1e-07,1e-07,1e-07,1e-07,1e-07,1e-07,1e-07,1e-07
2022-08-17 10:38:15,1e-07,1e-07,1e-07,1e-07,1e-07,1e-07,1e-07,1e-07,1e-07,1e-07,1e-07,1e-07,1e-07,1e-07,1e-07,1e-07,1e-07,1e-07,1e-07,1e-07,1e-07,1e-07,1e-07,1e-07,1e-07,1e-07,1e-07,0.9999999,1e-07,1e-07,1e-07,1e-07,1e-07,1e-07,1e-07,1e-07,1e-07,1e-07,1e-07
2022-08-17 10:38:16,1e-07,1e-07,1e-07,1e-07,1e-07,1e-07,1e-07,1e-07,1e-07,1e-07,1e-07,1e-07,1e-07,1e-07,1e-07,1e-07,1e-07,1e-07,1e-07,1e-07,1e-07,1e-07,1e-07,1e-07,1e-07,1e-07,1e-07,0.9999999,1e-07,1e-07,1e-07,1e-07,1e-07,1e-07,1e-07,1e-07,1e-07,1e-07,1e-07
2022-08-17 10:38:17,1e-07,1e-07,1e-07,1e-07,1e-07,1e-07,1e-07,1e-07,1e-07,1e-07,1e-07,1e-07,1e-07,1e-07,1e-07,1e-07,1e-07,1e-07,1e-07,1e-07,1e-07,1e-07,1e-07,1e-07,1e-07,1e-07,1e-07,0.9999999,1e-07,1e-07,1e-07,1e-07,1e-07,1e-07,1e-07,1e-07,1e-07,1e-07,1e-07
2022-08-17 10:38:18,1e-07,1e-07,1e-07,1e-07,1e-07,1e-07,1e-07,1e-07,1e-07,1e-07,1e-07,1e-07,1e-07,1e-07,1e-07,1e-07,1e-07,1e-07,1e-07,1e-07,1e-07,1e-07,1e-07,1e-07,1e-07,1e-07,1e-07,0.9999999,1e-07,1e-07,1e-07,1e-07,1e-07,1e-07,1e-07,1e-07,1e-07,1e-07,1e-07
2022-08-17 10:38:19,1e-07,1e-07,1e-07,1e-07,1e-07,1e-07,1e-07,1e-07,1e-07,1e-07,1e-07,1e-07,1e-07,1e-07,1e-07,1e-07,1e-07,1e-07,1e-07,1e-07,1e-07,1e-07,1e-07,1e-07,1e-07,1e-07,1e-07,0.9999999,1e-07,1e-07,1e-07,1e-07,1e-07,1e-07,1e-07,1e-07,1e-07,1e-07,1e-07
2022-08-17 10:38:20,1e-07,1e-07,1e-07,1e-07,1e-07,1e-07,1e-07,1e-07,1e-07,1e-07,1e-07,1e-07,1e-07,1e-07,1e-07,1e-07,1e-07,1e-07,1e-07,1e-07,1e-07,1e-07,1e-07,1e-07,1e-07,1e-07,1e-07,0.9999999,1e-07,1e-07,1e-07,1e-07,1e-07,1e-07,1e-07,1e-07,1e-07,1e-07,1e-07
2022-08-17 10:38:21,1e-07,1e-07,1e-07,1e-07,1e-07,1e-07,1e-07,1e-07,1e-07,1e-07,1e-07,1e-07,1e-07,1e-07,1e-07,1e-07,1e-07,1e-07,1e-07,1e-07,1e-07,1e-07,1e-07,1e-07,1e-07,1e-07,1e-07,0.9999999,1e-07,1e-07,1e-07,1e-07,1e-07,1e-07,1e-07,1e-07,1e-07,1e-07,1e-07
2022-08-17 10:38:22,1e-07,1e-07,1e-07,1e-07,1e-07,1e-07,1e-07,1e-07,1e-07,1e-07,1e-07,1e-07,1e-07,1e-07,1e-07,1e-07,1e-07,1e-07,1e-07,1e-07,1e-07,1e-07,1e-07,1e-07,1e-07,1e-07,1e-07,0.9999999,1e-07,1e-07,1e-07,1e-07,1e-07,1e-07,1e-07,1e-07,1e-07,1e-07,1e-07
2022-08-17 10:38:23,1e-07,1e-07,1e-07,1e-07,1e-07,1e-07,1e-07,1e-07,1e-07,1e-07,1e-07,1e-07,1e-07,1e-07,1e-07,1e-07,1e-07,1e-07,1e-07,1e-07,1e-07,1e-07,1e-07,1e-07,1e-07,1e-07,1e-07,0.9999999,1e-07,1e-07,1e-07,1e-07,1e-07,1e-07,1e-07,1e-07,1e-07,1e-07,1e-07
2022-08-17 10:38:24,1e-07,1e-07,1e-07,1e-07,1e-07,1e-07,1e-07,1e-07,1e-07,1e-07,1e-07,1e-07,1e-07,1e-07,1e-07,1e-07,1e-07,1e-07,1e-07,1e-07,1e-07,1e-07,1e-07,1e-07,1e-07,1e-07,1e-07,0.9999999,1e-07,1e-07,1e-07,1e-07,1e-07,1e-07,1e-07,1e-07,1e-07,1e-07,1e-07
2022-08-17 10:38:25,1e-07,1e-07,1e-07,1e-07,1e-07,1e-07,1e-07,1e-07,1e-07,1e-07,1e-07,1e-07,1e-07,1e-07,1e-07,1e-07,1e-07,1e-07,1e-07,1e-07,1e-07,1e-07,1e-07,1e-07,1e-07,1e-07,1e-07,0.9999999,1e-07,1e-07,1e-07,1e-07,1e-07,1e-07,1e-07,1e-07,1e-07,1e-07,1e-07
2022-08-17 10:38:26,1e-07,1e-07,1e-07,1e-07,1e-07,1e-07,1e-07,1e-07,1e-07,1e-07,1e-07,1e-07,1e-07,1e-07,1e-07,1e-07,1e-07,1e-07,1e-07,1e-07,1e-07,1e-07,1e-07,1e-07,1e-07,1e-07,1e-07,0.9999999,1e-07,1e-07,1e-07,1e-07,1e-07,1e-07,1e-07,1e-07,1e-07,1e-07,1e-07
2022-08-17 10:38:27,1e-07,1e-07,1e-07,1e-07,1e-07,1e-07,1e-07,1e-07,1e-07,1e-07,1e-07,1e-07,1e-07,1e-07,1e-07,1e-07,1e-07,1e-07,1e-07,1e-07,1e-07,1e-07,1e-07,1e-07,1e-07,1e-07,1e-07,0.9999999,1e-07,1e-07,1e-07,1e-07,1e-07,1e-07,1e-07,1e-07,1e-07,1e-07,1e-07
2022-08-17 10:38:28,1e-07,1e-07,1e-07,1e-07,1e-07,1e-07,1e-07,1e-07,1e-07,1e-07,1e-07,1e-07,1e-07,1e-07,1e-07,1e-07,1e-07,1e-07,1e-07,1e-07,1e-07,1e-07,1e-07,1e-07,1e-07,1e-07,1e-07,0.9999999,1e-07,1e-07,1e-07,1e-07,1e-07,1e-07,1e-07,1e-07,1e-07,1e-07,1e-07
2022-08-17 10:38:29,1e-07,1e-07,1e-07,1e-07,1e-07,1e-07,1e-07,1e-07,1e-07,1e-07,1e-07,1e-07,1e-07,1e-07,1e-07,1e-07,1e-07,1e-07,1e-07,1e-07,1e-07,1e-07,1e-07,1e-07,1e-07,1e-07,1e-07,0.9999999,1e-07,1e-07,1e-07,1e-07,1e-07,1e-07,1e-07,1e-07,1e-07,1e-07,1e-07
2022-08-17 10:38:30,1e-07,1e-07,1e-07,1e-07,1e-07,1e-07,1e-07,1e-07,1e-07,1e-07,1e-07,1e-07,1e-07,1e-07,1e-07,1e-07,1e-07,1e-07,1e-07,1e-07,1e-07,1e-07,1e-07,1e-07,1e-07,1e-07,1e-07,0.9999999,1e-07,1e-07,1e-07,1e-07,1e-07,1e-07,1e-07,1e-07,1e-07,1e-07,1e-07
2022-08-17 10:38:31,1e-07,1e-07,1e-07,1e-07,1e-07,1e-07,1e-07,1e-07,1e-07,1e-07,1e-07,1e-07,1e-07,1e-07,1e-07,1e-07,1e-07,1e-07,1e-07,1e-07,1e-07,1e-07,1e-07,1e-07,1e-07,1e-07,1e-07,0.9999999,1e-07,1e-07,1e-07,1e-07,1e-07,1e-07,1e-07,1e-07,1e-07,1e-07,1e-07
2022-08-17 10:38:32,1e-07,1e-07,1e-07,1e-07,1e-07,1e-07,1e-07,1e-07,1e-07,1e-07,1e-07,1e-07,1e-07,1e-07,1e-07,1e-07,1e-07,1e-07,1e-07,1e-07,1e-07,1e-07,1e-07,1e-07,1e-07,1e-07,1e-07,0.9999999,1e-07,1e-07,1e-07,1e-07,1e-07,1e-07,1e-07,1e-07,1e-07,1e-07,1e-07
2022-08-17 10:38:33,1e-07,1e-07,1e-07,1e-07,1e-07,1e-07,1e-07,1e-07,1e-07,1e-07,1e-07,1e-07,1e-07,1e-07,1e-07,1e-07,1e-07,1e-07,1e-07,1e-07,1e-07,1e-07,1e-07,1e-07,1e-07,1e-07,1e-07,0.9999999,1e-07,1e-07,1e-07,1e-07,1e-07,1e-07,1e-07,1e-07,1e-07,1e-07,1e-07
2022-08-17 10:38:34,1e-07,1e-07,1e-07,1e-07,1e-07,1e-07,1e-07,1e-07,1e-07,1e-07,1e-07,1e-07,1e-07,1e-07,1e-07,1e-07,1e-07,1e-07,1e-07,1e-07,1e-07,1e-07,1e-07,1e-07,1e-07,1e-07,1e-07,0.9999999,1e-07,1e-07,1e-07,1e-07,1e-07,1e-07,1e-07,1e-07,1e-07,1e-07,1e-07
2022-08-17 10:38:35,1e-07,1e-07,1e-07,1e-07,1e-07,1e-07,1e-07,1e-07,1e-07,1e-07,1e-07,1e-07,1e-07,1e-07,1e-07,1e-07,1e-07,1e-07,1e-07,1e-07,1e-07,1e-07,1e-07,1e-07,1e-07,1e-07,1e-07,0.9999999,1e-07,1e-07,1e-07,1e-07,1e-07,1e-07,1e-07,1e-07,1e-07,1e-07,1e-07
2022-08-17 10:38:36,1e-07,1e-07,1e-07,1e-07,1e-07,1e-07,1e-07,1e-07,1e-07,1e-07,1e-07,1e-07,1e-07,1e-07,1e-07,1e-07,1e-07,1e-07,1e-07,1e-07,1e-07,1e-07,1e-07,1e-07,1e-07,1e-07,1e-07,0.9999999,1e-07,1e-07,1e-07,1e-07,1e-07,1e-07,1e-07,1e-07,1e-07,1e-07,1e-07
2022-08-17 10:38:37,1e-07,1e-07,1e-07,1e-07,1e-07,1e-07,1e-07,1e-07,1e-07,1e-07,1e-07,1e-07,1e-07,1e-07,1e-07,1e-07,1e-07,1e-07,1e-07,1e-07,1e-07,1e-07,1e-07,1e-07,1e-07,1e-07,1e-07,0.9999999,1e-07,1e-07,1e-07,1e-07,1e-07,1e-07,1e-07,1e-07,1e-07,1e-07,1e-07
2022-08-17 10:38:38,1e-07,1e-07,1e-07,1e-07,1e-07,1e-07,1e-07,1e-07,1e-07,1e-07,1e-07,1e-07,1e-07,1e-07,1e-07,1e-07,1e-07,1e-07,1e-07,1e-07,1e-07,1e-07,1e-07,1e-07,1e-07,1e-07,1e-07,0.9999999,1e-07,1e-07,1e-07,1e-07,1e-07,1e-07,1e-07,1e-07,1e-07,1e-07,1e-07
2022-08-17 10:38:39,1e-07,1e-07,1e-07,1e-07,1e-07,1e-07,1e-07,1e-07,1e-07,1e-07,1e-07,1e-07,1e-07,1e-07,1e-07,1e-07,1e-07,1e-07,1e-07,1e-07,1e-07,1e-07,1e-07,1e-07,1e-07,1e-07,1e-07,0.9999999,1e-07,1e-07,1e-07,1e-07,1e-07,1e-07,1e-07,1e-07,1e-07,1e-07,1e-07
2022-08-17 10:38:40,1e-07,1e-07,1e-07,1e-07,1e-07,1e-07,1e-07,1e-07,1e-07,1e-07,1e-07,1e-07,1e-07,1e-07,1e-07,1e-07,1e-07,1e-07,1e-07,1e-07,1e-07,1e-07,1e-07,1e-07,1e-07,1e-07,1e-07,0.9999999,1e-07,1e-07,1e-07,1e-07,1e-07,1e-07,1e-07,1e-07,1e-07,1e-07,1e-07
2022-08-17 10:38:41,1e-07,1e-07,1e-07,1e-07,1e-07,1e-07,1e-07,1e-07,1e-07,1e-07,1e-07,1e-07,1e-07,1e-07,1e-07,1e-07,1e-07,1e-07,1e-07,1e-07,1e-07,1e-07,1e-07,1e-07,1e-07,1e-07,1e-07,0.9999999,1e-07,1e-07,1e-07,1e-07,1e-07,1e-07,1e-07,1e-07,1e-07,1e-07,1e-07
2022-08-17 10:38:42,1e-07,1e-07,1e-07,1e-07,1e-07,1e-07,1e-07,1e-07,1e-07,1e-07,1e-07,1e-07,1e-07,1e-07,1e-07,1e-07,1e-07,1e-07,1e-07,1e-07,1e-07,1e-07,1e-07,1e-07,1e-07,1e-07,1e-07,0.9999999,1e-07,1e-07,1e-07,1e-07,1e-07,1e-07,1e-07,1e-07,1e-07,1e-07,1e-07
2022-08-17 10:38:43,1e-07,1e-07,1e-07,1e-07,1e-07,1e-07,1e-07,1e-07,1e-07,1e-07,1e-07,1e-07,1e-07,1e-07,1e-07,1e-07,1e-07,1e-07,1e-07,1e-07,1e-07,1e-07,1e-07,1e-07,1e-07,1e-07,1e-07,0.9999999,1e-07,1e-07,1e-07,1e-07,1e-07,1e-07,1e-07,1e-07,1e-07,1e-07,1e-07
2022-08-17 10:38:44,1e-07,1e-07,1e-07,1e-07,1e-07,1e-07,1e-07,1e-07,1e-07,1e-07,1e-07,1e-07,1e-07,1e-07,1e-07,1e-07,1e-07,1e-07,1e-07,1e-07,1e-07,1e-07,1e-07,1e-07,1e-07,1e-07,1e-07,0.9999999,1e-07,1e-07,1e-07,1e-07,1e-07,1e-07,1e-07,1e-07,1e-07,1e-07,1e-07
2022-08-17 10:38:45,1e-07,1e-07,1e-07,1e-07,1e-07,1e-07,1e-07,1e-07,1e-07,1e-07,1e-07,1e-07,1e-07,1e-07,1e-07,1e-07,1e-07,1e-07,1e-07,1e-07,1e-07,1e-07,1e-07,1e-07,1e-07,1e-07,1e-07,0.9999999,1e-07,1e-07,1e-07,1e-07,1e-07,1e-07,1e-07,1e-07,1e-07,1e-07,1e-07
2022-08-17 10:38:46,1e-07,1e-07,1e-07,1e-07,1e-07,1e-07,1e-07,1e-07,1e-07,1e-07,1e-07,1e-07,1e-07,1e-07,1e-07,1e-07,1e-07,1e-07,1e-07,1e-07,1e-07,1e-07,1e-07,1e-07,1e-07,1e-07,1e-07,0.9999999,1e-07,1e-07,1e-07,1e-07,1e-07,1e-07,1e-07,1e-07,1e-07,1e-07,1e-07
2022-08-17 10:38:47,1e-07,1e-07,1e-07,1e-07,1e-07,1e-07,1e-07,1e-07,1e-07,1e-07,1e-07,1e-07,1e-07,1e-07,1e-07,1e-07,1e-07,1e-07,1e-07,1e-07,1e-07,1e-07,1e-07,1e-07,1e-07,1e-07,1e-07,0.9999999,1e-07,1e-07,1e-07,1e-07,1e-07,1e-07,1e-07,1e-07,1e-07,1e-07,1e-07
2022-08-17 10:38:48,1e-07,1e-07,1e-07,1e-07,1e-07,1e-07,1e-07,1e-07,1e-07,1e-07,1e-07,1e-07,1e-07,1e-07,1e-07,1e-07,1e-07,1e-07,1e-07,1e-07,1e-07,1e-07,1e-07,1e-07,1e-07,1e-07,1e-07,0.9999999,1e-07,1e-07,1e-07,1e-07,1e-07,1e-07,1e-07,1e-07,1e-07,1e-07,1e-07
2022-08-17 10:38:49,1e-07,1e-07,1e-07,1e-07,1e-07,1e-07,1e-07,1e-07,1e-07,1e-07,1e-07,1e-07,1e-07,1e-07,1e-07,1e-07,1e-07,1e-07,1e-07,1e-07,1e-07,1e-07,1e-07,1e-07,1e-07,1e-07,1e-07,0.9999999,1e-07,1e-07,1e-07,1e-07,1e-07,1e-07,1e-07,1e-07,1e-07,1e-07,1e-07
2022-08-17 10:38:50,1e-07,1e-07,1e-07,1e-07,1e-07,1e-07,1e-07,1e-07,1e-07,1e-07,1e-07,1e-07,1e-07,1e-07,1e-07,1e-07,1e-07,1e-07,1e-07,1e-07,1e-07,1e-07,1e-07,1e-07,1e-07,1e-07,1e-07,0.9999999,1e-07,1e-07,1e-07,1e-07,1e-07,1e-07,1e-07,1e-07,1e-07,1e-07,1e-07
2022-08-17 10:38:51,1e-07,1e-07,1e-07,1e-07,1e-07,1e-07,1e-07,1e-07,1e-07,1e-07,1e-07,1e-07,1e-07,1e-07,1e-07,1e-07,1e-07,1e-07,1e-07,1e-07,1e-07,1e-07,1e-07,1e-07,1e-07,1e-07,1e-07,0.9999999,1e-07,1e-07,1e-07,1e-07,1e-07,1e-07,1e-07,1e-07,1e-07,1e-07,1e-07
2022-08-17 10:38:52,1e-07,1e-07,1e-07,1e-07,1e-07,1e-07,1e-07,1e-07,1e-07,1e-07,1e-07,1e-07,1e-07,1e-07,1e-07,1e-07,1e-07,1e-07,1e-07,1e-07,1e-07,1e-07,1e-07,1e-07,1e-07,1e-07,1e-07,0.9999999,1e-07,1e-07,1e-07,1e-07,1e-07,1e-07,1e-07,1e-07,1e-07,1e-07,1e-07
2022-08-17 10:38:53,1e-07,1e-07,1e-07,1e-07,1e-07,1e-07,1e-07,1e-07,1e-07,1e-07,1e-07,1e-07,1e-07,1e-07,1e-07,1e-07,1e-07,1e-07,1e-07,1e-07,1e-07,1e-07,1e-07,1e-07,1e-07,1e-07,1e-07,0.9999999,1e-07,1e-07,1e-07,1e-07,1e-07,1e-07,1e-07,1e-07,1e-07,1e-07,1e-07
2022-08-17 10:38:54,1e-07,1e-07,1e-07,1e-07,1e-07,1e-07,1e-07,1e-07,1e-07,1e-07,1e-07,1e-07,1e-07,1e-07,1e-07,1e-07,1e-07,1e-07,1e-07,1e-07,1e-07,1e-07,1e-07,1e-07,1e-07,1e-07,1e-07,0.9999999,1e-07,1e-07,1e-07,1e-07,1e-07,1e-07,1e-07,1e-07,1e-07,1e-07,1e-07
2022-08-17 10:38:55,1e-07,1e-07,1e-07,1e-07,1e-07,1e-07,1e-07,1e-07,1e-07,1e-07,1e-07,1e-07,1e-07,1e-07,1e-07,1e-07,1e-07,1e-07,1e-07,1e-07,1e-07,1e-07,1e-07,1e-07,1e-07,1e-07,1e-07,0.9999999,1e-07,1e-07,1e-07,1e-07,1e-07,1e-07,1e-07,1e-07,1e-07,1e-07,1e-07
2022-08-17 10:38:56,1e-07,1e-07,1e-07,1e-07,1e-07,1e-07,1e-07,1e-07,1e-07,1e-07,1e-07,1e-07,1e-07,1e-07,1e-07,1e-07,1e-07,1e-07,1e-07,1e-07,1e-07,1e-07,1e-07,1e-07,1e-07,1e-07,1e-07,0.9999999,1e-07,1e-07,1e-07,1e-07,1e-07,1e-07,1e-07,1e-07,1e-07,1e-07,1e-07
2022-08-17 10:38:57,1e-07,1e-07,1e-07,1e-07,1e-07,1e-07,1e-07,1e-07,1e-07,1e-07,1e-07,1e-07,1e-07,1e-07,1e-07,1e-07,1e-07,1e-07,1e-07,1e-07,1e-07,1e-07,1e-07,1e-07,1e-07,1e-07,1e-07,0.9999999,1e-07,1e-07,1e-07,1e-07,1e-07,1e-07,1e-07,1e-07,1e-07,1e-07,1e-07
2022-08-17 10:38:58,1e-07,1e-07,1e-07,1e-07,1e-07,1e-07,1e-07,1e-07,1e-07,1e-07,1e-07,1e-07,1e-07,1e-07,1e-07,1e-07,1e-07,1e-07,1e-07,1e-07,1e-07,1e-07,1e-07,1e-07,1e-07,1e-07,1e-07,0.9999999,1e-07,1e-07,1e-07,1e-07,1e-07,1e-07,1e-07,1e-07,1e-07,1e-07,1e-07
2022-08-17 10:38:59,1e-07,1e-07,1e-07,1e-07,1e-07,1e-07,1e-07,1e-07,1e-07,1e-07,1e-07,1e-07,1e-07,1e-07,1e-07,1e-07,1e-07,1e-07,1e-07,1e-07,1e-07,1e-07,1e-07,1e-07,1e-07,1e-07,1e-07,0.9999999,1e-07,1e-07,1e-07,1e-07,1e-07,1e-07,1e-07,1e-07,1e-07,1e-07,1e-07
2022-08-17 12:26:00,1e-07,1e-07,1e-07,1e-07,1e-07,1e-07,1e-07,1e-07,1e-07,1e-07,1e-07,1e-07,1e-07,1e-07,1e-07,1e-07,1e-07,1e-07,1e-07,0.9999999,1e-07,1e-07,1e-07,1e-07,1e-07,1e-07,1e-07,1e-07,1e-07,1e-07,1e-07,1e-07,1e-07,1e-07,1e-07,1e-07,1e-07,1e-07,1e-07
2022-08-17 12:26:01,1e-07,1e-07,1e-07,1e-07,1e-07,1e-07,1e-07,1e-07,1e-07,1e-07,1e-07,1e-07,1e-07,1e-07,1e-07,1e-07,1e-07,1e-07,1e-07,0.9999999,1e-07,1e-07,1e-07,1e-07,1e-07,1e-07,1e-07,1e-07,1e-07,1e-07,1e-07,1e-07,1e-07,1e-07,1e-07,1e-07,1e-07,1e-07,1e-07
2022-08-17 12:26:02,1e-07,1e-07,1e-07,1e-07,1e-07,1e-07,1e-07,1e-07,1e-07,1e-07,1e-07,1e-07,1e-07,1e-07,1e-07,1e-07,1e-07,1e-07,1e-07,0.9999999,1e-07,1e-07,1e-07,1e-07,1e-07,1e-07,1e-07,1e-07,1e-07,1e-07,1e-07,1e-07,1e-07,1e-07,1e-07,1e-07,1e-07,1e-07,1e-07
2022-08-17 12:26:03,1e-07,1e-07,1e-07,1e-07,1e-07,1e-07,1e-07,1e-07,1e-07,1e-07,1e-07,1e-07,1e-07,1e-07,1e-07,1e-07,1e-07,1e-07,1e-07,0.9999999,1e-07,1e-07,1e-07,1e-07,1e-07,1e-07,1e-07,1e-07,1e-07,1e-07,1e-07,1e-07,1e-07,1e-07,1e-07,1e-07,1e-07,1e-07,1e-07
2022-08-17 12:26:04,1e-07,1e-07,1e-07,1e-07,1e-07,1e-07,1e-07,1e-07,1e-07,1e-07,1e-07,1e-07,1e-07,1e-07,1e-07,1e-07,1e-07,1e-07,1e-07,0.9999999,1e-07,1e-07,1e-07,1e-07,1e-07,1e-07,1e-07,1e-07,1e-07,1e-07,1e-07,1e-07,1e-07,1e-07,1e-07,1e-07,1e-07,1e-07,1e-07
2022-08-17 12:26:05,1e-07,1e-07,1e-07,1e-07,1e-07,1e-07,1e-07,1e-07,1e-07,1e-07,1e-07,1e-07,1e-07,1e-07,1e-07,1e-07,1e-07,1e-07,1e-07,0.9999999,1e-07,1e-07,1e-07,1e-07,1e-07,1e-07,1e-07,1e-07,1e-07,1e-07,1e-07,1e-07,1e-07,1e-07,1e-07,1e-07,1e-07,1e-07,1e-07
2022-08-17 12:26:06,1e-07,1e-07,1e-07,1e-07,1e-07,1e-07,1e-07,1e-07,1e-07,1e-07,1e-07,1e-07,1e-07,1e-07,1e-07,1e-07,1e-07,1e-07,1e-07,0.9999999,1e-07,1e-07,1e-07,1e-07,1e-07,1e-07,1e-07,1e-07,1e-07,1e-07,1e-07,1e-07,1e-07,1e-07,1e-07,1e-07,1e-07,1e-07,1e-07
2022-08-17 12:26:07,1e-07,1e-07,1e-07,1e-07,1e-07,1e-07,1e-07,1e-07,1e-07,1e-07,1e-07,1e-07,1e-07,1e-07,1e-07,1e-07,1e-07,1e-07,1e-07,0.9999999,1e-07,1e-07,1e-07,1e-07,1e-07,1e-07,1e-07,1e-07,1e-07,1e-07,1e-07,1e-07,1e-07,1e-07,1e-07,1e-07,1e-07,1e-07,1e-07
2022-08-17 12:26:08,1e-07,1e-07,1e-07,1e-07,1e-07,1e-07,1e-07,1e-07,1e-07,1e-07,1e-07,1e-07,1e-07,1e-07,1e-07,1e-07,1e-07,1e-07,1e-07,0.9999999,1e-07,1e-07,1e-07,1e-07,1e-07,1e-07,1e-07,1e-07,1e-07,1e-07,1e-07,1e-07,1e-07,1e-07,1e-07,1e-07,1e-07,1e-07,1e-07
2022-08-17 12:26:09,1e-07,1e-07,1e-07,1e-07,1e-07,1e-07,1e-07,1e-07,1e-07,1e-07,1e-07,1e-07,1e-07,1e-07,1e-07,1e-07,1e-07,1e-07,1e-07,0.9999999,1e-07,1e-07,1e-07,1e-07,1e-07,1e-07,1e-07,1e-07,1e-07,1e-07,1e-07,1e-07,1e-07,1e-07,1e-07,1e-07,1e-07,1e-07,1e-07
2022-08-17 12:26:10,1e-07,1e-07,1e-07,1e-07,1e-07,1e-07,1e-07,1e-07,1e-07,1e-07,1e-07,1e-07,1e-07,1e-07,1e-07,1e-07,1e-07,1e-07,1e-07,0.9999999,1e-07,1e-07,1e-07,1e-07,1e-07,1e-07,1e-07,1e-07,1e-07,1e-07,1e-07,1e-07,1e-07,1e-07,1e-07,1e-07,1e-07,1e-07,1e-07
2022-08-17 12:26:11,1e-07,1e-07,1e-07,1e-07,1e-07,1e-07,1e-07,1e-07,1e-07,1e-07,1e-07,1e-07,1e-07,1e-07,1e-07,1e-07,1e-07,1e-07,1e-07,0.9999999,1e-07,1e-07,1e-07,1e-07,1e-07,1e-07,1e-07,1e-07,1e-07,1e-07,1e-07,1e-07,1e-07,1e-07,1e-07,1e-07,1e-07,1e-07,1e-07
2022-08-17 12:26:12,1e-07,1e-07,1e-07,1e-07,1e-07,1e-07,1e-07,1e-07,1e-07,1e-07,1e-07,1e-07,1e-07,1e-07,1e-07,1e-07,1e-07,1e-07,1e-07,0.9999999,1e-07,1e-07,1e-07,1e-07,1e-07,1e-07,1e-07,1e-07,1e-07,1e-07,1e-07,1e-07,1e-07,1e-07,1e-07,1e-07,1e-07,1e-07,1e-07
2022-08-17 12:26:13,1e-07,1e-07,1e-07,1e-07,1e-07,1e-07,1e-07,1e-07,1e-07,1e-07,1e-07,1e-07,1e-07,1e-07,1e-07,1e-07,1e-07,1e-07,1e-07,0.9999999,1e-07,1e-07,1e-07,1e-07,1e-07,1e-07,1e-07,1e-07,1e-07,1e-07,1e-07,1e-07,1e-07,1e-07,1e-07,1e-07,1e-07,1e-07,1e-07
2022-08-17 12:26:14,1e-07,1e-07,1e-07,1e-07,1e-07,1e-07,1e-07,1e-07,1e-07,1e-07,1e-07,1e-07,1e-07,1e-07,1e-07,1e-07,1e-07,1e-07,1e-07,0.9999999,1e-07,1e-07,1e-07,1e-07,1e-07,1e-07,1e-07,1e-07,1e-07,1e-07,1e-07,1e-07,1e-07,1e-07,1e-07,1e-07,1e-07,1e-07,1e-07
2022-08-17 12:26:15,1e-07,1e-07,1e-07,1e-07,1e-07,1e-07,1e-07,1e-07,1e-07,1e-07,1e-07,1e-07,1e-07,1e-07,1e-07,1e-07,1e-07,1e-07,1e-07,0.9999999,1e-07,1e-07,1e-07,1e-07,1e-07,1e-07,1e-07,1e-07,1e-07,1e-07,1e-07,1e-07,1e-07,1e-07,1e-07,1e-07,1e-07,1e-07,1e-07
2022-08-17 12:26:16,1e-07,1e-07,1e-07,1e-07,1e-07,1e-07,1e-07,1e-07,1e-07,1e-07,1e-07,1e-07,1e-07,1e-07,1e-07,1e-07,1e-07,1e-07,1e-07,0.9999999,1e-07,1e-07,1e-07,1e-07,1e-07,1e-07,1e-07,1e-07,1e-07,1e-07,1e-07,1e-07,1e-07,1e-07,1e-07,1e-07,1e-07,1e-07,1e-07
2022-08-17 12:26:17,1e-07,1e-07,1e-07,1e-07,1e-07,1e-07,1e-07,1e-07,1e-07,1e-07,1e-07,1e-07,1e-07,1e-07,1e-07,1e-07,1e-07,1e-07,1e-07,0.9999999,1e-07,1e-07,1e-07,1e-07,1e-07,1e-07,1e-07,1e-07,1e-07,1e-07,1e-07,1e-07,1e-07,1e-07,1e-07,1e-07,1e-07,1e-07,1e-07
2022-08-17 12:26:18,1e-07,1e-07,1e-07,1e-07,1e-07,1e-07,1e-07,1e-07,1e-07,1e-07,1e-07,1e-07,1e-07,1e-07,1e-07,1e-07,1e-07,1e-07,1e-07,0.9999999,1e-07,1e-07,1e-07,1e-07,1e-07,1e-07,1e-07,1e-07,1e-07,1e-07,1e-07,1e-07,1e-07,1e-07,1e-07,1e-07,1e-07,1e-07,1e-07
2022-08-17 12:26:19,1e-07,1e-07,1e-07,1e-07,1e-07,1e-07,1e-07,1e-07,1e-07,1e-07,1e-07,1e-07,1e-07,1e-07,1e-07,1e-07,1e-07,1e-07,1e-07,0.9999999,1e-07,1e-07,1e-07,1e-07,1e-07,1e-07,1e-07,1e-07,1e-07,1e-07,1e-07,1e-07,1e-07,1e-07,1e-07,1e-07,1e-07,1e-07,1e-07
2022-08-17 12:26:20,1e-07,1e-07,1e-07,1e-07,1e-07,1e-07,1e-07,1e-07,1e-07,1e-07,1e-07,1e-07,1e-07,1e-07,1e-07,1e-07,1e-07,1e-07,1e-07,0.9999999,1e-07,1e-07,1e-07,1e-07,1e-07,1e-07,1e-07,1e-07,1e-07,1e-07,1e-07,1e-07,1e-07,1e-07,1e-07,1e-07,1e-07,1e-07,1e-07
2022-08-17 12:26:21,1e-07,1e-07,1e-07,1e-07,1e-07,1e-07,1e-07,1e-07,1e-07,1e-07,1e-07,1e-07,1e-07,1e-07,1e-07,1e-07,1e-07,1e-07,1e-07,0.9999999,1e-07,1e-07,1e-07,1e-07,1e-07,1e-07,1e-07,1e-07,1e-07,1e-07,1e-07,1e-07,1e-07,1e-07,1e-07,1e-07,1e-07,1e-07,1e-07
2022-08-17 12:26:22,1e-07,1e-07,1e-07,1e-07,1e-07,1e-07,1e-07,1e-07,1e-07,1e-07,1e-07,1e-07,1e-07,1e-07,1e-07,1e-07,1e-07,1e-07,1e-07,0.9999999,1e-07,1e-07,1e-07,1e-07,1e-07,1e-07,1e-07,1e-07,1e-07,1e-07,1e-07,1e-07,1e-07,1e-07,1e-07,1e-07,1e-07,1e-07,1e-07
2022-08-17 12:26:23,1e-07,1e-07,1e-07,1e-07,1e-07,1e-07,1e-07,1e-07,1e-07,1e-07,1e-07,1e-07,1e-07,1e-07,1e-07,1e-07,1e-07,1e-07,1e-07,0.9999999,1e-07,1e-07,1e-07,1e-07,1e-07,1e-07,1e-07,1e-07,1e-07,1e-07,1e-07,1e-07,1e-07,1e-07,1e-07,1e-07,1e-07,1e-07,1e-07
2022-08-17 12:26:24,1e-07,1e-07,1e-07,1e-07,1e-07,1e-07,1e-07,1e-07,1e-07,1e-07,1e-07,1e-07,1e-07,1e-07,1e-07,1e-07,1e-07,1e-07,1e-07,0.9999999,1e-07,1e-07,1e-07,1e-07,1e-07,1e-07,1e-07,1e-07,1e-07,1e-07,1e-07,1e-07,1e-07,1e-07,1e-07,1e-07,1e-07,1e-07,1e-07
2022-08-17 12:26:25,1e-07,1e-07,1e-07,1e-07,1e-07,1e-07,1e-07,1e-07,1e-07,1e-07,1e-07,1e-07,1e-07,1e-07,1e-07,1e-07,1e-07,1e-07,1e-07,0.9999999,1e-07,1e-07,1e-07,1e-07,1e-07,1e-07,1e-07,1e-07,1e-07,1e-07,1e-07,1e-07,1e-07,1e-07,1e-07,1e-07,1e-07,1e-07,1e-07
2022-08-17 12:26:26,1e-07,1e-07,1e-07,1e-07,1e-07,1e-07,1e-07,1e-07,1e-07,1e-07,1e-07,1e-07,1e-07,1e-07,1e-07,1e-07,1e-07,1e-07,1e-07,0.9999999,1e-07,1e-07,1e-07,1e-07,1e-07,1e-07,1e-07,1e-07,1e-07,1e-07,1e-07,1e-07,1e-07,1e-07,1e-07,1e-07,1e-07,1e-07,1e-07
2022-08-17 12:26:27,1e-07,1e-07,1e-07,1e-07,1e-07,1e-07,1e-07,1e-07,1e-07,1e-07,1e-07,1e-07,1e-07,1e-07,1e-07,1e-07,1e-07,1e-07,1e-07,0.9999999,1e-07,1e-07,1e-07,1e-07,1e-07,1e-07,1e-07,1e-07,1e-07,1e-07,1e-07,1e-07,1e-07,1e-07,1e-07,1e-07,1e-07,1e-07,1e-07
2022-08-17 12:26:28,1e-07,1e-07,1e-07,1e-07,1e-07,1e-07,1e-07,1e-07,1e-07,1e-07,1e-07,1e-07,1e-07,1e-07,1e-07,1e-07,1e-07,1e-07,1e-07,0.9999999,1e-07,1e-07,1e-07,1e-07,1e-07,1e-07,1e-07,1e-07,1e-07,1e-07,1e-07,1e-07,1e-07,1e-07,1e-07,1e-07,1e-07,1e-07,1e-07
2022-08-17 12:26:29,1e-07,1e-07,1e-07,1e-07,1e-07,1e-07,1e-07,1e-07,1e-07,1e-07,1e-07,1e-07,1e-07,1e-07,1e-07,1e-07,1e-07,1e-07,1e-07,0.9999999,1e-07,1e-07,1e-07,1e-07,1e-07,1e-07,1e-07,1e-07,1e-07,1e-07,1e-07,1e-07,1e-07,1e-07,1e-07,1e-07,1e-07,1e-07,1e-07
2022-08-17 12:26:30,1e-07,1e-07,1e-07,1e-07,1e-07,1e-07,1e-07,1e-07,1e-07,1e-07,1e-07,1e-07,1e-07,1e-07,1e-07,1e-07,1e-07,1e-07,1e-07,0.9999999,1e-07,1e-07,1e-07,1e-07,1e-07,1e-07,1e-07,1e-07,1e-07,1e-07,1e-07,1e-07,1e-07,1e-07,1e-07,1e-07,1e-07,1e-07,1e-07
2022-08-17 12:26:31,1e-07,1e-07,1e-07,1e-07,1e-07,1e-07,1e-07,1e-07,1e-07,1e-07,1e-07,1e-07,1e-07,1e-07,1e-07,1e-07,1e-07,1e-07,1e-07,0.9999999,1e-07,1e-07,1e-07,1e-07,1e-07,1e-07,1e-07,1e-07,1e-07,1e-07,1e-07,1e-07,1e-07,1e-07,1e-07,1e-07,1e-07,1e-07,1e-07
2022-08-17 12:26:32,1e-07,1e-07,1e-07,1e-07,1e-07,1e-07,1e-07,1e-07,1e-07,1e-07,1e-07,1e-07,1e-07,1e-07,1e-07,1e-07,1e-07,1e-07,1e-07,0.9999999,1e-07,1e-07,1e-07,1e-07,1e-07,1e-07,1e-07,1e-07,1e-07,1e-07,1e-07,1e-07,1e-07,1e-07,1e-07,1e-07,1e-07,1e-07,1e-07
2022-08-17 12:26:33,1e-07,1e-07,1e-07,1e-07,1e-07,1e-07,1e-07,1e-07,1e-07,1e-07,1e-07,1e-07,1e-07,1e-07,1e-07,1e-07,1e-07,1e-07,1e-07,0.9999999,1e-07,1e-07,1e-07,1e-07,1e-07,1e-07,1e-07,1e-07,1e-07,1e-07,1e-07,1e-07,1e-07,1e-07,1e-07,1e-07,1e-07,1e-07,1e-07
2022-08-17 12:26:34,1e-07,1e-07,1e-07,1e-07,1e-07,1e-07,1e-07,1e-07,1e-07,1e-07,1e-07,1e-07,1e-07,1e-07,1e-07,1e-07,1e-07,1e-07,1e-07,0.9999999,1e-07,1e-07,1e-07,1e-07,1e-07,1e-07,1e-07,1e-07,1e-07,1e-07,1e-07,1e-07,1e-07,1e-07,1e-07,1e-07,1e-07,1e-07,1e-07
2022-08-17 12:26:35,1e-07,1e-07,1e-07,1e-07,1e-07,1e-07,1e-07,1e-07,1e-07,1e-07,1e-07,1e-07,1e-07,1e-07,1e-07,1e-07,1e-07,1e-07,1e-07,0.9999999,1e-07,1e-07,1e-07,1e-07,1e-07,1e-07,1e-07,1e-07,1e-07,1e-07,1e-07,1e-07,1e-07,1e-07,1e-07,1e-07,1e-07,1e-07,1e-07
2022-08-17 12:26:36,1e-07,1e-07,1e-07,1e-07,1e-07,1e-07,1e-07,1e-07,1e-07,1e-07,1e-07,1e-07,1e-07,1e-07,1e-07,1e-07,1e-07,1e-07,1e-07,0.9999999,1e-07,1e-07,1e-07,1e-07,1e-07,1e-07,1e-07,1e-07,1e-07,1e-07,1e-07,1e-07,1e-07,1e-07,1e-07,1e-07,1e-07,1e-07,1e-07
2022-08-17 12:26:37,1e-07,1e-07,1e-07,1e-07,1e-07,1e-07,1e-07,1e-07,1e-07,1e-07,1e-07,1e-07,1e-07,1e-07,1e-07,1e-07,1e-07,1e-07,1e-07,0.9999999,1e-07,1e-07,1e-07,1e-07,1e-07,1e-07,1e-07,1e-07,1e-07,1e-07,1e-07,1e-07,1e-07,1e-07,1e-07,1e-07,1e-07,1e-07,1e-07
2022-08-17 12:26:38,1e-07,1e-07,1e-07,1e-07,1e-07,1e-07,1e-07,1e-07,1e-07,1e-07,1e-07,1e-07,1e-07,1e-07,1e-07,1e-07,1e-07,1e-07,1e-07,0.9999999,1e-07,1e-07,1e-07,1e-07,1e-07,1e-07,1e-07,1e-07,1e-07,1e-07,1e-07,1e-07,1e-07,1e-07,1e-07,1e-07,1e-07,1e-07,1e-07
2022-08-17 12:26:39,1e-07,1e-07,1e-07,1e-07,1e-07,1e-07,1e-07,1e-07,1e-07,1e-07,1e-07,1e-07,1e-07,1e-07,1e-07,1e-07,1e-07,1e-07,1e-07,0.9999999,1e-07,1e-07,1e-07,1e-07,1e-07,1e-07,1e-07,1e-07,1e-07,1e-07,1e-07,1e-07,1e-07,1e-07,1e-07,1e-07,1e-07,1e-07,1e-07
2022-08-17 12:26:40,1e-07,1e-07,1e-07,1e-07,1e-07,1e-07,1e-07,1e-07,1e-07,1e-07,1e-07,1e-07,1e-07,1e-07,1e-07,1e-07,1e-07,1e-07,1e-07,0.9999999,1e-07,1e-07,1e-07,1e-07,1e-07,1e-07,1e-07,1e-07,1e-07,1e-07,1e-07,1e-07,1e-07,1e-07,1e-07,1e-07,1e-07,1e-07,1e-07
2022-08-17 12:26:41,1e-07,1e-07,1e-07,1e-07,1e-07,1e-07,1e-07,1e-07,1e-07,1e-07,1e-07,1e-07,1e-07,1e-07,1e-07,1e-07,1e-07,1e-07,1e-07,0.9999999,1e-07,1e-07,1e-07,1e-07,1e-07,1e-07,1e-07,1e-07,1e-07,1e-07,1e-07,1e-07,1e-07,1e-07,1e-07,1e-07,1e-07,1e-07,1e-07
2022-08-17 12:26:42,1e-07,1e-07,1e-07,1e-07,1e-07,1e-07,1e-07,1e-07,1e-07,1e-07,1e-07,1e-07,1e-07,1e-07,1e-07,1e-07,1e-07,1e-07,1e-07,0.9999999,1e-07,1e-07,1e-07,1e-07,1e-07,1e-07,1e-07,1e-07,1e-07,1e-07,1e-07,1e-07,1e-07,1e-07,1e-07,1e-07,1e-07,1e-07,1e-07
2022-08-17 12:26:43,1e-07,1e-07,1e-07,1e-07,1e-07,1e-07,1e-07,1e-07,1e-07,1e-07,1e-07,1e-07,1e-07,1e-07,1e-07,1e-07,1e-07,1e-07,1e-07,0.9999999,1e-07,1e-07,1e-07,1e-07,1e-07,1e-07,1e-07,1e-07,1e-07,1e-07,1e-07,1e-07,1e-07,1e-07,1e-07,1e-07,1e-07,1e-07,1e-07
2022-08-17 12:26:44,1e-07,1e-07,1e-07,1e-07,1e-07,1e-07,1e-07,1e-07,1e-07,1e-07,1e-07,1e-07,1e-07,1e-07,1e-07,1e-07,1e-07,1e-07,1e-07,0.9999999,1e-07,1e-07,1e-07,1e-07,1e-07,1e-07,1e-07,1e-07,1e-07,1e-07,1e-07,1e-07,1e-07,1e-07,1e-07,1e-07,1e-07,1e-07,1e-07
2022-08-17 12:26:45,1e-07,1e-07,1e-07,1e-07,1e-07,1e-07,1e-07,1e-07,1e-07,1e-07,1e-07,1e-07,1e-07,1e-07,1e-07,1e-07,1e-07,1e-07,1e-07,0.9999999,1e-07,1e-07,1e-07,1e-07,1e-07,1e-07,1e-07,1e-07,1e-07,1e-07,1e-07,1e-07,1e-07,1e-07,1e-07,1e-07,1e-07,1e-07,1e-07
2022-08-17 12:26:46,1e-07,1e-07,1e-07,1e-07,1e-07,1e-07,1e-07,1e-07,1e-07,1e-07,1e-07,1e-07,1e-07,1e-07,1e-07,1e-07,1e-07,1e-07,1e-07,0.9999999,1e-07,1e-07,1e-07,1e-07,1e-07,1e-07,1e-07,1e-07,1e-07,1e-07,1e-07,1e-07,1e-07,1e-07,1e-07,1e-07,1e-07,1e-07,1e-07
2022-08-17 12:26:47,1e-07,1e-07,1e-07,1e-07,1e-07,1e-07,1e-07,1e-07,1e-07,1e-07,1e-07,1e-07,1e-07,1e-07,1e-07,1e-07,1e-07,1e-07,1e-07,0.9999999,1e-07,1e-07,1e-07,1e-07,1e-07,1e-07,1e-07,1e-07,1e-07,1e-07,1e-07,1e-07,1e-07,1e-07,1e-07,1e-07,1e-07,1e-07,1e-07
2022-08-17 12:26:48,1e-07,1e-07,1e-07,1e-07,1e-07,1e-07,1e-07,1e-07,1e-07,1e-07,1e-07,1e-07,1e-07,1e-07,1e-07,1e-07,1e-07,1e-07,1e-07,0.9999999,1e-07,1e-07,1e-07,1e-07,1e-07,1e-07,1e-07,1e-07,1e-07,1e-07,1e-07,1e-07,1e-07,1e-07,1e-07,1e-07,1e-07,1e-07,1e-07
2022-08-17 12:26:49,1e-07,1e-07,1e-07,1e-07,1e-07,1e-07,1e-07,1e-07,1e-07,1e-07,1e-07,1e-07,1e-07,1e-07,1e-07,1e-07,1e-07,1e-07,1e-07,0.9999999,1e-07,1e-07,1e-07,1e-07,1e-07,1e-07,1e-07,1e-07,1e-07,1e-07,1e-07,1e-07,1e-07,1e-07,1e-07,1e-07,1e-07,1e-07,1e-07
2022-08-17 12:26:50,1e-07,1e-07,1e-07,1e-07,1e-07,1e-07,1e-07,1e-07,1e-07,1e-07,1e-07,1e-07,1e-07,1e-07,1e-07,1e-07,1e-07,1e-07,1e-07,0.9999999,1e-07,1e-07,1e-07,1e-07,1e-07,1e-07,1e-07,1e-07,1e-07,1e-07,1e-07,1e-07,1e-07,1e-07,1e-07,1e-07,1e-07,1e-07,1e-07
2022-08-17 12:26:51,1e-07,1e-07,1e-07,1e-07,1e-07,1e-07,1e-07,1e-07,1e-07,1e-07,1e-07,1e-07,1e-07,1e-07,1e-07,1e-07,1e-07,1e-07,1e-07,0.9999999,1e-07,1e-07,1e-07,1e-07,1e-07,1e-07,1e-07,1e-07,1e-07,1e-07,1e-07,1e-07,1e-07,1e-07,1e-07,1e-07,1e-07,1e-07,1e-07
2022-08-17 12:26:52,1e-07,1e-07,1e-07,1e-07,1e-07,1e-07,1e-07,1e-07,1e-07,1e-07,1e-07,1e-07,1e-07,1e-07,1e-07,1e-07,1e-07,1e-07,1e-07,0.9999999,1e-07,1e-07,1e-07,1e-07,1e-07,1e-07,1e-07,1e-07,1e-07,1e-07,1e-07,1e-07,1e-07,1e-07,1e-07,1e-07,1e-07,1e-07,1e-07
2022-08-17 12:26:53,1e-07,1e-07,1e-07,1e-07,1e-07,1e-07,1e-07,1e-07,1e-07,1e-07,1e-07,1e-07,1e-07,1e-07,1e-07,1e-07,1e-07,1e-07,1e-07,0.9999999,1e-07,1e-07,1e-07,1e-07,1e-07,1e-07,1e-07,1e-07,1e-07,1e-07,1e-07,1e-07,1e-07,1e-07,1e-07,1e-07,1e-07,1e-07,1e-07
2022-08-17 12:26:54,1e-07,1e-07,1e-07,1e-07,1e-07,1e-07,1e-07,1e-07,1e-07,1e-07,1e-07,1e-07,1e-07,1e-07,1e-07,1e-07,1e-07,1e-07,1e-07,0.9999999,1e-07,1e-07,1e-07,1e-07,1e-07,1e-07,1e-07,1e-07,1e-07,1e-07,1e-07,1e-07,1e-07,1e-07,1e-07,1e-07,1e-07,1e-07,1e-07
2022-08-17 12:26:55,1e-07,1e-07,1e-07,1e-07,1e-07,1e-07,1e-07,1e-07,1e-07,1e-07,1e-07,1e-07,1e-07,1e-07,1e-07,1e-07,1e-07,1e-07,1e-07,0.9999999,1e-07,1e-07,1e-07,1e-07,1e-07,1e-07,1e-07,1e-07,1e-07,1e-07,1e-07,1e-07,1e-07,1e-07,1e-07,1e-07,1e-07,1e-07,1e-07
2022-08-17 12:26:56,1e-07,1e-07,1e-07,1e-07,1e-07,1e-07,1e-07,1e-07,1e-07,1e-07,1e-07,1e-07,1e-07,1e-07,1e-07,1e-07,1e-07,1e-07,1e-07,0.9999999,1e-07,1e-07,1e-07,1e-07,1e-07,1e-07,1e-07,1e-07,1e-07,1e-07,1e-07,1e-07,1e-07,1e-07,1e-07,1e-07,1e-07,1e-07,1e-07
2022-08-17 12:26:57,1e-07,1e-07,1e-07,1e-07,1e-07,1e-07,1e-07,1e-07,1e-07,1e-07,1e-07,1e-07,1e-07,1e-07,1e-07,1e-07,1e-07,1e-07,1e-07,0.9999999,1e-07,1e-07,1e-07,1e-07,1e-07,1e-07,1e-07,1e-07,1e-07,1e-07,1e-07,1e-07,1e-07,1e-07,1e-07,1e-07,1e-07,1e-07,1e-07
2022-08-17 12:26:58,1e-07,1e-07,1e-07,1e-07,1e-07,1e-07,1e-07,1e-07,1e-07,1e-07,1e-07,1e-07,1e-07,1e-07,1e-07,1e-07,1e-07,1e-07,1e-07,0.9999999,1e-07,1e-07,1e-07,1e-07,1e-07,1e-07,1e-07,1e-07,1e-07,1e-07,1e-07,1e-07,1e-07,1e-07,1e-07,1e-07,1e-07,1e-07,1e-07
2022-08-17 12:26:59,1e-07,1e-07,1e-07,1e-07,1e-07,1e-07,1e-07,1e-07,1e-07,1e-07,1e-07,1e-07,1e-07,1e-07,1e-07,1e-07,1e-07,1e-07,1e-07,0.9999999,1e-07,1e-07,1e-07,1e-07,1e-07,1e-07,1e-07,1e-07,1e-07,1e-07,1e-07,1e-07,1e-07,1e-07,1e-07,1e-07,1e-07,1e-07,1e-07
2022-08-17 13:50:00,1e-07,1e-07,1e-07,1e-07,1e-07,1e-07,1e-07,1e-07,1e-07,1e-07,1e-07,1e-07,1e-07,1e-07,1e-07,1e-07,1e-07,1e-07,1e-07,1e-07,1e-07,1e-07,1e-07,1e-07,1e-07,1e-07,1e-07,1e-07,1e-07,1e-07,1e-07,0.9999999,1e-07,1e-07,1e-07,1e-07,1e-07,1e-07,1e-07
2022-08-17 13:50:01,1e-07,1e-07,1e-07,1e-07,1e-07,1e-07,1e-07,1e-07,1e-07,1e-07,1e-07,1e-07,1e-07,1e-07,1e-07,1e-07,1e-07,1e-07,1e-07,1e-07,1e-07,1e-07,1e-07,1e-07,1e-07,1e-07,1e-07,1e-07,1e-07,1e-07,1e-07,0.9999999,1e-07,1e-07,1e-07,1e-07,1e-07,1e-07,1e-07
2022-08-17 13:50:02,1e-07,1e-07,1e-07,1e-07,1e-07,1e-07,1e-07,1e-07,1e-07,1e-07,1e-07,1e-07,1e-07,1e-07,1e-07,1e-07,1e-07,1e-07,1e-07,1e-07,1e-07,1e-07,1e-07,1e-07,1e-07,1e-07,1e-07,1e-07,1e-07,1e-07,1e-07,0.9999999,1e-07,1e-07,1e-07,1e-07,1e-07,1e-07,1e-07
2022-08-17 13:50:03,1e-07,1e-07,1e-07,1e-07,1e-07,1e-07,1e-07,1e-07,1e-07,1e-07,1e-07,1e-07,1e-07,1e-07,1e-07,1e-07,1e-07,1e-07,1e-07,1e-07,1e-07,1e-07,1e-07,1e-07,1e-07,1e-07,1e-07,1e-07,1e-07,1e-07,1e-07,0.9999999,1e-07,1e-07,1e-07,1e-07,1e-07,1e-07,1e-07
2022-08-17 13:50:04,1e-07,1e-07,1e-07,1e-07,1e-07,1e-07,1e-07,1e-07,1e-07,1e-07,1e-07,1e-07,1e-07,1e-07,1e-07,1e-07,1e-07,1e-07,1e-07,1e-07,1e-07,1e-07,1e-07,1e-07,1e-07,1e-07,1e-07,1e-07,1e-07,1e-07,1e-07,0.9999999,1e-07,1e-07,1e-07,1e-07,1e-07,1e-07,1e-07
2022-08-17 13:50:05,1e-07,1e-07,1e-07,1e-07,1e-07,1e-07,1e-07,1e-07,1e-07,1e-07,1e-07,1e-07,1e-07,1e-07,1e-07,1e-07,1e-07,1e-07,1e-07,1e-07,1e-07,1e-07,1e-07,1e-07,1e-07,1e-07,1e-07,1e-07,1e-07,1e-07,1e-07,0.9999999,1e-07,1e-07,1e-07,1e-07,1e-07,1e-07,1e-07
2022-08-17 13:50:06,1e-07,1e-07,1e-07,1e-07,1e-07,1e-07,1e-07,1e-07,1e-07,1e-07,1e-07,1e-07,1e-07,1e-07,1e-07,1e-07,1e-07,1e-07,1e-07,1e-07,1e-07,1e-07,1e-07,1e-07,1e-07,1e-07,1e-07,1e-07,1e-07,1e-07,1e-07,0.9999999,1e-07,1e-07,1e-07,1e-07,1e-07,1e-07,1e-07
2022-08-17 13:50:07,1e-07,1e-07,1e-07,1e-07,1e-07,1e-07,1e-07,1e-07,1e-07,1e-07,1e-07,1e-07,1e-07,1e-07,1e-07,1e-07,1e-07,1e-07,1e-07,1e-07,1e-07,1e-07,1e-07,1e-07,1e-07,1e-07,1e-07,1e-07,1e-07,1e-07,1e-07,0.9999999,1e-07,1e-07,1e-07,1e-07,1e-07,1e-07,1e-07
2022-08-17 13:50:08,1e-07,1e-07,1e-07,1e-07,1e-07,1e-07,1e-07,1e-07,1e-07,1e-07,1e-07,1e-07,1e-07,1e-07,1e-07,1e-07,1e-07,1e-07,1e-07,1e-07,1e-07,1e-07,1e-07,1e-07,1e-07,1e-07,1e-07,1e-07,1e-07,1e-07,1e-07,0.9999999,1e-07,1e-07,1e-07,1e-07,1e-07,1e-07,1e-07
2022-08-17 13:50:09,1e-07,1e-07,1e-07,1e-07,1e-07,1e-07,1e-07,1e-07,1e-07,1e-07,1e-07,1e-07,1e-07,1e-07,1e-07,1e-07,1e-07,1e-07,1e-07,1e-07,1e-07,1e-07,1e-07,1e-07,1e-07,1e-07,1e-07,1e-07,1e-07,1e-07,1e-07,0.9999999,1e-07,1e-07,1e-07,1e-07,1e-07,1e-07,1e-07
2022-08-17 13:50:10,1e-07,1e-07,1e-07,1e-07,1e-07,1e-07,1e-07,1e-07,1e-07,1e-07,1e-07,1e-07,1e-07,1e-07,1e-07,1e-07,1e-07,1e-07,1e-07,1e-07,1e-07,1e-07,1e-07,1e-07,1e-07,1e-07,1e-07,1e-07,1e-07,1e-07,1e-07,0.9999999,1e-07,1e-07,1e-07,1e-07,1e-07,1e-07,1e-07
2022-08-17 13:50:11,1e-07,1e-07,1e-07,1e-07,1e-07,1e-07,1e-07,1e-07,1e-07,1e-07,1e-07,1e-07,1e-07,1e-07,1e-07,1e-07,1e-07,1e-07,1e-07,1e-07,1e-07,1e-07,1e-07,1e-07,1e-07,1e-07,1e-07,1e-07,1e-07,1e-07,1e-07,0.9999999,1e-07,1e-07,1e-07,1e-07,1e-07,1e-07,1e-07
2022-08-17 13:50:12,1e-07,1e-07,1e-07,1e-07,1e-07,1e-07,1e-07,1e-07,1e-07,1e-07,1e-07,1e-07,1e-07,1e-07,1e-07,1e-07,1e-07,1e-07,1e-07,1e-07,1e-07,1e-07,1e-07,1e-07,1e-07,1e-07,1e-07,1e-07,1e-07,1e-07,1e-07,0.9999999,1e-07,1e-07,1e-07,1e-07,1e-07,1e-07,1e-07
2022-08-17 13:50:13,1e-07,1e-07,1e-07,1e-07,1e-07,1e-07,1e-07,1e-07,1e-07,1e-07,1e-07,1e-07,1e-07,1e-07,1e-07,1e-07,1e-07,1e-07,1e-07,1e-07,1e-07,1e-07,1e-07,1e-07,1e-07,1e-07,1e-07,1e-07,1e-07,1e-07,1e-07,0.9999999,1e-07,1e-07,1e-07,1e-07,1e-07,1e-07,1e-07
2022-08-17 13:50:14,1e-07,1e-07,1e-07,1e-07,1e-07,1e-07,1e-07,1e-07,1e-07,1e-07,1e-07,1e-07,1e-07,1e-07,1e-07,1e-07,1e-07,1e-07,1e-07,1e-07,1e-07,1e-07,1e-07,1e-07,1e-07,1e-07,1e-07,1e-07,1e-07,1e-07,1e-07,0.9999999,1e-07,1e-07,1e-07,1e-07,1e-07,1e-07,1e-07
2022-08-17 13:50:15,1e-07,1e-07,1e-07,1e-07,1e-07,1e-07,1e-07,1e-07,1e-07,1e-07,1e-07,1e-07,1e-07,1e-07,1e-07,1e-07,1e-07,1e-07,1e-07,1e-07,1e-07,1e-07,1e-07,1e-07,1e-07,1e-07,1e-07,1e-07,1e-07,1e-07,1e-07,0.9999999,1e-07,1e-07,1e-07,1e-07,1e-07,1e-07,1e-07
2022-08-17 13:50:16,1e-07,1e-07,1e-07,1e-07,1e-07,1e-07,1e-07,1e-07,1e-07,1e-07,1e-07,1e-07,1e-07,1e-07,1e-07,1e-07,1e-07,1e-07,1e-07,1e-07,1e-07,1e-07,1e-07,1e-07,1e-07,1e-07,1e-07,1e-07,1e-07,1e-07,1e-07,0.9999999,1e-07,1e-07,1e-07,1e-07,1e-07,1e-07,1e-07
2022-08-17 13:50:17,1e-07,1e-07,1e-07,1e-07,1e-07,1e-07,1e-07,1e-07,1e-07,1e-07,1e-07,1e-07,1e-07,1e-07,1e-07,1e-07,1e-07,1e-07,1e-07,1e-07,1e-07,1e-07,1e-07,1e-07,1e-07,1e-07,1e-07,1e-07,1e-07,1e-07,1e-07,0.9999999,1e-07,1e-07,1e-07,1e-07,1e-07,1e-07,1e-07
2022-08-17 13:50:18,1e-07,1e-07,1e-07,1e-07,1e-07,1e-07,1e-07,1e-07,1e-07,1e-07,1e-07,1e-07,1e-07,1e-07,1e-07,1e-07,1e-07,1e-07,1e-07,1e-07,1e-07,1e-07,1e-07,1e-07,1e-07,1e-07,1e-07,1e-07,1e-07,1e-07,1e-07,0.9999999,1e-07,1e-07,1e-07,1e-07,1e-07,1e-07,1e-07
2022-08-17 13:50:19,1e-07,1e-07,1e-07,1e-07,1e-07,1e-07,1e-07,1e-07,1e-07,1e-07,1e-07,1e-07,1e-07,1e-07,1e-07,1e-07,1e-07,1e-07,1e-07,1e-07,1e-07,1e-07,1e-07,1e-07,1e-07,1e-07,1e-07,1e-07,1e-07,1e-07,1e-07,0.9999999,1e-07,1e-07,1e-07,1e-07,1e-07,1e-07,1e-07
2022-08-17 13:50:20,1e-07,1e-07,1e-07,1e-07,1e-07,1e-07,1e-07,1e-07,1e-07,1e-07,1e-07,1e-07,1e-07,1e-07,1e-07,1e-07,1e-07,1e-07,1e-07,1e-07,1e-07,1e-07,1e-07,1e-07,1e-07,1e-07,1e-07,1e-07,1e-07,1e-07,1e-07,0.9999999,1e-07,1e-07,1e-07,1e-07,1e-07,1e-07,1e-07
2022-08-17 13:50:21,1e-07,1e-07,1e-07,1e-07,1e-07,1e-07,1e-07,1e-07,1e-07,1e-07,1e-07,1e-07,1e-07,1e-07,1e-07,1e-07,1e-07,1e-07,1e-07,1e-07,1e-07,1e-07,1e-07,1e-07,1e-07,1e-07,1e-07,1e-07,1e-07,1e-07,1e-07,0.9999999,1e-07,1e-07,1e-07,1e-07,1e-07,1e-07,1e-07
2022-08-17 13:50:22,1e-07,1e-07,1e-07,1e-07,1e-07,1e-07,1e-07,1e-07,1e-07,1e-07,1e-07,1e-07,1e-07,1e-07,1e-07,1e-07,1e-07,1e-07,1e-07,1e-07,1e-07,1e-07,1e-07,1e-07,1e-07,1e-07,1e-07,1e-07,1e-07,1e-07,1e-07,0.9999999,1e-07,1e-07,1e-07,1e-07,1e-07,1e-07,1e-07
2022-08-17 13:50:23,1e-07,1e-07,1e-07,1e-07,1e-07,1e-07,1e-07,1e-07,1e-07,1e-07,1e-07,1e-07,1e-07,1e-07,1e-07,1e-07,1e-07,1e-07,1e-07,1e-07,1e-07,1e-07,1e-07,1e-07,1e-07,1e-07,1e-07,1e-07,1e-07,1e-07,1e-07,0.9999999,1e-07,1e-07,1e-07,1e-07,1e-07,1e-07,1e-07
2022-08-17 13:50:24,1e-07,1e-07,1e-07,1e-07,1e-07,1e-07,1e-07,1e-07,1e-07,1e-07,1e-07,1e-07,1e-07,1e-07,1e-07,1e-07,1e-07,1e-07,1e-07,1e-07,1e-07,1e-07,1e-07,1e-07,1e-07,1e-07,1e-07,1e-07,1e-07,1e-07,1e-07,0.9999999,1e-07,1e-07,1e-07,1e-07,1e-07,1e-07,1e-07
2022-08-17 13:50:25,1e-07,1e-07,1e-07,1e-07,1e-07,1e-07,1e-07,1e-07,1e-07,1e-07,1e-07,1e-07,1e-07,1e-07,1e-07,1e-07,1e-07,1e-07,1e-07,1e-07,1e-07,1e-07,1e-07,1e-07,1e-07,1e-07,1e-07,1e-07,1e-07,1e-07,1e-07,0.9999999,1e-07,1e-07,1e-07,1e-07,1e-07,1e-07,1e-07
2022-08-17 13:50:26,1e-07,1e-07,1e-07,1e-07,1e-07,1e-07,1e-07,1e-07,1e-07,1e-07,1e-07,1e-07,1e-07,1e-07,1e-07,1e-07,1e-07,1e-07,1e-07,1e-07,1e-07,1e-07,1e-07,1e-07,1e-07,1e-07,1e-07,1e-07,1e-07,1e-07,1e-07,0.9999999,1e-07,1e-07,1e-07,1e-07,1e-07,1e-07,1e-07
2022-08-17 13:50:27,1e-07,1e-07,1e-07,1e-07,1e-07,1e-07,1e-07,1e-07,1e-07,1e-07,1e-07,1e-07,1e-07,1e-07,1e-07,1e-07,1e-07,1e-07,1e-07,1e-07,1e-07,1e-07,1e-07,1e-07,1e-07,1e-07,1e-07,1e-07,1e-07,1e-07,1e-07,0.9999999,1e-07,1e-07,1e-07,1e-07,1e-07,1e-07,1e-07
2022-08-17 13:50:28,1e-07,1e-07,1e-07,1e-07,1e-07,1e-07,1e-07,1e-07,1e-07,1e-07,1e-07,1e-07,1e-07,1e-07,1e-07,1e-07,1e-07,1e-07,1e-07,1e-07,1e-07,1e-07,1e-07,1e-07,1e-07,1e-07,1e-07,1e-07,1e-07,1e-07,1e-07,0.9999999,1e-07,1e-07,1e-07,1e-07,1e-07,1e-07,1e-07
2022-08-17 13:50:29,1e-07,1e-07,1e-07,1e-07,1e-07,1e-07,1e-07,1e-07,1e-07,1e-07,1e-07,1e-07,1e-07,1e-07,1e-07,1e-07,1e-07,1e-07,1e-07,1e-07,1e-07,1e-07,1e-07,1e-07,1e-07,1e-07,1e-07,1e-07,1e-07,1e-07,1e-07,0.9999999,1e-07,1e-07,1e-07,1e-07,1e-07,1e-07,1e-07
2022-08-17 13:50:30,1e-07,1e-07,1e-07,1e-07,1e-07,1e-07,1e-07,1e-07,1e-07,1e-07,1e-07,1e-07,1e-07,1e-07,1e-07,1e-07,1e-07,1e-07,1e-07,1e-07,1e-07,1e-07,1e-07,1e-07,1e-07,1e-07,1e-07,1e-07,1e-07,1e-07,1e-07,0.9999999,1e-07,1e-07,1e-07,1e-07,1e-07,1e-07,1e-07
2022-08-17 13:50:31,1e-07,1e-07,1e-07,1e-07,1e-07,1e-07,1e-07,1e-07,1e-07,1e-07,1e-07,1e-07,1e-07,1e-07,1e-07,1e-07,1e-07,1e-07,1e-07,1e-07,1e-07,1e-07,1e-07,1e-07,1e-07,1e-07,1e-07,1e-07,1e-07,1e-07,1e-07,0.9999999,1e-07,1e-07,1e-07,1e-07,1e-07,1e-07,1e-07
2022-08-17 13:50:32,1e-07,1e-07,1e-07,1e-07,1e-07,1e-07,1e-07,1e-07,1e-07,1e-07,1e-07,1e-07,1e-07,1e-07,1e-07,1e-07,1e-07,1e-07,1e-07,1e-07,1e-07,1e-07,1e-07,1e-07,1e-07,1e-07,1e-07,1e-07,1e-07,1e-07,1e-07,0.9999999,1e-07,1e-07,1e-07,1e-07,1e-07,1e-07,1e-07
2022-08-17 13:50:33,1e-07,1e-07,1e-07,1e-07,1e-07,1e-07,1e-07,1e-07,1e-07,1e-07,1e-07,1e-07,1e-07,1e-07,1e-07,1e-07,1e-07,1e-07,1e-07,1e-07,1e-07,1e-07,1e-07,1e-07,1e-07,1e-07,1e-07,1e-07,1e-07,1e-07,1e-07,0.9999999,1e-07,1e-07,1e-07,1e-07,1e-07,1e-07,1e-07
2022-08-17 13:50:34,1e-07,1e-07,1e-07,1e-07,1e-07,1e-07,1e-07,1e-07,1e-07,1e-07,1e-07,1e-07,1e-07,1e-07,1e-07,1e-07,1e-07,1e-07,1e-07,1e-07,1e-07,1e-07,1e-07,1e-07,1e-07,1e-07,1e-07,1e-07,1e-07,1e-07,1e-07,0.9999999,1e-07,1e-07,1e-07,1e-07,1e-07,1e-07,1e-07
2022-08-17 13:50:35,1e-07,1e-07,1e-07,1e-07,1e-07,1e-07,1e-07,1e-07,1e-07,1e-07,1e-07,1e-07,1e-07,1e-07,1e-07,1e-07,1e-07,1e-07,1e-07,1e-07,1e-07,1e-07,1e-07,1e-07,1e-07,1e-07,1e-07,1e-07,1e-07,1e-07,1e-07,0.9999999,1e-07,1e-07,1e-07,1e-07,1e-07,1e-07,1e-07
2022-08-17 13:50:36,1e-07,1e-07,1e-07,1e-07,1e-07,1e-07,1e-07,1e-07,1e-07,1e-07,1e-07,1e-07,1e-07,1e-07,1e-07,1e-07,1e-07,1e-07,1e-07,1e-07,1e-07,1e-07,1e-07,1e-07,1e-07,1e-07,1e-07,1e-07,1e-07,1e-07,1e-07,0.9999999,1e-07,1e-07,1e-07,1e-07,1e-07,1e-07,1e-07
2022-08-17 13:50:37,1e-07,1e-07,1e-07,1e-07,1e-07,1e-07,1e-07,1e-07,1e-07,1e-07,1e-07,1e-07,1e-07,1e-07,1e-07,1e-07,1e-07,1e-07,1e-07,1e-07,1e-07,1e-07,1e-07,1e-07,1e-07,1e-07,1e-07,1e-07,1e-07,1e-07,1e-07,0.9999999,1e-07,1e-07,1e-07,1e-07,1e-07,1e-07,1e-07
2022-08-17 13:50:38,1e-07,1e-07,1e-07,1e-07,1e-07,1e-07,1e-07,1e-07,1e-07,1e-07,1e-07,1e-07,1e-07,1e-07,1e-07,1e-07,1e-07,1e-07,1e-07,1e-07,1e-07,1e-07,1e-07,1e-07,1e-07,1e-07,1e-07,1e-07,1e-07,1e-07,1e-07,0.9999999,1e-07,1e-07,1e-07,1e-07,1e-07,1e-07,1e-07
2022-08-17 13:50:39,1e-07,1e-07,1e-07,1e-07,1e-07,1e-07,1e-07,1e-07,1e-07,1e-07,1e-07,1e-07,1e-07,1e-07,1e-07,1e-07,1e-07,1e-07,1e-07,1e-07,1e-07,1e-07,1e-07,1e-07,1e-07,1e-07,1e-07,1e-07,1e-07,1e-07,1e-07,0.9999999,1e-07,1e-07,1e-07,1e-07,1e-07,1e-07,1e-07
2022-08-17 13:50:40,1e-07,1e-07,1e-07,1e-07,1e-07,1e-07,1e-07,1e-07,1e-07,1e-07,1e-07,1e-07,1e-07,1e-07,1e-07,1e-07,1e-07,1e-07,1e-07,1e-07,1e-07,1e-07,1e-07,1e-07,1e-07,1e-07,1e-07,1e-07,1e-07,1e-07,1e-07,0.9999999,1e-07,1e-07,1e-07,1e-07,1e-07,1e-07,1e-07
2022-08-17 13:50:41,1e-07,1e-07,1e-07,1e-07,1e-07,1e-07,1e-07,1e-07,1e-07,1e-07,1e-07,1e-07,1e-07,1e-07,1e-07,1e-07,1e-07,1e-07,1e-07,1e-07,1e-07,1e-07,1e-07,1e-07,1e-07,1e-07,1e-07,1e-07,1e-07,1e-07,1e-07,0.9999999,1e-07,1e-07,1e-07,1e-07,1e-07,1e-07,1e-07
2022-08-17 13:50:42,1e-07,1e-07,1e-07,1e-07,1e-07,1e-07,1e-07,1e-07,1e-07,1e-07,1e-07,1e-07,1e-07,1e-07,1e-07,1e-07,1e-07,1e-07,1e-07,1e-07,1e-07,1e-07,1e-07,1e-07,1e-07,1e-07,1e-07,1e-07,1e-07,1e-07,1e-07,0.9999999,1e-07,1e-07,1e-07,1e-07,1e-07,1e-07,1e-07
2022-08-17 13:50:43,1e-07,1e-07,1e-07,1e-07,1e-07,1e-07,1e-07,1e-07,1e-07,1e-07,1e-07,1e-07,1e-07,1e-07,1e-07,1e-07,1e-07,1e-07,1e-07,1e-07,1e-07,1e-07,1e-07,1e-07,1e-07,1e-07,1e-07,1e-07,1e-07,1e-07,1e-07,0.9999999,1e-07,1e-07,1e-07,1e-07,1e-07,1e-07,1e-07
2022-08-17 13:50:44,1e-07,1e-07,1e-07,1e-07,1e-07,1e-07,1e-07,1e-07,1e-07,1e-07,1e-07,1e-07,1e-07,1e-07,1e-07,1e-07,1e-07,1e-07,1e-07,1e-07,1e-07,1e-07,1e-07,1e-07,1e-07,1e-07,1e-07,1e-07,1e-07,1e-07,1e-07,0.9999999,1e-07,1e-07,1e-07,1e-07,1e-07,1e-07,1e-07
2022-08-17 13:50:45,1e-07,1e-07,1e-07,1e-07,1e-07,1e-07,1e-07,1e-07,1e-07,1e-07,1e-07,1e-07,1e-07,1e-07,1e-07,1e-07,1e-07,1e-07,1e-07,1e-07,1e-07,1e-07,1e-07,1e-07,1e-07,1e-07,1e-07,1e-07,1e-07,1e-07,1e-07,0.9999999,1e-07,1e-07,1e-07,1e-07,1e-07,1e-07,1e-07
2022-08-17 13:50:46,1e-07,1e-07,1e-07,1e-07,1e-07,1e-07,1e-07,1e-07,1e-07,1e-07,1e-07,1e-07,1e-07,1e-07,1e-07,1e-07,1e-07,1e-07,1e-07,1e-07,1e-07,1e-07,1e-07,1e-07,1e-07,1e-07,1e-07,1e-07,1e-07,1e-07,1e-07,0.9999999,1e-07,1e-07,1e-07,1e-07,1e-07,1e-07,1e-07
2022-08-17 13:50:47,1e-07,1e-07,1e-07,1e-07,1e-07,1e-07,1e-07,1e-07,1e-07,1e-07,1e-07,1e-07,1e-07,1e-07,1e-07,1e-07,1e-07,1e-07,1e-07,1e-07,1e-07,1e-07,1e-07,1e-07,1e-07,1e-07,1e-07,1e-07,1e-07,1e-07,1e-07,0.9999999,1e-07,1e-07,1e-07,1e-07,1e-07,1e-07,1e-07
2022-08-17 13:50:48,1e-07,1e-07,1e-07,1e-07,1e-07,1e-07,1e-07,1e-07,1e-07,1e-07,1e-07,1e-07,1e-07,1e-07,1e-07,1e-07,1e-07,1e-07,1e-07,1e-07,1e-07,1e-07,1e-07,1e-07,1e-07,1e-07,1e-07,1e-07,1e-07,1e-07,1e-07,0.9999999,1e-07,1e-07,1e-07,1e-07,1e-07,1e-07,1e-07
2022-08-17 13:50:49,1e-07,1e-07,1e-07,1e-07,1e-07,1e-07,1e-07,1e-07,1e-07,1e-07,1e-07,1e-07,1e-07,1e-07,1e-07,1e-07,1e-07,1e-07,1e-07,1e-07,1e-07,1e-07,1e-07,1e-07,1e-07,1e-07,1e-07,1e-07,1e-07,1e-07,1e-07,0.9999999,1e-07,1e-07,1e-07,1e-07,1e-07,1e-07,1e-07
2022-08-17 13:50:50,1e-07,1e-07,1e-07,1e-07,1e-07,1e-07,1e-07,1e-07,1e-07,1e-07,1e-07,1e-07,1e-07,1e-07,1e-07,1e-07,1e-07,1e-07,1e-07,1e-07,1e-07,1e-07,1e-07,1e-07,1e-07,1e-07,1e-07,1e-07,1e-07,1e-07,1e-07,0.9999999,1e-07,1e-07,1e-07,1e-07,1e-07,1e-07,1e-07
2022-08-17 13:50:51,1e-07,1e-07,1e-07,1e-07,1e-07,1e-07,1e-07,1e-07,1e-07,1e-07,1e-07,1e-07,1e-07,1e-07,1e-07,1e-07,1e-07,1e-07,1e-07,1e-07,1e-07,1e-07,1e-07,1e-07,1e-07,1e-07,1e-07,1e-07,1e-07,1e-07,1e-07,0.9999999,1e-07,1e-07,1e-07,1e-07,1e-07,1e-07,1e-07
2022-08-17 13:50:52,1e-07,1e-07,1e-07,1e-07,1e-07,1e-07,1e-07,1e-07,1e-07,1e-07,1e-07,1e-07,1e-07,1e-07,1e-07,1e-07,1e-07,1e-07,1e-07,1e-07,1e-07,1e-07,1e-07,1e-07,1e-07,1e-07,1e-07,1e-07,1e-07,1e-07,1e-07,0.9999999,1e-07,1e-07,1e-07,1e-07,1e-07,1e-07,1e-07
2022-08-17 13:50:53,1e-07,1e-07,1e-07,1e-07,1e-07,1e-07,1e-07,1e-07,1e-07,1e-07,1e-07,1e-07,1e-07,1e-07,1e-07,1e-07,1e-07,1e-07,1e-07,1e-07,1e-07,1e-07,1e-07,1e-07,1e-07,1e-07,1e-07,1e-07,1e-07,1e-07,1e-07,0.9999999,1e-07,1e-07,1e-07,1e-07,1e-07,1e-07,1e-07
2022-08-17 13:50:54,1e-07,1e-07,1e-07,1e-07,1e-07,1e-07,1e-07,1e-07,1e-07,1e-07,1e-07,1e-07,1e-07,1e-07,1e-07,1e-07,1e-07,1e-07,1e-07,1e-07,1e-07,1e-07,1e-07,1e-07,1e-07,1e-07,1e-07,1e-07,1e-07,1e-07,1e-07,0.9999999,1e-07,1e-07,1e-07,1e-07,1e-07,1e-07,1e-07
2022-08-17 13:50:55,1e-07,1e-07,1e-07,1e-07,1e-07,1e-07,1e-07,1e-07,1e-07,1e-07,1e-07,1e-07,1e-07,1e-07,1e-07,1e-07,1e-07,1e-07,1e-07,1e-07,1e-07,1e-07,1e-07,1e-07,1e-07,1e-07,1e-07,1e-07,1e-07,1e-07,1e-07,0.9999999,1e-07,1e-07,1e-07,1e-07,1e-07,1e-07,1e-07
2022-08-17 13:50:56,1e-07,1e-07,1e-07,1e-07,1e-07,1e-07,1e-07,1e-07,1e-07,1e-07,1e-07,1e-07,1e-07,1e-07,1e-07,1e-07,1e-07,1e-07,1e-07,1e-07,1e-07,1e-07,1e-07,1e-07,1e-07,1e-07,1e-07,1e-07,1e-07,1e-07,1e-07,0.9999999,1e-07,1e-07,1e-07,1e-07,1e-07,1e-07,1e-07
2022-08-17 13:50:57,1e-07,1e-07,1e-07,1e-07,1e-07,1e-07,1e-07,1e-07,1e-07,1e-07,1e-07,1e-07,1e-07,1e-07,1e-07,1e-07,1e-07,1e-07,1e-07,1e-07,1e-07,1e-07,1e-07,1e-07,1e-07,1e-07,1e-07,1e-07,1e-07,1e-07,1e-07,0.9999999,1e-07,1e-07,1e-07,1e-07,1e-07,1e-07,1e-07
2022-08-17 13:50:58,1e-07,1e-07,1e-07,1e-07,1e-07,1e-07,1e-07,1e-07,1e-07,1e-07,1e-07,1e-07,1e-07,1e-07,1e-07,1e-07,1e-07,1e-07,1e-07,1e-07,1e-07,1e-07,1e-07,1e-07,1e-07,1e-07,1e-07,1e-07,1e-07,1e-07,1e-07,0.9999999,1e-07,1e-07,1e-07,1e-07,1e-07,1e-07,1e-07
2022-08-17 13:50:59,1e-07,1e-07,1e-07,1e-07,1e-07,1e-07,1e-07,1e-07,1e-07,1e-07,1e-07,1e-07,1e-07,1e-07,1e-07,1e-07,1e-07,1e-07,1e-07,1e-07,1e-07,1e-07,1e-07,1e-07,1e-07,1e-07,1e-07,1e-07,1e-07,1e-07,1e-07,0.9999999,1e-07,1e-07,1e-07,1e-07,1e-07,1e-07,1e-07
2022-08-17 14:27:00,1e-07,1e-07,1e-07,1e-07,1e-07,1e-07,1e-07,1e-07,1e-07,1e-07,1e-07,1e-07,1e-07,1e-07,1e-07,1e-07,1e-07,1e-07,1e-07,1e-07,0.9999999,1e-07,1e-07,1e-07,1e-07,1e-07,1e-07,1e-07,1e-07,1e-07,1e-07,1e-07,1e-07,1e-07,1e-07,1e-07,1e-07,1e-07,1e-07
2022-08-17 14:27:01,1e-07,1e-07,1e-07,1e-07,1e-07,1e-07,1e-07,1e-07,1e-07,1e-07,1e-07,1e-07,1e-07,1e-07,1e-07,1e-07,1e-07,1e-07,1e-07,1e-07,0.9999999,1e-07,1e-07,1e-07,1e-07,1e-07,1e-07,1e-07,1e-07,1e-07,1e-07,1e-07,1e-07,1e-07,1e-07,1e-07,1e-07,1e-07,1e-07
2022-08-17 14:27:02,1e-07,1e-07,1e-07,1e-07,1e-07,1e-07,1e-07,1e-07,1e-07,1e-07,1e-07,1e-07,1e-07,1e-07,1e-07,1e-07,1e-07,1e-07,1e-07,1e-07,0.9999999,1e-07,1e-07,1e-07,1e-07,1e-07,1e-07,1e-07,1e-07,1e-07,1e-07,1e-07,1e-07,1e-07,1e-07,1e-07,1e-07,1e-07,1e-07
2022-08-17 14:27:03,1e-07,1e-07,1e-07,1e-07,1e-07,1e-07,1e-07,1e-07,1e-07,1e-07,1e-07,1e-07,1e-07,1e-07,1e-07,1e-07,1e-07,1e-07,1e-07,1e-07,0.9999999,1e-07,1e-07,1e-07,1e-07,1e-07,1e-07,1e-07,1e-07,1e-07,1e-07,1e-07,1e-07,1e-07,1e-07,1e-07,1e-07,1e-07,1e-07
2022-08-17 14:27:04,1e-07,1e-07,1e-07,1e-07,1e-07,1e-07,1e-07,1e-07,1e-07,1e-07,1e-07,1e-07,1e-07,1e-07,1e-07,1e-07,1e-07,1e-07,1e-07,1e-07,0.9999999,1e-07,1e-07,1e-07,1e-07,1e-07,1e-07,1e-07,1e-07,1e-07,1e-07,1e-07,1e-07,1e-07,1e-07,1e-07,1e-07,1e-07,1e-07
2022-08-17 14:27:05,1e-07,1e-07,1e-07,1e-07,1e-07,1e-07,1e-07,1e-07,1e-07,1e-07,1e-07,1e-07,1e-07,1e-07,1e-07,1e-07,1e-07,1e-07,1e-07,1e-07,0.9999999,1e-07,1e-07,1e-07,1e-07,1e-07,1e-07,1e-07,1e-07,1e-07,1e-07,1e-07,1e-07,1e-07,1e-07,1e-07,1e-07,1e-07,1e-07
2022-08-17 14:27:06,1e-07,1e-07,1e-07,1e-07,1e-07,1e-07,1e-07,1e-07,1e-07,1e-07,1e-07,1e-07,1e-07,1e-07,1e-07,1e-07,1e-07,1e-07,1e-07,1e-07,0.9999999,1e-07,1e-07,1e-07,1e-07,1e-07,1e-07,1e-07,1e-07,1e-07,1e-07,1e-07,1e-07,1e-07,1e-07,1e-07,1e-07,1e-07,1e-07
2022-08-17 14:27:07,1e-07,1e-07,1e-07,1e-07,1e-07,1e-07,1e-07,1e-07,1e-07,1e-07,1e-07,1e-07,1e-07,1e-07,1e-07,1e-07,1e-07,1e-07,1e-07,1e-07,0.9999999,1e-07,1e-07,1e-07,1e-07,1e-07,1e-07,1e-07,1e-07,1e-07,1e-07,1e-07,1e-07,1e-07,1e-07,1e-07,1e-07,1e-07,1e-07
2022-08-17 14:27:08,1e-07,1e-07,1e-07,1e-07,1e-07,1e-07,1e-07,1e-07,1e-07,1e-07,1e-07,1e-07,1e-07,1e-07,1e-07,1e-07,1e-07,1e-07,1e-07,1e-07,0.9999999,1e-07,1e-07,1e-07,1e-07,1e-07,1e-07,1e-07,1e-07,1e-07,1e-07,1e-07,1e-07,1e-07,1e-07,1e-07,1e-07,1e-07,1e-07
2022-08-17 14:27:09,1e-07,1e-07,1e-07,1e-07,1e-07,1e-07,1e-07,1e-07,1e-07,1e-07,1e-07,1e-07,1e-07,1e-07,1e-07,1e-07,1e-07,1e-07,1e-07,1e-07,0.9999999,1e-07,1e-07,1e-07,1e-07,1e-07,1e-07,1e-07,1e-07,1e-07,1e-07,1e-07,1e-07,1e-07,1e-07,1e-07,1e-07,1e-07,1e-07
2022-08-17 14:27:10,1e-07,1e-07,1e-07,1e-07,1e-07,1e-07,1e-07,1e-07,1e-07,1e-07,1e-07,1e-07,1e-07,1e-07,1e-07,1e-07,1e-07,1e-07,1e-07,1e-07,0.9999999,1e-07,1e-07,1e-07,1e-07,1e-07,1e-07,1e-07,1e-07,1e-07,1e-07,1e-07,1e-07,1e-07,1e-07,1e-07,1e-07,1e-07,1e-07
2022-08-17 14:27:11,1e-07,1e-07,1e-07,1e-07,1e-07,1e-07,1e-07,1e-07,1e-07,1e-07,1e-07,1e-07,1e-07,1e-07,1e-07,1e-07,1e-07,1e-07,1e-07,1e-07,0.9999999,1e-07,1e-07,1e-07,1e-07,1e-07,1e-07,1e-07,1e-07,1e-07,1e-07,1e-07,1e-07,1e-07,1e-07,1e-07,1e-07,1e-07,1e-07
2022-08-17 14:27:12,1e-07,1e-07,1e-07,1e-07,1e-07,1e-07,1e-07,1e-07,1e-07,1e-07,1e-07,1e-07,1e-07,1e-07,1e-07,1e-07,1e-07,1e-07,1e-07,1e-07,0.9999999,1e-07,1e-07,1e-07,1e-07,1e-07,1e-07,1e-07,1e-07,1e-07,1e-07,1e-07,1e-07,1e-07,1e-07,1e-07,1e-07,1e-07,1e-07
2022-08-17 14:27:13,1e-07,1e-07,1e-07,1e-07,1e-07,1e-07,1e-07,1e-07,1e-07,1e-07,1e-07,1e-07,1e-07,1e-07,1e-07,1e-07,1e-07,1e-07,1e-07,1e-07,0.9999999,1e-07,1e-07,1e-07,1e-07,1e-07,1e-07,1e-07,1e-07,1e-07,1e-07,1e-07,1e-07,1e-07,1e-07,1e-07,1e-07,1e-07,1e-07
2022-08-17 14:27:14,1e-07,1e-07,1e-07,1e-07,1e-07,1e-07,1e-07,1e-07,1e-07,1e-07,1e-07,1e-07,1e-07,1e-07,1e-07,1e-07,1e-07,1e-07,1e-07,1e-07,0.9999999,1e-07,1e-07,1e-07,1e-07,1e-07,1e-07,1e-07,1e-07,1e-07,1e-07,1e-07,1e-07,1e-07,1e-07,1e-07,1e-07,1e-07,1e-07
2022-08-17 14:27:15,1e-07,1e-07,1e-07,1e-07,1e-07,1e-07,1e-07,1e-07,1e-07,1e-07,1e-07,1e-07,1e-07,1e-07,1e-07,1e-07,1e-07,1e-07,1e-07,1e-07,0.9999999,1e-07,1e-07,1e-07,1e-07,1e-07,1e-07,1e-07,1e-07,1e-07,1e-07,1e-07,1e-07,1e-07,1e-07,1e-07,1e-07,1e-07,1e-07
2022-08-17 14:27:16,1e-07,1e-07,1e-07,1e-07,1e-07,1e-07,1e-07,1e-07,1e-07,1e-07,1e-07,1e-07,1e-07,1e-07,1e-07,1e-07,1e-07,1e-07,1e-07,1e-07,0.9999999,1e-07,1e-07,1e-07,1e-07,1e-07,1e-07,1e-07,1e-07,1e-07,1e-07,1e-07,1e-07,1e-07,1e-07,1e-07,1e-07,1e-07,1e-07
2022-08-17 14:27:17,1e-07,1e-07,1e-07,1e-07,1e-07,1e-07,1e-07,1e-07,1e-07,1e-07,1e-07,1e-07,1e-07,1e-07,1e-07,1e-07,1e-07,1e-07,1e-07,1e-07,0.9999999,1e-07,1e-07,1e-07,1e-07,1e-07,1e-07,1e-07,1e-07,1e-07,1e-07,1e-07,1e-07,1e-07,1e-07,1e-07,1e-07,1e-07,1e-07
2022-08-17 14:27:18,1e-07,1e-07,1e-07,1e-07,1e-07,1e-07,1e-07,1e-07,1e-07,1e-07,1e-07,1e-07,1e-07,1e-07,1e-07,1e-07,1e-07,1e-07,1e-07,1e-07,0.9999999,1e-07,1e-07,1e-07,1e-07,1e-07,1e-07,1e-07,1e-07,1e-07,1e-07,1e-07,1e-07,1e-07,1e-07,1e-07,1e-07,1e-07,1e-07
2022-08-17 14:27:19,1e-07,1e-07,1e-07,1e-07,1e-07,1e-07,1e-07,1e-07,1e-07,1e-07,1e-07,1e-07,1e-07,1e-07,1e-07,1e-07,1e-07,1e-07,1e-07,1e-07,0.9999999,1e-07,1e-07,1e-07,1e-07,1e-07,1e-07,1e-07,1e-07,1e-07,1e-07,1e-07,1e-07,1e-07,1e-07,1e-07,1e-07,1e-07,1e-07
2022-08-17 14:27:20,1e-07,1e-07,1e-07,1e-07,1e-07,1e-07,1e-07,1e-07,1e-07,1e-07,1e-07,1e-07,1e-07,1e-07,1e-07,1e-07,1e-07,1e-07,1e-07,1e-07,0.9999999,1e-07,1e-07,1e-07,1e-07,1e-07,1e-07,1e-07,1e-07,1e-07,1e-07,1e-07,1e-07,1e-07,1e-07,1e-07,1e-07,1e-07,1e-07
2022-08-17 14:27:21,1e-07,1e-07,1e-07,1e-07,1e-07,1e-07,1e-07,1e-07,1e-07,1e-07,1e-07,1e-07,1e-07,1e-07,1e-07,1e-07,1e-07,1e-07,1e-07,1e-07,0.9999999,1e-07,1e-07,1e-07,1e-07,1e-07,1e-07,1e-07,1e-07,1e-07,1e-07,1e-07,1e-07,1e-07,1e-07,1e-07,1e-07,1e-07,1e-07
2022-08-17 14:27:22,1e-07,1e-07,1e-07,1e-07,1e-07,1e-07,1e-07,1e-07,1e-07,1e-07,1e-07,1e-07,1e-07,1e-07,1e-07,1e-07,1e-07,1e-07,1e-07,1e-07,0.9999999,1e-07,1e-07,1e-07,1e-07,1e-07,1e-07,1e-07,1e-07,1e-07,1e-07,1e-07,1e-07,1e-07,1e-07,1e-07,1e-07,1e-07,1e-07
2022-08-17 14:27:23,1e-07,1e-07,1e-07,1e-07,1e-07,1e-07,1e-07,1e-07,1e-07,1e-07,1e-07,1e-07,1e-07,1e-07,1e-07,1e-07,1e-07,1e-07,1e-07,1e-07,0.9999999,1e-07,1e-07,1e-07,1e-07,1e-07,1e-07,1e-07,1e-07,1e-07,1e-07,1e-07,1e-07,1e-07,1e-07,1e-07,1e-07,1e-07,1e-07
2022-08-17 14:27:24,1e-07,1e-07,1e-07,1e-07,1e-07,1e-07,1e-07,1e-07,1e-07,1e-07,1e-07,1e-07,1e-07,1e-07,1e-07,1e-07,1e-07,1e-07,1e-07,1e-07,0.9999999,1e-07,1e-07,1e-07,1e-07,1e-07,1e-07,1e-07,1e-07,1e-07,1e-07,1e-07,1e-07,1e-07,1e-07,1e-07,1e-07,1e-07,1e-07
2022-08-17 14:27:25,1e-07,1e-07,1e-07,1e-07,1e-07,1e-07,1e-07,1e-07,1e-07,1e-07,1e-07,1e-07,1e-07,1e-07,1e-07,1e-07,1e-07,1e-07,1e-07,1e-07,0.9999999,1e-07,1e-07,1e-07,1e-07,1e-07,1e-07,1e-07,1e-07,1e-07,1e-07,1e-07,1e-07,1e-07,1e-07,1e-07,1e-07,1e-07,1e-07
2022-08-17 14:27:26,1e-07,1e-07,1e-07,1e-07,1e-07,1e-07,1e-07,1e-07,1e-07,1e-07,1e-07,1e-07,1e-07,1e-07,1e-07,1e-07,1e-07,1e-07,1e-07,1e-07,0.9999999,1e-07,1e-07,1e-07,1e-07,1e-07,1e-07,1e-07,1e-07,1e-07,1e-07,1e-07,1e-07,1e-07,1e-07,1e-07,1e-07,1e-07,1e-07
2022-08-17 14:27:27,1e-07,1e-07,1e-07,1e-07,1e-07,1e-07,1e-07,1e-07,1e-07,1e-07,1e-07,1e-07,1e-07,1e-07,1e-07,1e-07,1e-07,1e-07,1e-07,1e-07,0.9999999,1e-07,1e-07,1e-07,1e-07,1e-07,1e-07,1e-07,1e-07,1e-07,1e-07,1e-07,1e-07,1e-07,1e-07,1e-07,1e-07,1e-07,1e-07
2022-08-17 14:27:28,1e-07,1e-07,1e-07,1e-07,1e-07,1e-07,1e-07,1e-07,1e-07,1e-07,1e-07,1e-07,1e-07,1e-07,1e-07,1e-07,1e-07,1e-07,1e-07,1e-07,0.9999999,1e-07,1e-07,1e-07,1e-07,1e-07,1e-07,1e-07,1e-07,1e-07,1e-07,1e-07,1e-07,1e-07,1e-07,1e-07,1e-07,1e-07,1e-07
2022-08-17 14:27:29,1e-07,1e-07,1e-07,1e-07,1e-07,1e-07,1e-07,1e-07,1e-07,1e-07,1e-07,1e-07,1e-07,1e-07,1e-07,1e-07,1e-07,1e-07,1e-07,1e-07,0.9999999,1e-07,1e-07,1e-07,1e-07,1e-07,1e-07,1e-07,1e-07,1e-07,1e-07,1e-07,1e-07,1e-07,1e-07,1e-07,1e-07,1e-07,1e-07
2022-08-17 14:27:30,1e-07,1e-07,1e-07,1e-07,1e-07,1e-07,1e-07,1e-07,1e-07,1e-07,1e-07,1e-07,1e-07,1e-07,1e-07,1e-07,1e-07,1e-07,1e-07,1e-07,0.9999999,1e-07,1e-07,1e-07,1e-07,1e-07,1e-07,1e-07,1e-07,1e-07,1e-07,1e-07,1e-07,1e-07,1e-07,1e-07,1e-07,1e-07,1e-07
2022-08-17 14:27:31,1e-07,1e-07,1e-07,1e-07,1e-07,1e-07,1e-07,1e-07,1e-07,1e-07,1e-07,1e-07,1e-07,1e-07,1e-07,1e-07,1e-07,1e-07,1e-07,1e-07,0.9999999,1e-07,1e-07,1e-07,1e-07,1e-07,1e-07,1e-07,1e-07,1e-07,1e-07,1e-07,1e-07,1e-07,1e-07,1e-07,1e-07,1e-07,1e-07
2022-08-17 14:27:32,1e-07,1e-07,1e-07,1e-07,1e-07,1e-07,1e-07,1e-07,1e-07,1e-07,1e-07,1e-07,1e-07,1e-07,1e-07,1e-07,1e-07,1e-07,1e-07,1e-07,0.9999999,1e-07,1e-07,1e-07,1e-07,1e-07,1e-07,1e-07,1e-07,1e-07,1e-07,1e-07,1e-07,1e-07,1e-07,1e-07,1e-07,1e-07,1e-07
2022-08-17 14:27:33,1e-07,1e-07,1e-07,1e-07,1e-07,1e-07,1e-07,1e-07,1e-07,1e-07,1e-07,1e-07,1e-07,1e-07,1e-07,1e-07,1e-07,1e-07,1e-07,1e-07,0.9999999,1e-07,1e-07,1e-07,1e-07,1e-07,1e-07,1e-07,1e-07,1e-07,1e-07,1e-07,1e-07,1e-07,1e-07,1e-07,1e-07,1e-07,1e-07
2022-08-17 14:27:34,1e-07,1e-07,1e-07,1e-07,1e-07,1e-07,1e-07,1e-07,1e-07,1e-07,1e-07,1e-07,1e-07,1e-07,1e-07,1e-07,1e-07,1e-07,1e-07,1e-07,0.9999999,1e-07,1e-07,1e-07,1e-07,1e-07,1e-07,1e-07,1e-07,1e-07,1e-07,1e-07,1e-07,1e-07,1e-07,1e-07,1e-07,1e-07,1e-07
2022-08-17 14:27:35,1e-07,1e-07,1e-07,1e-07,1e-07,1e-07,1e-07,1e-07,1e-07,1e-07,1e-07,1e-07,1e-07,1e-07,1e-07,1e-07,1e-07,1e-07,1e-07,1e-07,0.9999999,1e-07,1e-07,1e-07,1e-07,1e-07,1e-07,1e-07,1e-07,1e-07,1e-07,1e-07,1e-07,1e-07,1e-07,1e-07,1e-07,1e-07,1e-07
2022-08-17 14:27:36,1e-07,1e-07,1e-07,1e-07,1e-07,1e-07,1e-07,1e-07,1e-07,1e-07,1e-07,1e-07,1e-07,1e-07,1e-07,1e-07,1e-07,1e-07,1e-07,1e-07,0.9999999,1e-07,1e-07,1e-07,1e-07,1e-07,1e-07,1e-07,1e-07,1e-07,1e-07,1e-07,1e-07,1e-07,1e-07,1e-07,1e-07,1e-07,1e-07
2022-08-17 14:27:37,1e-07,1e-07,1e-07,1e-07,1e-07,1e-07,1e-07,1e-07,1e-07,1e-07,1e-07,1e-07,1e-07,1e-07,1e-07,1e-07,1e-07,1e-07,1e-07,1e-07,0.9999999,1e-07,1e-07,1e-07,1e-07,1e-07,1e-07,1e-07,1e-07,1e-07,1e-07,1e-07,1e-07,1e-07,1e-07,1e-07,1e-07,1e-07,1e-07
2022-08-17 14:27:38,1e-07,1e-07,1e-07,1e-07,1e-07,1e-07,1e-07,1e-07,1e-07,1e-07,1e-07,1e-07,1e-07,1e-07,1e-07,1e-07,1e-07,1e-07,1e-07,1e-07,0.9999999,1e-07,1e-07,1e-07,1e-07,1e-07,1e-07,1e-07,1e-07,1e-07,1e-07,1e-07,1e-07,1e-07,1e-07,1e-07,1e-07,1e-07,1e-07
2022-08-17 14:27:39,1e-07,1e-07,1e-07,1e-07,1e-07,1e-07,1e-07,1e-07,1e-07,1e-07,1e-07,1e-07,1e-07,1e-07,1e-07,1e-07,1e-07,1e-07,1e-07,1e-07,0.9999999,1e-07,1e-07,1e-07,1e-07,1e-07,1e-07,1e-07,1e-07,1e-07,1e-07,1e-07,1e-07,1e-07,1e-07,1e-07,1e-07,1e-07,1e-07
2022-08-17 14:27:40,1e-07,1e-07,1e-07,1e-07,1e-07,1e-07,1e-07,1e-07,1e-07,1e-07,1e-07,1e-07,1e-07,1e-07,1e-07,1e-07,1e-07,1e-07,1e-07,1e-07,0.9999999,1e-07,1e-07,1e-07,1e-07,1e-07,1e-07,1e-07,1e-07,1e-07,1e-07,1e-07,1e-07,1e-07,1e-07,1e-07,1e-07,1e-07,1e-07
2022-08-17 14:27:41,1e-07,1e-07,1e-07,1e-07,1e-07,1e-07,1e-07,1e-07,1e-07,1e-07,1e-07,1e-07,1e-07,1e-07,1e-07,1e-07,1e-07,1e-07,1e-07,1e-07,0.9999999,1e-07,1e-07,1e-07,1e-07,1e-07,1e-07,1e-07,1e-07,1e-07,1e-07,1e-07,1e-07,1e-07,1e-07,1e-07,1e-07,1e-07,1e-07
2022-08-17 14:27:42,1e-07,1e-07,1e-07,1e-07,1e-07,1e-07,1e-07,1e-07,1e-07,1e-07,1e-07,1e-07,1e-07,1e-07,1e-07,1e-07,1e-07,1e-07,1e-07,1e-07,0.9999999,1e-07,1e-07,1e-07,1e-07,1e-07,1e-07,1e-07,1e-07,1e-07,1e-07,1e-07,1e-07,1e-07,1e-07,1e-07,1e-07,1e-07,1e-07
2022-08-17 14:27:43,1e-07,1e-07,1e-07,1e-07,1e-07,1e-07,1e-07,1e-07,1e-07,1e-07,1e-07,1e-07,1e-07,1e-07,1e-07,1e-07,1e-07,1e-07,1e-07,1e-07,0.9999999,1e-07,1e-07,1e-07,1e-07,1e-07,1e-07,1e-07,1e-07,1e-07,1e-07,1e-07,1e-07,1e-07,1e-07,1e-07,1e-07,1e-07,1e-07
2022-08-17 14:27:44,1e-07,1e-07,1e-07,1e-07,1e-07,1e-07,1e-07,1e-07,1e-07,1e-07,1e-07,1e-07,1e-07,1e-07,1e-07,1e-07,1e-07,1e-07,1e-07,1e-07,0.9999999,1e-07,1e-07,1e-07,1e-07,1e-07,1e-07,1e-07,1e-07,1e-07,1e-07,1e-07,1e-07,1e-07,1e-07,1e-07,1e-07,1e-07,1e-07
2022-08-17 14:27:45,1e-07,1e-07,1e-07,1e-07,1e-07,1e-07,1e-07,1e-07,1e-07,1e-07,1e-07,1e-07,1e-07,1e-07,1e-07,1e-07,1e-07,1e-07,1e-07,1e-07,0.9999999,1e-07,1e-07,1e-07,1e-07,1e-07,1e-07,1e-07,1e-07,1e-07,1e-07,1e-07,1e-07,1e-07,1e-07,1e-07,1e-07,1e-07,1e-07
2022-08-17 14:27:46,1e-07,1e-07,1e-07,1e-07,1e-07,1e-07,1e-07,1e-07,1e-07,1e-07,1e-07,1e-07,1e-07,1e-07,1e-07,1e-07,1e-07,1e-07,1e-07,1e-07,0.9999999,1e-07,1e-07,1e-07,1e-07,1e-07,1e-07,1e-07,1e-07,1e-07,1e-07,1e-07,1e-07,1e-07,1e-07,1e-07,1e-07,1e-07,1e-07
2022-08-17 14:27:47,1e-07,1e-07,1e-07,1e-07,1e-07,1e-07,1e-07,1e-07,1e-07,1e-07,1e-07,1e-07,1e-07,1e-07,1e-07,1e-07,1e-07,1e-07,1e-07,1e-07,0.9999999,1e-07,1e-07,1e-07,1e-07,1e-07,1e-07,1e-07,1e-07,1e-07,1e-07,1e-07,1e-07,1e-07,1e-07,1e-07,1e-07,1e-07,1e-07
2022-08-17 14:27:48,1e-07,1e-07,1e-07,1e-07,1e-07,1e-07,1e-07,1e-07,1e-07,1e-07,1e-07,1e-07,1e-07,1e-07,1e-07,1e-07,1e-07,1e-07,1e-07,1e-07,0.9999999,1e-07,1e-07,1e-07,1e-07,1e-07,1e-07,1e-07,1e-07,1e-07,1e-07,1e-07,1e-07,1e-07,1e-07,1e-07,1e-07,1e-07,1e-07
2022-08-17 14:27:49,1e-07,1e-07,1e-07,1e-07,1e-07,1e-07,1e-07,1e-07,1e-07,1e-07,1e-07,1e-07,1e-07,1e-07,1e-07,1e-07,1e-07,1e-07,1e-07,1e-07,0.9999999,1e-07,1e-07,1e-07,1e-07,1e-07,1e-07,1e-07,1e-07,1e-07,1e-07,1e-07,1e-07,1e-07,1e-07,1e-07,1e-07,1e-07,1e-07
2022-08-17 14:27:50,1e-07,1e-07,1e-07,1e-07,1e-07,1e-07,1e-07,1e-07,1e-07,1e-07,1e-07,1e-07,1e-07,1e-07,1e-07,1e-07,1e-07,1e-07,1e-07,1e-07,0.9999999,1e-07,1e-07,1e-07,1e-07,1e-07,1e-07,1e-07,1e-07,1e-07,1e-07,1e-07,1e-07,1e-07,1e-07,1e-07,1e-07,1e-07,1e-07
2022-08-17 14:27:51,1e-07,1e-07,1e-07,1e-07,1e-07,1e-07,1e-07,1e-07,1e-07,1e-07,1e-07,1e-07,1e-07,1e-07,1e-07,1e-07,1e-07,1e-07,1e-07,1e-07,0.9999999,1e-07,1e-07,1e-07,1e-07,1e-07,1e-07,1e-07,1e-07,1e-07,1e-07,1e-07,1e-07,1e-07,1e-07,1e-07,1e-07,1e-07,1e-07
2022-08-17 14:27:52,1e-07,1e-07,1e-07,1e-07,1e-07,1e-07,1e-07,1e-07,1e-07,1e-07,1e-07,1e-07,1e-07,1e-07,1e-07,1e-07,1e-07,1e-07,1e-07,1e-07,0.9999999,1e-07,1e-07,1e-07,1e-07,1e-07,1e-07,1e-07,1e-07,1e-07,1e-07,1e-07,1e-07,1e-07,1e-07,1e-07,1e-07,1e-07,1e-07
2022-08-17 14:27:53,1e-07,1e-07,1e-07,1e-07,1e-07,1e-07,1e-07,1e-07,1e-07,1e-07,1e-07,1e-07,1e-07,1e-07,1e-07,1e-07,1e-07,1e-07,1e-07,1e-07,0.9999999,1e-07,1e-07,1e-07,1e-07,1e-07,1e-07,1e-07,1e-07,1e-07,1e-07,1e-07,1e-07,1e-07,1e-07,1e-07,1e-07,1e-07,1e-07
2022-08-17 14:27:54,1e-07,1e-07,1e-07,1e-07,1e-07,1e-07,1e-07,1e-07,1e-07,1e-07,1e-07,1e-07,1e-07,1e-07,1e-07,1e-07,1e-07,1e-07,1e-07,1e-07,0.9999999,1e-07,1e-07,1e-07,1e-07,1e-07,1e-07,1e-07,1e-07,1e-07,1e-07,1e-07,1e-07,1e-07,1e-07,1e-07,1e-07,1e-07,1e-07
2022-08-17 14:27:55,1e-07,1e-07,1e-07,1e-07,1e-07,1e-07,1e-07,1e-07,1e-07,1e-07,1e-07,1e-07,1e-07,1e-07,1e-07,1e-07,1e-07,1e-07,1e-07,1e-07,0.9999999,1e-07,1e-07,1e-07,1e-07,1e-07,1e-07,1e-07,1e-07,1e-07,1e-07,1e-07,1e-07,1e-07,1e-07,1e-07,1e-07,1e-07,1e-07
2022-08-17 14:27:56,1e-07,1e-07,1e-07,1e-07,1e-07,1e-07,1e-07,1e-07,1e-07,1e-07,1e-07,1e-07,1e-07,1e-07,1e-07,1e-07,1e-07,1e-07,1e-07,1e-07,0.9999999,1e-07,1e-07,1e-07,1e-07,1e-07,1e-07,1e-07,1e-07,1e-07,1e-07,1e-07,1e-07,1e-07,1e-07,1e-07,1e-07,1e-07,1e-07
2022-08-17 14:27:57,1e-07,1e-07,1e-07,1e-07,1e-07,1e-07,1e-07,1e-07,1e-07,1e-07,1e-07,1e-07,1e-07,1e-07,1e-07,1e-07,1e-07,1e-07,1e-07,1e-07,0.9999999,1e-07,1e-07,1e-07,1e-07,1e-07,1e-07,1e-07,1e-07,1e-07,1e-07,1e-07,1e-07,1e-07,1e-07,1e-07,1e-07,1e-07,1e-07
2022-08-17 14:27:58,1e-07,1e-07,1e-07,1e-07,1e-07,1e-07,1e-07,1e-07,1e-07,1e-07,1e-07,1e-07,1e-07,1e-07,1e-07,1e-07,1e-07,1e-07,1e-07,1e-07,0.9999999,1e-07,1e-07,1e-07,1e-07,1e-07,1e-07,1e-07,1e-07,1e-07,1e-07,1e-07,1e-07,1e-07,1e-07,1e-07,1e-07,1e-07,1e-07
2022-08-17 14:27:59,1e-07,1e-07,1e-07,1e-07,1e-07,1e-07,1e-07,1e-07,1e-07,1e-07,1e-07,1e-07,1e-07,1e-07,1e-07,1e-07,1e-07,1e-07,1e-07,1e-07,0.9999999,1e-07,1e-07,1e-07,1e-07,1e-07,1e-07,1e-07,1e-07,1e-07,1e-07,1e-07,1e-07,1e-07,1e-07,1e-07,1e-07,1e-07,1e-07
2022-08-17 18:18:00,1e-07,1e-07,1e-07,1e-07,1e-07,1e-07,1e-07,1e-07,1e-07,1e-07,1e-07,1e-07,1e-07,1e-07,1e-07,1e-07,0.9999999,1e-07,1e-07,1e-07,1e-07,1e-07,1e-07,1e-07,1e-07,1e-07,1e-07,1e-07,1e-07,1e-07,1e-07,1e-07,1e-07,1e-07,1e-07,1e-07,1e-07,1e-07,1e-07
2022-08-17 18:18:01,1e-07,1e-07,1e-07,1e-07,1e-07,1e-07,1e-07,1e-07,1e-07,1e-07,1e-07,1e-07,1e-07,1e-07,1e-07,1e-07,0.9999999,1e-07,1e-07,1e-07,1e-07,1e-07,1e-07,1e-07,1e-07,1e-07,1e-07,1e-07,1e-07,1e-07,1e-07,1e-07,1e-07,1e-07,1e-07,1e-07,1e-07,1e-07,1e-07
2022-08-17 18:18:02,1e-07,1e-07,1e-07,1e-07,1e-07,1e-07,1e-07,1e-07,1e-07,1e-07,1e-07,1e-07,1e-07,1e-07,1e-07,1e-07,0.9999999,1e-07,1e-07,1e-07,1e-07,1e-07,1e-07,1e-07,1e-07,1e-07,1e-07,1e-07,1e-07,1e-07,1e-07,1e-07,1e-07,1e-07,1e-07,1e-07,1e-07,1e-07,1e-07
2022-08-17 18:18:03,1e-07,1e-07,1e-07,1e-07,1e-07,1e-07,1e-07,1e-07,1e-07,1e-07,1e-07,1e-07,1e-07,1e-07,1e-07,1e-07,0.9999999,1e-07,1e-07,1e-07,1e-07,1e-07,1e-07,1e-07,1e-07,1e-07,1e-07,1e-07,1e-07,1e-07,1e-07,1e-07,1e-07,1e-07,1e-07,1e-07,1e-07,1e-07,1e-07
2022-08-17 18:18:04,1e-07,1e-07,1e-07,1e-07,1e-07,1e-07,1e-07,1e-07,1e-07,1e-07,1e-07,1e-07,1e-07,1e-07,1e-07,1e-07,0.9999999,1e-07,1e-07,1e-07,1e-07,1e-07,1e-07,1e-07,1e-07,1e-07,1e-07,1e-07,1e-07,1e-07,1e-07,1e-07,1e-07,1e-07,1e-07,1e-07,1e-07,1e-07,1e-07
2022-08-17 18:18:05,1e-07,1e-07,1e-07,1e-07,1e-07,1e-07,1e-07,1e-07,1e-07,1e-07,1e-07,1e-07,1e-07,1e-07,1e-07,1e-07,0.9999999,1e-07,1e-07,1e-07,1e-07,1e-07,1e-07,1e-07,1e-07,1e-07,1e-07,1e-07,1e-07,1e-07,1e-07,1e-07,1e-07,1e-07,1e-07,1e-07,1e-07,1e-07,1e-07
2022-08-17 18:18:06,1e-07,1e-07,1e-07,1e-07,1e-07,1e-07,1e-07,1e-07,1e-07,1e-07,1e-07,1e-07,1e-07,1e-07,1e-07,1e-07,0.9999999,1e-07,1e-07,1e-07,1e-07,1e-07,1e-07,1e-07,1e-07,1e-07,1e-07,1e-07,1e-07,1e-07,1e-07,1e-07,1e-07,1e-07,1e-07,1e-07,1e-07,1e-07,1e-07
2022-08-17 18:18:07,1e-07,1e-07,1e-07,1e-07,1e-07,1e-07,1e-07,1e-07,1e-07,1e-07,1e-07,1e-07,1e-07,1e-07,1e-07,1e-07,0.9999999,1e-07,1e-07,1e-07,1e-07,1e-07,1e-07,1e-07,1e-07,1e-07,1e-07,1e-07,1e-07,1e-07,1e-07,1e-07,1e-07,1e-07,1e-07,1e-07,1e-07,1e-07,1e-07
2022-08-17 18:18:08,1e-07,1e-07,1e-07,1e-07,1e-07,1e-07,1e-07,1e-07,1e-07,1e-07,1e-07,1e-07,1e-07,1e-07,1e-07,1e-07,0.9999999,1e-07,1e-07,1e-07,1e-07,1e-07,1e-07,1e-07,1e-07,1e-07,1e-07,1e-07,1e-07,1e-07,1e-07,1e-07,1e-07,1e-07,1e-07,1e-07,1e-07,1e-07,1e-07
2022-08-17 18:18:09,1e-07,1e-07,1e-07,1e-07,1e-07,1e-07,1e-07,1e-07,1e-07,1e-07,1e-07,1e-07,1e-07,1e-07,1e-07,1e-07,0.9999999,1e-07,1e-07,1e-07,1e-07,1e-07,1e-07,1e-07,1e-07,1e-07,1e-07,1e-07,1e-07,1e-07,1e-07,1e-07,1e-07,1e-07,1e-07,1e-07,1e-07,1e-07,1e-07
2022-08-17 18:18:10,1e-07,1e-07,1e-07,1e-07,1e-07,1e-07,1e-07,1e-07,1e-07,1e-07,1e-07,1e-07,1e-07,1e-07,1e-07,1e-07,0.9999999,1e-07,1e-07,1e-07,1e-07,1e-07,1e-07,1e-07,1e-07,1e-07,1e-07,1e-07,1e-07,1e-07,1e-07,1e-07,1e-07,1e-07,1e-07,1e-07,1e-07,1e-07,1e-07
2022-08-17 18:18:11,1e-07,1e-07,1e-07,1e-07,1e-07,1e-07,1e-07,1e-07,1e-07,1e-07,1e-07,1e-07,1e-07,1e-07,1e-07,1e-07,0.9999999,1e-07,1e-07,1e-07,1e-07,1e-07,1e-07,1e-07,1e-07,1e-07,1e-07,1e-07,1e-07,1e-07,1e-07,1e-07,1e-07,1e-07,1e-07,1e-07,1e-07,1e-07,1e-07
2022-08-17 18:18:12,1e-07,1e-07,1e-07,1e-07,1e-07,1e-07,1e-07,1e-07,1e-07,1e-07,1e-07,1e-07,1e-07,1e-07,1e-07,1e-07,0.9999999,1e-07,1e-07,1e-07,1e-07,1e-07,1e-07,1e-07,1e-07,1e-07,1e-07,1e-07,1e-07,1e-07,1e-07,1e-07,1e-07,1e-07,1e-07,1e-07,1e-07,1e-07,1e-07
2022-08-17 18:18:13,1e-07,1e-07,1e-07,1e-07,1e-07,1e-07,1e-07,1e-07,1e-07,1e-07,1e-07,1e-07,1e-07,1e-07,1e-07,1e-07,0.9999999,1e-07,1e-07,1e-07,1e-07,1e-07,1e-07,1e-07,1e-07,1e-07,1e-07,1e-07,1e-07,1e-07,1e-07,1e-07,1e-07,1e-07,1e-07,1e-07,1e-07,1e-07,1e-07
2022-08-17 18:18:14,1e-07,1e-07,1e-07,1e-07,1e-07,1e-07,1e-07,1e-07,1e-07,1e-07,1e-07,1e-07,1e-07,1e-07,1e-07,1e-07,0.9999999,1e-07,1e-07,1e-07,1e-07,1e-07,1e-07,1e-07,1e-07,1e-07,1e-07,1e-07,1e-07,1e-07,1e-07,1e-07,1e-07,1e-07,1e-07,1e-07,1e-07,1e-07,1e-07
2022-08-17 18:18:15,1e-07,1e-07,1e-07,1e-07,1e-07,1e-07,1e-07,1e-07,1e-07,1e-07,1e-07,1e-07,1e-07,1e-07,1e-07,1e-07,0.9999999,1e-07,1e-07,1e-07,1e-07,1e-07,1e-07,1e-07,1e-07,1e-07,1e-07,1e-07,1e-07,1e-07,1e-07,1e-07,1e-07,1e-07,1e-07,1e-07,1e-07,1e-07,1e-07
2022-08-17 18:18:16,1e-07,1e-07,1e-07,1e-07,1e-07,1e-07,1e-07,1e-07,1e-07,1e-07,1e-07,1e-07,1e-07,1e-07,1e-07,1e-07,0.9999999,1e-07,1e-07,1e-07,1e-07,1e-07,1e-07,1e-07,1e-07,1e-07,1e-07,1e-07,1e-07,1e-07,1e-07,1e-07,1e-07,1e-07,1e-07,1e-07,1e-07,1e-07,1e-07
2022-08-17 18:18:17,1e-07,1e-07,1e-07,1e-07,1e-07,1e-07,1e-07,1e-07,1e-07,1e-07,1e-07,1e-07,1e-07,1e-07,1e-07,1e-07,0.9999999,1e-07,1e-07,1e-07,1e-07,1e-07,1e-07,1e-07,1e-07,1e-07,1e-07,1e-07,1e-07,1e-07,1e-07,1e-07,1e-07,1e-07,1e-07,1e-07,1e-07,1e-07,1e-07
2022-08-17 18:18:18,1e-07,1e-07,1e-07,1e-07,1e-07,1e-07,1e-07,1e-07,1e-07,1e-07,1e-07,1e-07,1e-07,1e-07,1e-07,1e-07,0.9999999,1e-07,1e-07,1e-07,1e-07,1e-07,1e-07,1e-07,1e-07,1e-07,1e-07,1e-07,1e-07,1e-07,1e-07,1e-07,1e-07,1e-07,1e-07,1e-07,1e-07,1e-07,1e-07
2022-08-17 18:18:19,1e-07,1e-07,1e-07,1e-07,1e-07,1e-07,1e-07,1e-07,1e-07,1e-07,1e-07,1e-07,1e-07,1e-07,1e-07,1e-07,0.9999999,1e-07,1e-07,1e-07,1e-07,1e-07,1e-07,1e-07,1e-07,1e-07,1e-07,1e-07,1e-07,1e-07,1e-07,1e-07,1e-07,1e-07,1e-07,1e-07,1e-07,1e-07,1e-07
2022-08-17 18:18:20,1e-07,1e-07,1e-07,1e-07,1e-07,1e-07,1e-07,1e-07,1e-07,1e-07,1e-07,1e-07,1e-07,1e-07,1e-07,1e-07,0.9999999,1e-07,1e-07,1e-07,1e-07,1e-07,1e-07,1e-07,1e-07,1e-07,1e-07,1e-07,1e-07,1e-07,1e-07,1e-07,1e-07,1e-07,1e-07,1e-07,1e-07,1e-07,1e-07
2022-08-17 18:18:21,1e-07,1e-07,1e-07,1e-07,1e-07,1e-07,1e-07,1e-07,1e-07,1e-07,1e-07,1e-07,1e-07,1e-07,1e-07,1e-07,0.9999999,1e-07,1e-07,1e-07,1e-07,1e-07,1e-07,1e-07,1e-07,1e-07,1e-07,1e-07,1e-07,1e-07,1e-07,1e-07,1e-07,1e-07,1e-07,1e-07,1e-07,1e-07,1e-07
2022-08-17 18:18:22,1e-07,1e-07,1e-07,1e-07,1e-07,1e-07,1e-07,1e-07,1e-07,1e-07,1e-07,1e-07,1e-07,1e-07,1e-07,1e-07,0.9999999,1e-07,1e-07,1e-07,1e-07,1e-07,1e-07,1e-07,1e-07,1e-07,1e-07,1e-07,1e-07,1e-07,1e-07,1e-07,1e-07,1e-07,1e-07,1e-07,1e-07,1e-07,1e-07
2022-08-17 18:18:23,1e-07,1e-07,1e-07,1e-07,1e-07,1e-07,1e-07,1e-07,1e-07,1e-07,1e-07,1e-07,1e-07,1e-07,1e-07,1e-07,0.9999999,1e-07,1e-07,1e-07,1e-07,1e-07,1e-07,1e-07,1e-07,1e-07,1e-07,1e-07,1e-07,1e-07,1e-07,1e-07,1e-07,1e-07,1e-07,1e-07,1e-07,1e-07,1e-07
2022-08-17 18:18:24,1e-07,1e-07,1e-07,1e-07,1e-07,1e-07,1e-07,1e-07,1e-07,1e-07,1e-07,1e-07,1e-07,1e-07,1e-07,1e-07,0.9999999,1e-07,1e-07,1e-07,1e-07,1e-07,1e-07,1e-07,1e-07,1e-07,1e-07,1e-07,1e-07,1e-07,1e-07,1e-07,1e-07,1e-07,1e-07,1e-07,1e-07,1e-07,1e-07
2022-08-17 18:18:25,1e-07,1e-07,1e-07,1e-07,1e-07,1e-07,1e-07,1e-07,1e-07,1e-07,1e-07,1e-07,1e-07,1e-07,1e-07,1e-07,0.9999999,1e-07,1e-07,1e-07,1e-07,1e-07,1e-07,1e-07,1e-07,1e-07,1e-07,1e-07,1e-07,1e-07,1e-07,1e-07,1e-07,1e-07,1e-07,1e-07,1e-07,1e-07,1e-07
2022-08-17 18:18:26,1e-07,1e-07,1e-07,1e-07,1e-07,1e-07,1e-07,1e-07,1e-07,1e-07,1e-07,1e-07,1e-07,1e-07,1e-07,1e-07,0.9999999,1e-07,1e-07,1e-07,1e-07,1e-07,1e-07,1e-07,1e-07,1e-07,1e-07,1e-07,1e-07,1e-07,1e-07,1e-07,1e-07,1e-07,1e-07,1e-07,1e-07,1e-07,1e-07
2022-08-17 18:18:27,1e-07,1e-07,1e-07,1e-07,1e-07,1e-07,1e-07,1e-07,1e-07,1e-07,1e-07,1e-07,1e-07,1e-07,1e-07,1e-07,0.9999999,1e-07,1e-07,1e-07,1e-07,1e-07,1e-07,1e-07,1e-07,1e-07,1e-07,1e-07,1e-07,1e-07,1e-07,1e-07,1e-07,1e-07,1e-07,1e-07,1e-07,1e-07,1e-07
2022-08-17 18:18:28,1e-07,1e-07,1e-07,1e-07,1e-07,1e-07,1e-07,1e-07,1e-07,1e-07,1e-07,1e-07,1e-07,1e-07,1e-07,1e-07,0.9999999,1e-07,1e-07,1e-07,1e-07,1e-07,1e-07,1e-07,1e-07,1e-07,1e-07,1e-07,1e-07,1e-07,1e-07,1e-07,1e-07,1e-07,1e-07,1e-07,1e-07,1e-07,1e-07
2022-08-17 18:18:29,1e-07,1e-07,1e-07,1e-07,1e-07,1e-07,1e-07,1e-07,1e-07,1e-07,1e-07,1e-07,1e-07,1e-07,1e-07,1e-07,0.9999999,1e-07,1e-07,1e-07,1e-07,1e-07,1e-07,1e-07,1e-07,1e-07,1e-07,1e-07,1e-07,1e-07,1e-07,1e-07,1e-07,1e-07,1e-07,1e-07,1e-07,1e-07,1e-07
2022-08-17 18:18:30,1e-07,1e-07,1e-07,1e-07,1e-07,1e-07,1e-07,1e-07,1e-07,1e-07,1e-07,1e-07,1e-07,1e-07,1e-07,1e-07,0.9999999,1e-07,1e-07,1e-07,1e-07,1e-07,1e-07,1e-07,1e-07,1e-07,1e-07,1e-07,1e-07,1e-07,1e-07,1e-07,1e-07,1e-07,1e-07,1e-07,1e-07,1e-07,1e-07
2022-08-17 18:18:31,1e-07,1e-07,1e-07,1e-07,1e-07,1e-07,1e-07,1e-07,1e-07,1e-07,1e-07,1e-07,1e-07,1e-07,1e-07,1e-07,0.9999999,1e-07,1e-07,1e-07,1e-07,1e-07,1e-07,1e-07,1e-07,1e-07,1e-07,1e-07,1e-07,1e-07,1e-07,1e-07,1e-07,1e-07,1e-07,1e-07,1e-07,1e-07,1e-07
2022-08-17 18:18:32,1e-07,1e-07,1e-07,1e-07,1e-07,1e-07,1e-07,1e-07,1e-07,1e-07,1e-07,1e-07,1e-07,1e-07,1e-07,1e-07,0.9999999,1e-07,1e-07,1e-07,1e-07,1e-07,1e-07,1e-07,1e-07,1e-07,1e-07,1e-07,1e-07,1e-07,1e-07,1e-07,1e-07,1e-07,1e-07,1e-07,1e-07,1e-07,1e-07
2022-08-17 18:18:33,1e-07,1e-07,1e-07,1e-07,1e-07,1e-07,1e-07,1e-07,1e-07,1e-07,1e-07,1e-07,1e-07,1e-07,1e-07,1e-07,0.9999999,1e-07,1e-07,1e-07,1e-07,1e-07,1e-07,1e-07,1e-07,1e-07,1e-07,1e-07,1e-07,1e-07,1e-07,1e-07,1e-07,1e-07,1e-07,1e-07,1e-07,1e-07,1e-07
2022-08-17 18:18:34,1e-07,1e-07,1e-07,1e-07,1e-07,1e-07,1e-07,1e-07,1e-07,1e-07,1e-07,1e-07,1e-07,1e-07,1e-07,1e-07,0.9999999,1e-07,1e-07,1e-07,1e-07,1e-07,1e-07,1e-07,1e-07,1e-07,1e-07,1e-07,1e-07,1e-07,1e-07,1e-07,1e-07,1e-07,1e-07,1e-07,1e-07,1e-07,1e-07
2022-08-17 18:18:35,1e-07,1e-07,1e-07,1e-07,1e-07,1e-07,1e-07,1e-07,1e-07,1e-07,1e-07,1e-07,1e-07,1e-07,1e-07,1e-07,0.9999999,1e-07,1e-07,1e-07,1e-07,1e-07,1e-07,1e-07,1e-07,1e-07,1e-07,1e-07,1e-07,1e-07,1e-07,1e-07,1e-07,1e-07,1e-07,1e-07,1e-07,1e-07,1e-07
2022-08-17 18:18:36,1e-07,1e-07,1e-07,1e-07,1e-07,1e-07,1e-07,1e-07,1e-07,1e-07,1e-07,1e-07,1e-07,1e-07,1e-07,1e-07,0.9999999,1e-07,1e-07,1e-07,1e-07,1e-07,1e-07,1e-07,1e-07,1e-07,1e-07,1e-07,1e-07,1e-07,1e-07,1e-07,1e-07,1e-07,1e-07,1e-07,1e-07,1e-07,1e-07
2022-08-17 18:18:37,1e-07,1e-07,1e-07,1e-07,1e-07,1e-07,1e-07,1e-07,1e-07,1e-07,1e-07,1e-07,1e-07,1e-07,1e-07,1e-07,0.9999999,1e-07,1e-07,1e-07,1e-07,1e-07,1e-07,1e-07,1e-07,1e-07,1e-07,1e-07,1e-07,1e-07,1e-07,1e-07,1e-07,1e-07,1e-07,1e-07,1e-07,1e-07,1e-07
2022-08-17 18:18:38,1e-07,1e-07,1e-07,1e-07,1e-07,1e-07,1e-07,1e-07,1e-07,1e-07,1e-07,1e-07,1e-07,1e-07,1e-07,1e-07,0.9999999,1e-07,1e-07,1e-07,1e-07,1e-07,1e-07,1e-07,1e-07,1e-07,1e-07,1e-07,1e-07,1e-07,1e-07,1e-07,1e-07,1e-07,1e-07,1e-07,1e-07,1e-07,1e-07
2022-08-17 18:18:39,1e-07,1e-07,1e-07,1e-07,1e-07,1e-07,1e-07,1e-07,1e-07,1e-07,1e-07,1e-07,1e-07,1e-07,1e-07,1e-07,0.9999999,1e-07,1e-07,1e-07,1e-07,1e-07,1e-07,1e-07,1e-07,1e-07,1e-07,1e-07,1e-07,1e-07,1e-07,1e-07,1e-07,1e-07,1e-07,1e-07,1e-07,1e-07,1e-07
2022-08-17 18:18:40,1e-07,1e-07,1e-07,1e-07,1e-07,1e-07,1e-07,1e-07,1e-07,1e-07,1e-07,1e-07,1e-07,1e-07,1e-07,1e-07,0.9999999,1e-07,1e-07,1e-07,1e-07,1e-07,1e-07,1e-07,1e-07,1e-07,1e-07,1e-07,1e-07,1e-07,1e-07,1e-07,1e-07,1e-07,1e-07,1e-07,1e-07,1e-07,1e-07
2022-08-17 18:18:41,1e-07,1e-07,1e-07,1e-07,1e-07,1e-07,1e-07,1e-07,1e-07,1e-07,1e-07,1e-07,1e-07,1e-07,1e-07,1e-07,0.9999999,1e-07,1e-07,1e-07,1e-07,1e-07,1e-07,1e-07,1e-07,1e-07,1e-07,1e-07,1e-07,1e-07,1e-07,1e-07,1e-07,1e-07,1e-07,1e-07,1e-07,1e-07,1e-07
2022-08-17 18:18:42,1e-07,1e-07,1e-07,1e-07,1e-07,1e-07,1e-07,1e-07,1e-07,1e-07,1e-07,1e-07,1e-07,1e-07,1e-07,1e-07,0.9999999,1e-07,1e-07,1e-07,1e-07,1e-07,1e-07,1e-07,1e-07,1e-07,1e-07,1e-07,1e-07,1e-07,1e-07,1e-07,1e-07,1e-07,1e-07,1e-07,1e-07,1e-07,1e-07
2022-08-17 18:18:43,1e-07,1e-07,1e-07,1e-07,1e-07,1e-07,1e-07,1e-07,1e-07,1e-07,1e-07,1e-07,1e-07,1e-07,1e-07,1e-07,0.9999999,1e-07,1e-07,1e-07,1e-07,1e-07,1e-07,1e-07,1e-07,1e-07,1e-07,1e-07,1e-07,1e-07,1e-07,1e-07,1e-07,1e-07,1e-07,1e-07,1e-07,1e-07,1e-07
2022-08-17 18:18:44,1e-07,1e-07,1e-07,1e-07,1e-07,1e-07,1e-07,1e-07,1e-07,1e-07,1e-07,1e-07,1e-07,1e-07,1e-07,1e-07,0.9999999,1e-07,1e-07,1e-07,1e-07,1e-07,1e-07,1e-07,1e-07,1e-07,1e-07,1e-07,1e-07,1e-07,1e-07,1e-07,1e-07,1e-07,1e-07,1e-07,1e-07,1e-07,1e-07
2022-08-17 18:18:45,1e-07,1e-07,1e-07,1e-07,1e-07,1e-07,1e-07,1e-07,1e-07,1e-07,1e-07,1e-07,1e-07,1e-07,1e-07,1e-07,0.9999999,1e-07,1e-07,1e-07,1e-07,1e-07,1e-07,1e-07,1e-07,1e-07,1e-07,1e-07,1e-07,1e-07,1e-07,1e-07,1e-07,1e-07,1e-07,1e-07,1e-07,1e-07,1e-07
2022-08-17 18:18:46,1e-07,1e-07,1e-07,1e-07,1e-07,1e-07,1e-07,1e-07,1e-07,1e-07,1e-07,1e-07,1e-07,1e-07,1e-07,1e-07,0.9999999,1e-07,1e-07,1e-07,1e-07,1e-07,1e-07,1e-07,1e-07,1e-07,1e-07,1e-07,1e-07,1e-07,1e-07,1e-07,1e-07,1e-07,1e-07,1e-07,1e-07,1e-07,1e-07
2022-08-17 18:18:47,1e-07,1e-07,1e-07,1e-07,1e-07,1e-07,1e-07,1e-07,1e-07,1e-07,1e-07,1e-07,1e-07,1e-07,1e-07,1e-07,0.9999999,1e-07,1e-07,1e-07,1e-07,1e-07,1e-07,1e-07,1e-07,1e-07,1e-07,1e-07,1e-07,1e-07,1e-07,1e-07,1e-07,1e-07,1e-07,1e-07,1e-07,1e-07,1e-07
2022-08-17 18:18:48,1e-07,1e-07,1e-07,1e-07,1e-07,1e-07,1e-07,1e-07,1e-07,1e-07,1e-07,1e-07,1e-07,1e-07,1e-07,1e-07,0.9999999,1e-07,1e-07,1e-07,1e-07,1e-07,1e-07,1e-07,1e-07,1e-07,1e-07,1e-07,1e-07,1e-07,1e-07,1e-07,1e-07,1e-07,1e-07,1e-07,1e-07,1e-07,1e-07
2022-08-17 18:18:49,1e-07,1e-07,1e-07,1e-07,1e-07,1e-07,1e-07,1e-07,1e-07,1e-07,1e-07,1e-07,1e-07,1e-07,1e-07,1e-07,0.9999999,1e-07,1e-07,1e-07,1e-07,1e-07,1e-07,1e-07,1e-07,1e-07,1e-07,1e-07,1e-07,1e-07,1e-07,1e-07,1e-07,1e-07,1e-07,1e-07,1e-07,1e-07,1e-07
2022-08-17 18:18:50,1e-07,1e-07,1e-07,1e-07,1e-07,1e-07,1e-07,1e-07,1e-07,1e-07,1e-07,1e-07,1e-07,1e-07,1e-07,1e-07,0.9999999,1e-07,1e-07,1e-07,1e-07,1e-07,1e-07,1e-07,1e-07,1e-07,1e-07,1e-07,1e-07,1e-07,1e-07,1e-07,1e-07,1e-07,1e-07,1e-07,1e-07,1e-07,1e-07
2022-08-17 18:18:51,1e-07,1e-07,1e-07,1e-07,1e-07,1e-07,1e-07,1e-07,1e-07,1e-07,1e-07,1e-07,1e-07,1e-07,1e-07,1e-07,0.9999999,1e-07,1e-07,1e-07,1e-07,1e-07,1e-07,1e-07,1e-07,1e-07,1e-07,1e-07,1e-07,1e-07,1e-07,1e-07,1e-07,1e-07,1e-07,1e-07,1e-07,1e-07,1e-07
2022-08-17 18:18:52,1e-07,1e-07,1e-07,1e-07,1e-07,1e-07,1e-07,1e-07,1e-07,1e-07,1e-07,1e-07,1e-07,1e-07,1e-07,1e-07,0.9999999,1e-07,1e-07,1e-07,1e-07,1e-07,1e-07,1e-07,1e-07,1e-07,1e-07,1e-07,1e-07,1e-07,1e-07,1e-07,1e-07,1e-07,1e-07,1e-07,1e-07,1e-07,1e-07
2022-08-17 18:18:53,1e-07,1e-07,1e-07,1e-07,1e-07,1e-07,1e-07,1e-07,1e-07,1e-07,1e-07,1e-07,1e-07,1e-07,1e-07,1e-07,0.9999999,1e-07,1e-07,1e-07,1e-07,1e-07,1e-07,1e-07,1e-07,1e-07,1e-07,1e-07,1e-07,1e-07,1e-07,1e-07,1e-07,1e-07,1e-07,1e-07,1e-07,1e-07,1e-07
2022-08-17 18:18:54,1e-07,1e-07,1e-07,1e-07,1e-07,1e-07,1e-07,1e-07,1e-07,1e-07,1e-07,1e-07,1e-07,1e-07,1e-07,1e-07,0.9999999,1e-07,1e-07,1e-07,1e-07,1e-07,1e-07,1e-07,1e-07,1e-07,1e-07,1e-07,1e-07,1e-07,1e-07,1e-07,1e-07,1e-07,1e-07,1e-07,1e-07,1e-07,1e-07
2022-08-17 18:18:55,1e-07,1e-07,1e-07,1e-07,1e-07,1e-07,1e-07,1e-07,1e-07,1e-07,1e-07,1e-07,1e-07,1e-07,1e-07,1e-07,0.9999999,1e-07,1e-07,1e-07,1e-07,1e-07,1e-07,1e-07,1e-07,1e-07,1e-07,1e-07,1e-07,1e-07,1e-07,1e-07,1e-07,1e-07,1e-07,1e-07,1e-07,1e-07,1e-07
2022-08-17 18:18:56,1e-07,1e-07,1e-07,1e-07,1e-07,1e-07,1e-07,1e-07,1e-07,1e-07,1e-07,1e-07,1e-07,1e-07,1e-07,1e-07,0.9999999,1e-07,1e-07,1e-07,1e-07,1e-07,1e-07,1e-07,1e-07,1e-07,1e-07,1e-07,1e-07,1e-07,1e-07,1e-07,1e-07,1e-07,1e-07,1e-07,1e-07,1e-07,1e-07
2022-08-17 18:18:57,1e-07,1e-07,1e-07,1e-07,1e-07,1e-07,1e-07,1e-07,1e-07,1e-07,1e-07,1e-07,1e-07,1e-07,1e-07,1e-07,0.9999999,1e-07,1e-07,1e-07,1e-07,1e-07,1e-07,1e-07,1e-07,1e-07,1e-07,1e-07,1e-07,1e-07,1e-07,1e-07,1e-07,1e-07,1e-07,1e-07,1e-07,1e-07,1e-07
2022-08-17 18:18:58,1e-07,1e-07,1e-07,1e-07,1e-07,1e-07,1e-07,1e-07,1e-07,1e-07,1e-07,1e-07,1e-07,1e-07,1e-07,1e-07,0.9999999,1e-07,1e-07,1e-07,1e-07,1e-07,1e-07,1e-07,1e-07,1e-07,1e-07,1e-07,1e-07,1e-07,1e-07,1e-07,1e-07,1e-07,1e-07,1e-07,1e-07,1e-07,1e-07
2022-08-17 18:18:59,1e-07,1e-07,1e-07,1e-07,1e-07,1e-07,1e-07,1e-07,1e-07,1e-07,1e-07,1e-07,1e-07,1e-07,1e-07,1e-07,0.9999999,1e-07,1e-07,1e-07,1e-07,1e-07,1e-07,1e-07,1e-07,1e-07,1e-07,1e-07,1e-07,1e-07,1e-07,1e-07,1e-07,1e-07,1e-07,1e-07,1e-07,1e-07,1e-07
2022-08-17 19:41:00,1e-07,1e-07,1e-07,1e-07,1e-07,1e-07,1e-07,1e-07,1e-07,1e-07,1e-07,1e-07,1e-07,1e-07,1e-07,1e-07,1e-07,0.9999999,1e-07,1e-07,1e-07,1e-07,1e-07,1e-07,1e-07,1e-07,1e-07,1e-07,1e-07,1e-07,1e-07,1e-07,1e-07,1e-07,1e-07,1e-07,1e-07,1e-07,1e-07
2022-08-17 19:41:01,1e-07,1e-07,1e-07,1e-07,1e-07,1e-07,1e-07,1e-07,1e-07,1e-07,1e-07,1e-07,1e-07,1e-07,1e-07,1e-07,1e-07,0.9999999,1e-07,1e-07,1e-07,1e-07,1e-07,1e-07,1e-07,1e-07,1e-07,1e-07,1e-07,1e-07,1e-07,1e-07,1e-07,1e-07,1e-07,1e-07,1e-07,1e-07,1e-07
2022-08-17 19:41:02,1e-07,1e-07,1e-07,1e-07,1e-07,1e-07,1e-07,1e-07,1e-07,1e-07,1e-07,1e-07,1e-07,1e-07,1e-07,1e-07,1e-07,0.9999999,1e-07,1e-07,1e-07,1e-07,1e-07,1e-07,1e-07,1e-07,1e-07,1e-07,1e-07,1e-07,1e-07,1e-07,1e-07,1e-07,1e-07,1e-07,1e-07,1e-07,1e-07
2022-08-17 19:41:03,1e-07,1e-07,1e-07,1e-07,1e-07,1e-07,1e-07,1e-07,1e-07,1e-07,1e-07,1e-07,1e-07,1e-07,1e-07,1e-07,1e-07,0.9999999,1e-07,1e-07,1e-07,1e-07,1e-07,1e-07,1e-07,1e-07,1e-07,1e-07,1e-07,1e-07,1e-07,1e-07,1e-07,1e-07,1e-07,1e-07,1e-07,1e-07,1e-07
2022-08-17 19:41:04,1e-07,1e-07,1e-07,1e-07,1e-07,1e-07,1e-07,1e-07,1e-07,1e-07,1e-07,1e-07,1e-07,1e-07,1e-07,1e-07,1e-07,0.9999999,1e-07,1e-07,1e-07,1e-07,1e-07,1e-07,1e-07,1e-07,1e-07,1e-07,1e-07,1e-07,1e-07,1e-07,1e-07,1e-07,1e-07,1e-07,1e-07,1e-07,1e-07
2022-08-17 19:41:05,1e-07,1e-07,1e-07,1e-07,1e-07,1e-07,1e-07,1e-07,1e-07,1e-07,1e-07,1e-07,1e-07,1e-07,1e-07,1e-07,1e-07,0.9999999,1e-07,1e-07,1e-07,1e-07,1e-07,1e-07,1e-07,1e-07,1e-07,1e-07,1e-07,1e-07,1e-07,1e-07,1e-07,1e-07,1e-07,1e-07,1e-07,1e-07,1e-07
2022-08-17 19:41:06,1e-07,1e-07,1e-07,1e-07,1e-07,1e-07,1e-07,1e-07,1e-07,1e-07,1e-07,1e-07,1e-07,1e-07,1e-07,1e-07,1e-07,0.9999999,1e-07,1e-07,1e-07,1e-07,1e-07,1e-07,1e-07,1e-07,1e-07,1e-07,1e-07,1e-07,1e-07,1e-07,1e-07,1e-07,1e-07,1e-07,1e-07,1e-07,1e-07
2022-08-17 19:41:07,1e-07,1e-07,1e-07,1e-07,1e-07,1e-07,1e-07,1e-07,1e-07,1e-07,1e-07,1e-07,1e-07,1e-07,1e-07,1e-07,1e-07,0.9999999,1e-07,1e-07,1e-07,1e-07,1e-07,1e-07,1e-07,1e-07,1e-07,1e-07,1e-07,1e-07,1e-07,1e-07,1e-07,1e-07,1e-07,1e-07,1e-07,1e-07,1e-07
2022-08-17 19:41:08,1e-07,1e-07,1e-07,1e-07,1e-07,1e-07,1e-07,1e-07,1e-07,1e-07,1e-07,1e-07,1e-07,1e-07,1e-07,1e-07,1e-07,0.9999999,1e-07,1e-07,1e-07,1e-07,1e-07,1e-07,1e-07,1e-07,1e-07,1e-07,1e-07,1e-07,1e-07,1e-07,1e-07,1e-07,1e-07,1e-07,1e-07,1e-07,1e-07
2022-08-17 19:41:09,1e-07,1e-07,1e-07,1e-07,1e-07,1e-07,1e-07,1e-07,1e-07,1e-07,1e-07,1e-07,1e-07,1e-07,1e-07,1e-07,1e-07,0.9999999,1e-07,1e-07,1e-07,1e-07,1e-07,1e-07,1e-07,1e-07,1e-07,1e-07,1e-07,1e-07,1e-07,1e-07,1e-07,1e-07,1e-07,1e-07,1e-07,1e-07,1e-07
2022-08-17 19:41:10,1e-07,1e-07,1e-07,1e-07,1e-07,1e-07,1e-07,1e-07,1e-07,1e-07,1e-07,1e-07,1e-07,1e-07,1e-07,1e-07,1e-07,0.9999999,1e-07,1e-07,1e-07,1e-07,1e-07,1e-07,1e-07,1e-07,1e-07,1e-07,1e-07,1e-07,1e-07,1e-07,1e-07,1e-07,1e-07,1e-07,1e-07,1e-07,1e-07
2022-08-17 19:41:11,1e-07,1e-07,1e-07,1e-07,1e-07,1e-07,1e-07,1e-07,1e-07,1e-07,1e-07,1e-07,1e-07,1e-07,1e-07,1e-07,1e-07,0.9999999,1e-07,1e-07,1e-07,1e-07,1e-07,1e-07,1e-07,1e-07,1e-07,1e-07,1e-07,1e-07,1e-07,1e-07,1e-07,1e-07,1e-07,1e-07,1e-07,1e-07,1e-07
2022-08-17 19:41:12,1e-07,1e-07,1e-07,1e-07,1e-07,1e-07,1e-07,1e-07,1e-07,1e-07,1e-07,1e-07,1e-07,1e-07,1e-07,1e-07,1e-07,0.9999999,1e-07,1e-07,1e-07,1e-07,1e-07,1e-07,1e-07,1e-07,1e-07,1e-07,1e-07,1e-07,1e-07,1e-07,1e-07,1e-07,1e-07,1e-07,1e-07,1e-07,1e-07
2022-08-17 19:41:13,1e-07,1e-07,1e-07,1e-07,1e-07,1e-07,1e-07,1e-07,1e-07,1e-07,1e-07,1e-07,1e-07,1e-07,1e-07,1e-07,1e-07,0.9999999,1e-07,1e-07,1e-07,1e-07,1e-07,1e-07,1e-07,1e-07,1e-07,1e-07,1e-07,1e-07,1e-07,1e-07,1e-07,1e-07,1e-07,1e-07,1e-07,1e-07,1e-07
2022-08-17 19:41:14,1e-07,1e-07,1e-07,1e-07,1e-07,1e-07,1e-07,1e-07,1e-07,1e-07,1e-07,1e-07,1e-07,1e-07,1e-07,1e-07,1e-07,0.9999999,1e-07,1e-07,1e-07,1e-07,1e-07,1e-07,1e-07,1e-07,1e-07,1e-07,1e-07,1e-07,1e-07,1e-07,1e-07,1e-07,1e-07,1e-07,1e-07,1e-07,1e-07
2022-08-17 19:41:15,1e-07,1e-07,1e-07,1e-07,1e-07,1e-07,1e-07,1e-07,1e-07,1e-07,1e-07,1e-07,1e-07,1e-07,1e-07,1e-07,1e-07,0.9999999,1e-07,1e-07,1e-07,1e-07,1e-07,1e-07,1e-07,1e-07,1e-07,1e-07,1e-07,1e-07,1e-07,1e-07,1e-07,1e-07,1e-07,1e-07,1e-07,1e-07,1e-07
2022-08-17 19:41:16,1e-07,1e-07,1e-07,1e-07,1e-07,1e-07,1e-07,1e-07,1e-07,1e-07,1e-07,1e-07,1e-07,1e-07,1e-07,1e-07,1e-07,0.9999999,1e-07,1e-07,1e-07,1e-07,1e-07,1e-07,1e-07,1e-07,1e-07,1e-07,1e-07,1e-07,1e-07,1e-07,1e-07,1e-07,1e-07,1e-07,1e-07,1e-07,1e-07
2022-08-17 19:41:17,1e-07,1e-07,1e-07,1e-07,1e-07,1e-07,1e-07,1e-07,1e-07,1e-07,1e-07,1e-07,1e-07,1e-07,1e-07,1e-07,1e-07,0.9999999,1e-07,1e-07,1e-07,1e-07,1e-07,1e-07,1e-07,1e-07,1e-07,1e-07,1e-07,1e-07,1e-07,1e-07,1e-07,1e-07,1e-07,1e-07,1e-07,1e-07,1e-07
2022-08-17 19:41:18,1e-07,1e-07,1e-07,1e-07,1e-07,1e-07,1e-07,1e-07,1e-07,1e-07,1e-07,1e-07,1e-07,1e-07,1e-07,1e-07,1e-07,0.9999999,1e-07,1e-07,1e-07,1e-07,1e-07,1e-07,1e-07,1e-07,1e-07,1e-07,1e-07,1e-07,1e-07,1e-07,1e-07,1e-07,1e-07,1e-07,1e-07,1e-07,1e-07
2022-08-17 19:41:19,1e-07,1e-07,1e-07,1e-07,1e-07,1e-07,1e-07,1e-07,1e-07,1e-07,1e-07,1e-07,1e-07,1e-07,1e-07,1e-07,1e-07,0.9999999,1e-07,1e-07,1e-07,1e-07,1e-07,1e-07,1e-07,1e-07,1e-07,1e-07,1e-07,1e-07,1e-07,1e-07,1e-07,1e-07,1e-07,1e-07,1e-07,1e-07,1e-07
2022-08-17 19:41:20,1e-07,1e-07,1e-07,1e-07,1e-07,1e-07,1e-07,1e-07,1e-07,1e-07,1e-07,1e-07,1e-07,1e-07,1e-07,1e-07,1e-07,0.9999999,1e-07,1e-07,1e-07,1e-07,1e-07,1e-07,1e-07,1e-07,1e-07,1e-07,1e-07,1e-07,1e-07,1e-07,1e-07,1e-07,1e-07,1e-07,1e-07,1e-07,1e-07
2022-08-17 19:41:21,1e-07,1e-07,1e-07,1e-07,1e-07,1e-07,1e-07,1e-07,1e-07,1e-07,1e-07,1e-07,1e-07,1e-07,1e-07,1e-07,1e-07,0.9999999,1e-07,1e-07,1e-07,1e-07,1e-07,1e-07,1e-07,1e-07,1e-07,1e-07,1e-07,1e-07,1e-07,1e-07,1e-07,1e-07,1e-07,1e-07,1e-07,1e-07,1e-07
2022-08-17 19:41:22,1e-07,1e-07,1e-07,1e-07,1e-07,1e-07,1e-07,1e-07,1e-07,1e-07,1e-07,1e-07,1e-07,1e-07,1e-07,1e-07,1e-07,0.9999999,1e-07,1e-07,1e-07,1e-07,1e-07,1e-07,1e-07,1e-07,1e-07,1e-07,1e-07,1e-07,1e-07,1e-07,1e-07,1e-07,1e-07,1e-07,1e-07,1e-07,1e-07
2022-08-17 19:41:23,1e-07,1e-07,1e-07,1e-07,1e-07,1e-07,1e-07,1e-07,1e-07,1e-07,1e-07,1e-07,1e-07,1e-07,1e-07,1e-07,1e-07,0.9999999,1e-07,1e-07,1e-07,1e-07,1e-07,1e-07,1e-07,1e-07,1e-07,1e-07,1e-07,1e-07,1e-07,1e-07,1e-07,1e-07,1e-07,1e-07,1e-07,1e-07,1e-07
2022-08-17 19:41:24,1e-07,1e-07,1e-07,1e-07,1e-07,1e-07,1e-07,1e-07,1e-07,1e-07,1e-07,1e-07,1e-07,1e-07,1e-07,1e-07,1e-07,0.9999999,1e-07,1e-07,1e-07,1e-07,1e-07,1e-07,1e-07,1e-07,1e-07,1e-07,1e-07,1e-07,1e-07,1e-07,1e-07,1e-07,1e-07,1e-07,1e-07,1e-07,1e-07
2022-08-17 19:41:25,1e-07,1e-07,1e-07,1e-07,1e-07,1e-07,1e-07,1e-07,1e-07,1e-07,1e-07,1e-07,1e-07,1e-07,1e-07,1e-07,1e-07,0.9999999,1e-07,1e-07,1e-07,1e-07,1e-07,1e-07,1e-07,1e-07,1e-07,1e-07,1e-07,1e-07,1e-07,1e-07,1e-07,1e-07,1e-07,1e-07,1e-07,1e-07,1e-07
2022-08-17 19:41:26,1e-07,1e-07,1e-07,1e-07,1e-07,1e-07,1e-07,1e-07,1e-07,1e-07,1e-07,1e-07,1e-07,1e-07,1e-07,1e-07,1e-07,0.9999999,1e-07,1e-07,1e-07,1e-07,1e-07,1e-07,1e-07,1e-07,1e-07,1e-07,1e-07,1e-07,1e-07,1e-07,1e-07,1e-07,1e-07,1e-07,1e-07,1e-07,1e-07
2022-08-17 19:41:27,1e-07,1e-07,1e-07,1e-07,1e-07,1e-07,1e-07,1e-07,1e-07,1e-07,1e-07,1e-07,1e-07,1e-07,1e-07,1e-07,1e-07,0.9999999,1e-07,1e-07,1e-07,1e-07,1e-07,1e-07,1e-07,1e-07,1e-07,1e-07,1e-07,1e-07,1e-07,1e-07,1e-07,1e-07,1e-07,1e-07,1e-07,1e-07,1e-07
2022-08-17 19:41:28,1e-07,1e-07,1e-07,1e-07,1e-07,1e-07,1e-07,1e-07,1e-07,1e-07,1e-07,1e-07,1e-07,1e-07,1e-07,1e-07,1e-07,0.9999999,1e-07,1e-07,1e-07,1e-07,1e-07,1e-07,1e-07,1e-07,1e-07,1e-07,1e-07,1e-07,1e-07,1e-07,1e-07,1e-07,1e-07,1e-07,1e-07,1e-07,1e-07
2022-08-17 19:41:29,1e-07,1e-07,1e-07,1e-07,1e-07,1e-07,1e-07,1e-07,1e-07,1e-07,1e-07,1e-07,1e-07,1e-07,1e-07,1e-07,1e-07,0.9999999,1e-07,1e-07,1e-07,1e-07,1e-07,1e-07,1e-07,1e-07,1e-07,1e-07,1e-07,1e-07,1e-07,1e-07,1e-07,1e-07,1e-07,1e-07,1e-07,1e-07,1e-07
2022-08-17 19:41:30,1e-07,1e-07,1e-07,1e-07,1e-07,1e-07,1e-07,1e-07,1e-07,1e-07,1e-07,1e-07,1e-07,1e-07,1e-07,1e-07,1e-07,0.9999999,1e-07,1e-07,1e-07,1e-07,1e-07,1e-07,1e-07,1e-07,1e-07,1e-07,1e-07,1e-07,1e-07,1e-07,1e-07,1e-07,1e-07,1e-07,1e-07,1e-07,1e-07
2022-08-17 19:41:31,1e-07,1e-07,1e-07,1e-07,1e-07,1e-07,1e-07,1e-07,1e-07,1e-07,1e-07,1e-07,1e-07,1e-07,1e-07,1e-07,1e-07,0.9999999,1e-07,1e-07,1e-07,1e-07,1e-07,1e-07,1e-07,1e-07,1e-07,1e-07,1e-07,1e-07,1e-07,1e-07,1e-07,1e-07,1e-07,1e-07,1e-07,1e-07,1e-07
2022-08-17 19:41:32,1e-07,1e-07,1e-07,1e-07,1e-07,1e-07,1e-07,1e-07,1e-07,1e-07,1e-07,1e-07,1e-07,1e-07,1e-07,1e-07,1e-07,0.9999999,1e-07,1e-07,1e-07,1e-07,1e-07,1e-07,1e-07,1e-07,1e-07,1e-07,1e-07,1e-07,1e-07,1e-07,1e-07,1e-07,1e-07,1e-07,1e-07,1e-07,1e-07
2022-08-17 19:41:33,1e-07,1e-07,1e-07,1e-07,1e-07,1e-07,1e-07,1e-07,1e-07,1e-07,1e-07,1e-07,1e-07,1e-07,1e-07,1e-07,1e-07,0.9999999,1e-07,1e-07,1e-07,1e-07,1e-07,1e-07,1e-07,1e-07,1e-07,1e-07,1e-07,1e-07,1e-07,1e-07,1e-07,1e-07,1e-07,1e-07,1e-07,1e-07,1e-07
2022-08-17 19:41:34,1e-07,1e-07,1e-07,1e-07,1e-07,1e-07,1e-07,1e-07,1e-07,1e-07,1e-07,1e-07,1e-07,1e-07,1e-07,1e-07,1e-07,0.9999999,1e-07,1e-07,1e-07,1e-07,1e-07,1e-07,1e-07,1e-07,1e-07,1e-07,1e-07,1e-07,1e-07,1e-07,1e-07,1e-07,1e-07,1e-07,1e-07,1e-07,1e-07
2022-08-17 19:41:35,1e-07,1e-07,1e-07,1e-07,1e-07,1e-07,1e-07,1e-07,1e-07,1e-07,1e-07,1e-07,1e-07,1e-07,1e-07,1e-07,1e-07,0.9999999,1e-07,1e-07,1e-07,1e-07,1e-07,1e-07,1e-07,1e-07,1e-07,1e-07,1e-07,1e-07,1e-07,1e-07,1e-07,1e-07,1e-07,1e-07,1e-07,1e-07,1e-07
2022-08-17 19:41:36,1e-07,1e-07,1e-07,1e-07,1e-07,1e-07,1e-07,1e-07,1e-07,1e-07,1e-07,1e-07,1e-07,1e-07,1e-07,1e-07,1e-07,0.9999999,1e-07,1e-07,1e-07,1e-07,1e-07,1e-07,1e-07,1e-07,1e-07,1e-07,1e-07,1e-07,1e-07,1e-07,1e-07,1e-07,1e-07,1e-07,1e-07,1e-07,1e-07
2022-08-17 19:41:37,1e-07,1e-07,1e-07,1e-07,1e-07,1e-07,1e-07,1e-07,1e-07,1e-07,1e-07,1e-07,1e-07,1e-07,1e-07,1e-07,1e-07,0.9999999,1e-07,1e-07,1e-07,1e-07,1e-07,1e-07,1e-07,1e-07,1e-07,1e-07,1e-07,1e-07,1e-07,1e-07,1e-07,1e-07,1e-07,1e-07,1e-07,1e-07,1e-07
2022-08-17 19:41:38,1e-07,1e-07,1e-07,1e-07,1e-07,1e-07,1e-07,1e-07,1e-07,1e-07,1e-07,1e-07,1e-07,1e-07,1e-07,1e-07,1e-07,0.9999999,1e-07,1e-07,1e-07,1e-07,1e-07,1e-07,1e-07,1e-07,1e-07,1e-07,1e-07,1e-07,1e-07,1e-07,1e-07,1e-07,1e-07,1e-07,1e-07,1e-07,1e-07
2022-08-17 19:41:39,1e-07,1e-07,1e-07,1e-07,1e-07,1e-07,1e-07,1e-07,1e-07,1e-07,1e-07,1e-07,1e-07,1e-07,1e-07,1e-07,1e-07,0.9999999,1e-07,1e-07,1e-07,1e-07,1e-07,1e-07,1e-07,1e-07,1e-07,1e-07,1e-07,1e-07,1e-07,1e-07,1e-07,1e-07,1e-07,1e-07,1e-07,1e-07,1e-07
2022-08-17 19:41:40,1e-07,1e-07,1e-07,1e-07,1e-07,1e-07,1e-07,1e-07,1e-07,1e-07,1e-07,1e-07,1e-07,1e-07,1e-07,1e-07,1e-07,0.9999999,1e-07,1e-07,1e-07,1e-07,1e-07,1e-07,1e-07,1e-07,1e-07,1e-07,1e-07,1e-07,1e-07,1e-07,1e-07,1e-07,1e-07,1e-07,1e-07,1e-07,1e-07
2022-08-17 19:41:41,1e-07,1e-07,1e-07,1e-07,1e-07,1e-07,1e-07,1e-07,1e-07,1e-07,1e-07,1e-07,1e-07,1e-07,1e-07,1e-07,1e-07,0.9999999,1e-07,1e-07,1e-07,1e-07,1e-07,1e-07,1e-07,1e-07,1e-07,1e-07,1e-07,1e-07,1e-07,1e-07,1e-07,1e-07,1e-07,1e-07,1e-07,1e-07,1e-07
2022-08-17 19:41:42,1e-07,1e-07,1e-07,1e-07,1e-07,1e-07,1e-07,1e-07,1e-07,1e-07,1e-07,1e-07,1e-07,1e-07,1e-07,1e-07,1e-07,0.9999999,1e-07,1e-07,1e-07,1e-07,1e-07,1e-07,1e-07,1e-07,1e-07,1e-07,1e-07,1e-07,1e-07,1e-07,1e-07,1e-07,1e-07,1e-07,1e-07,1e-07,1e-07
2022-08-17 19:41:43,1e-07,1e-07,1e-07,1e-07,1e-07,1e-07,1e-07,1e-07,1e-07,1e-07,1e-07,1e-07,1e-07,1e-07,1e-07,1e-07,1e-07,0.9999999,1e-07,1e-07,1e-07,1e-07,1e-07,1e-07,1e-07,1e-07,1e-07,1e-07,1e-07,1e-07,1e-07,1e-07,1e-07,1e-07,1e-07,1e-07,1e-07,1e-07,1e-07
2022-08-17 19:41:44,1e-07,1e-07,1e-07,1e-07,1e-07,1e-07,1e-07,1e-07,1e-07,1e-07,1e-07,1e-07,1e-07,1e-07,1e-07,1e-07,1e-07,0.9999999,1e-07,1e-07,1e-07,1e-07,1e-07,1e-07,1e-07,1e-07,1e-07,1e-07,1e-07,1e-07,1e-07,1e-07,1e-07,1e-07,1e-07,1e-07,1e-07,1e-07,1e-07
2022-08-17 19:41:45,1e-07,1e-07,1e-07,1e-07,1e-07,1e-07,1e-07,1e-07,1e-07,1e-07,1e-07,1e-07,1e-07,1e-07,1e-07,1e-07,1e-07,0.9999999,1e-07,1e-07,1e-07,1e-07,1e-07,1e-07,1e-07,1e-07,1e-07,1e-07,1e-07,1e-07,1e-07,1e-07,1e-07,1e-07,1e-07,1e-07,1e-07,1e-07,1e-07
2022-08-17 19:41:46,1e-07,1e-07,1e-07,1e-07,1e-07,1e-07,1e-07,1e-07,1e-07,1e-07,1e-07,1e-07,1e-07,1e-07,1e-07,1e-07,1e-07,0.9999999,1e-07,1e-07,1e-07,1e-07,1e-07,1e-07,1e-07,1e-07,1e-07,1e-07,1e-07,1e-07,1e-07,1e-07,1e-07,1e-07,1e-07,1e-07,1e-07,1e-07,1e-07
2022-08-17 19:41:47,1e-07,1e-07,1e-07,1e-07,1e-07,1e-07,1e-07,1e-07,1e-07,1e-07,1e-07,1e-07,1e-07,1e-07,1e-07,1e-07,1e-07,0.9999999,1e-07,1e-07,1e-07,1e-07,1e-07,1e-07,1e-07,1e-07,1e-07,1e-07,1e-07,1e-07,1e-07,1e-07,1e-07,1e-07,1e-07,1e-07,1e-07,1e-07,1e-07
2022-08-17 19:41:48,1e-07,1e-07,1e-07,1e-07,1e-07,1e-07,1e-07,1e-07,1e-07,1e-07,1e-07,1e-07,1e-07,1e-07,1e-07,1e-07,1e-07,0.9999999,1e-07,1e-07,1e-07,1e-07,1e-07,1e-07,1e-07,1e-07,1e-07,1e-07,1e-07,1e-07,1e-07,1e-07,1e-07,1e-07,1e-07,1e-07,1e-07,1e-07,1e-07
2022-08-17 19:41:49,1e-07,1e-07,1e-07,1e-07,1e-07,1e-07,1e-07,1e-07,1e-07,1e-07,1e-07,1e-07,1e-07,1e-07,1e-07,1e-07,1e-07,0.9999999,1e-07,1e-07,1e-07,1e-07,1e-07,1e-07,1e-07,1e-07,1e-07,1e-07,1e-07,1e-07,1e-07,1e-07,1e-07,1e-07,1e-07,1e-07,1e-07,1e-07,1e-07
2022-08-17 19:41:50,1e-07,1e-07,1e-07,1e-07,1e-07,1e-07,1e-07,1e-07,1e-07,1e-07,1e-07,1e-07,1e-07,1e-07,1e-07,1e-07,1e-07,0.9999999,1e-07,1e-07,1e-07,1e-07,1e-07,1e-07,1e-07,1e-07,1e-07,1e-07,1e-07,1e-07,1e-07,1e-07,1e-07,1e-07,1e-07,1e-07,1e-07,1e-07,1e-07
2022-08-17 19:41:51,1e-07,1e-07,1e-07,1e-07,1e-07,1e-07,1e-07,1e-07,1e-07,1e-07,1e-07,1e-07,1e-07,1e-07,1e-07,1e-07,1e-07,0.9999999,1e-07,1e-07,1e-07,1e-07,1e-07,1e-07,1e-07,1e-07,1e-07,1e-07,1e-07,1e-07,1e-07,1e-07,1e-07,1e-07,1e-07,1e-07,1e-07,1e-07,1e-07
2022-08-17 19:41:52,1e-07,1e-07,1e-07,1e-07,1e-07,1e-07,1e-07,1e-07,1e-07,1e-07,1e-07,1e-07,1e-07,1e-07,1e-07,1e-07,1e-07,0.9999999,1e-07,1e-07,1e-07,1e-07,1e-07,1e-07,1e-07,1e-07,1e-07,1e-07,1e-07,1e-07,1e-07,1e-07,1e-07,1e-07,1e-07,1e-07,1e-07,1e-07,1e-07
2022-08-17 19:41:53,1e-07,1e-07,1e-07,1e-07,1e-07,1e-07,1e-07,1e-07,1e-07,1e-07,1e-07,1e-07,1e-07,1e-07,1e-07,1e-07,1e-07,0.9999999,1e-07,1e-07,1e-07,1e-07,1e-07,1e-07,1e-07,1e-07,1e-07,1e-07,1e-07,1e-07,1e-07,1e-07,1e-07,1e-07,1e-07,1e-07,1e-07,1e-07,1e-07
2022-08-17 19:41:54,1e-07,1e-07,1e-07,1e-07,1e-07,1e-07,1e-07,1e-07,1e-07,1e-07,1e-07,1e-07,1e-07,1e-07,1e-07,1e-07,1e-07,0.9999999,1e-07,1e-07,1e-07,1e-07,1e-07,1e-07,1e-07,1e-07,1e-07,1e-07,1e-07,1e-07,1e-07,1e-07,1e-07,1e-07,1e-07,1e-07,1e-07,1e-07,1e-07
2022-08-17 19:41:55,1e-07,1e-07,1e-07,1e-07,1e-07,1e-07,1e-07,1e-07,1e-07,1e-07,1e-07,1e-07,1e-07,1e-07,1e-07,1e-07,1e-07,0.9999999,1e-07,1e-07,1e-07,1e-07,1e-07,1e-07,1e-07,1e-07,1e-07,1e-07,1e-07,1e-07,1e-07,1e-07,1e-07,1e-07,1e-07,1e-07,1e-07,1e-07,1e-07
2022-08-17 19:41:56,1e-07,1e-07,1e-07,1e-07,1e-07,1e-07,1e-07,1e-07,1e-07,1e-07,1e-07,1e-07,1e-07,1e-07,1e-07,1e-07,1e-07,0.9999999,1e-07,1e-07,1e-07,1e-07,1e-07,1e-07,1e-07,1e-07,1e-07,1e-07,1e-07,1e-07,1e-07,1e-07,1e-07,1e-07,1e-07,1e-07,1e-07,1e-07,1e-07
2022-08-17 19:41:57,1e-07,1e-07,1e-07,1e-07,1e-07,1e-07,1e-07,1e-07,1e-07,1e-07,1e-07,1e-07,1e-07,1e-07,1e-07,1e-07,1e-07,0.9999999,1e-07,1e-07,1e-07,1e-07,1e-07,1e-07,1e-07,1e-07,1e-07,1e-07,1e-07,1e-07,1e-07,1e-07,1e-07,1e-07,1e-07,1e-07,1e-07,1e-07,1e-07
2022-08-17 19:41:58,1e-07,1e-07,1e-07,1e-07,1e-07,1e-07,1e-07,1e-07,1e-07,1e-07,1e-07,1e-07,1e-07,1e-07,1e-07,1e-07,1e-07,0.9999999,1e-07,1e-07,1e-07,1e-07,1e-07,1e-07,1e-07,1e-07,1e-07,1e-07,1e-07,1e-07,1e-07,1e-07,1e-07,1e-07,1e-07,1e-07,1e-07,1e-07,1e-07
2022-08-17 19:41:59,1e-07,1e-07,1e-07,1e-07,1e-07,1e-07,1e-07,1e-07,1e-07,1e-07,1e-07,1e-07,1e-07,1e-07,1e-07,1e-07,1e-07,0.9999999,1e-07,1e-07,1e-07,1e-07,1e-07,1e-07,1e-07,1e-07,1e-07,1e-07,1e-07,1e-07,1e-07,1e-07,1e-07,1e-07,1e-07,1e-07,1e-07,1e-07,1e-07
2022-08-17 20:20:00,1e-07,1e-07,1e-07,1e-07,1e-07,1e-07,1e-07,1e-07,1e-07,1e-07,1e-07,1e-07,1e-07,1e-07,1e-07,1e-07,1e-07,1e-07,0.9999999,1e-07,1e-07,1e-07,1e-07,1e-07,1e-07,1e-07,1e-07,1e-07,1e-07,1e-07,1e-07,1e-07,1e-07,1e-07,1e-07,1e-07,1e-07,1e-07,1e-07
2022-08-17 20:20:01,1e-07,1e-07,1e-07,1e-07,1e-07,1e-07,1e-07,1e-07,1e-07,1e-07,1e-07,1e-07,1e-07,1e-07,1e-07,1e-07,1e-07,1e-07,0.9999999,1e-07,1e-07,1e-07,1e-07,1e-07,1e-07,1e-07,1e-07,1e-07,1e-07,1e-07,1e-07,1e-07,1e-07,1e-07,1e-07,1e-07,1e-07,1e-07,1e-07
2022-08-17 20:20:02,1e-07,1e-07,1e-07,1e-07,1e-07,1e-07,1e-07,1e-07,1e-07,1e-07,1e-07,1e-07,1e-07,1e-07,1e-07,1e-07,1e-07,1e-07,0.9999999,1e-07,1e-07,1e-07,1e-07,1e-07,1e-07,1e-07,1e-07,1e-07,1e-07,1e-07,1e-07,1e-07,1e-07,1e-07,1e-07,1e-07,1e-07,1e-07,1e-07
2022-08-17 20:20:03,1e-07,1e-07,1e-07,1e-07,1e-07,1e-07,1e-07,1e-07,1e-07,1e-07,1e-07,1e-07,1e-07,1e-07,1e-07,1e-07,1e-07,1e-07,0.9999999,1e-07,1e-07,1e-07,1e-07,1e-07,1e-07,1e-07,1e-07,1e-07,1e-07,1e-07,1e-07,1e-07,1e-07,1e-07,1e-07,1e-07,1e-07,1e-07,1e-07
2022-08-17 20:20:04,1e-07,1e-07,1e-07,1e-07,1e-07,1e-07,1e-07,1e-07,1e-07,1e-07,1e-07,1e-07,1e-07,1e-07,1e-07,1e-07,1e-07,1e-07,0.9999999,1e-07,1e-07,1e-07,1e-07,1e-07,1e-07,1e-07,1e-07,1e-07,1e-07,1e-07,1e-07,1e-07,1e-07,1e-07,1e-07,1e-07,1e-07,1e-07,1e-07
2022-08-17 20:20:05,1e-07,1e-07,1e-07,1e-07,1e-07,1e-07,1e-07,1e-07,1e-07,1e-07,1e-07,1e-07,1e-07,1e-07,1e-07,1e-07,1e-07,1e-07,0.9999999,1e-07,1e-07,1e-07,1e-07,1e-07,1e-07,1e-07,1e-07,1e-07,1e-07,1e-07,1e-07,1e-07,1e-07,1e-07,1e-07,1e-07,1e-07,1e-07,1e-07
2022-08-17 20:20:06,1e-07,1e-07,1e-07,1e-07,1e-07,1e-07,1e-07,1e-07,1e-07,1e-07,1e-07,1e-07,1e-07,1e-07,1e-07,1e-07,1e-07,1e-07,0.9999999,1e-07,1e-07,1e-07,1e-07,1e-07,1e-07,1e-07,1e-07,1e-07,1e-07,1e-07,1e-07,1e-07,1e-07,1e-07,1e-07,1e-07,1e-07,1e-07,1e-07
2022-08-17 20:20:07,1e-07,1e-07,1e-07,1e-07,1e-07,1e-07,1e-07,1e-07,1e-07,1e-07,1e-07,1e-07,1e-07,1e-07,1e-07,1e-07,1e-07,1e-07,0.9999999,1e-07,1e-07,1e-07,1e-07,1e-07,1e-07,1e-07,1e-07,1e-07,1e-07,1e-07,1e-07,1e-07,1e-07,1e-07,1e-07,1e-07,1e-07,1e-07,1e-07
2022-08-17 20:20:08,1e-07,1e-07,1e-07,1e-07,1e-07,1e-07,1e-07,1e-07,1e-07,1e-07,1e-07,1e-07,1e-07,1e-07,1e-07,1e-07,1e-07,1e-07,0.9999999,1e-07,1e-07,1e-07,1e-07,1e-07,1e-07,1e-07,1e-07,1e-07,1e-07,1e-07,1e-07,1e-07,1e-07,1e-07,1e-07,1e-07,1e-07,1e-07,1e-07
2022-08-17 20:20:09,1e-07,1e-07,1e-07,1e-07,1e-07,1e-07,1e-07,1e-07,1e-07,1e-07,1e-07,1e-07,1e-07,1e-07,1e-07,1e-07,1e-07,1e-07,0.9999999,1e-07,1e-07,1e-07,1e-07,1e-07,1e-07,1e-07,1e-07,1e-07,1e-07,1e-07,1e-07,1e-07,1e-07,1e-07,1e-07,1e-07,1e-07,1e-07,1e-07
2022-08-17 20:20:10,1e-07,1e-07,1e-07,1e-07,1e-07,1e-07,1e-07,1e-07,1e-07,1e-07,1e-07,1e-07,1e-07,1e-07,1e-07,1e-07,1e-07,1e-07,0.9999999,1e-07,1e-07,1e-07,1e-07,1e-07,1e-07,1e-07,1e-07,1e-07,1e-07,1e-07,1e-07,1e-07,1e-07,1e-07,1e-07,1e-07,1e-07,1e-07,1e-07
2022-08-17 20:20:11,1e-07,1e-07,1e-07,1e-07,1e-07,1e-07,1e-07,1e-07,1e-07,1e-07,1e-07,1e-07,1e-07,1e-07,1e-07,1e-07,1e-07,1e-07,0.9999999,1e-07,1e-07,1e-07,1e-07,1e-07,1e-07,1e-07,1e-07,1e-07,1e-07,1e-07,1e-07,1e-07,1e-07,1e-07,1e-07,1e-07,1e-07,1e-07,1e-07
2022-08-17 20:20:12,1e-07,1e-07,1e-07,1e-07,1e-07,1e-07,1e-07,1e-07,1e-07,1e-07,1e-07,1e-07,1e-07,1e-07,1e-07,1e-07,1e-07,1e-07,0.9999999,1e-07,1e-07,1e-07,1e-07,1e-07,1e-07,1e-07,1e-07,1e-07,1e-07,1e-07,1e-07,1e-07,1e-07,1e-07,1e-07,1e-07,1e-07,1e-07,1e-07
2022-08-17 20:20:13,1e-07,1e-07,1e-07,1e-07,1e-07,1e-07,1e-07,1e-07,1e-07,1e-07,1e-07,1e-07,1e-07,1e-07,1e-07,1e-07,1e-07,1e-07,0.9999999,1e-07,1e-07,1e-07,1e-07,1e-07,1e-07,1e-07,1e-07,1e-07,1e-07,1e-07,1e-07,1e-07,1e-07,1e-07,1e-07,1e-07,1e-07,1e-07,1e-07
2022-08-17 20:20:14,1e-07,1e-07,1e-07,1e-07,1e-07,1e-07,1e-07,1e-07,1e-07,1e-07,1e-07,1e-07,1e-07,1e-07,1e-07,1e-07,1e-07,1e-07,0.9999999,1e-07,1e-07,1e-07,1e-07,1e-07,1e-07,1e-07,1e-07,1e-07,1e-07,1e-07,1e-07,1e-07,1e-07,1e-07,1e-07,1e-07,1e-07,1e-07,1e-07
2022-08-17 20:20:15,1e-07,1e-07,1e-07,1e-07,1e-07,1e-07,1e-07,1e-07,1e-07,1e-07,1e-07,1e-07,1e-07,1e-07,1e-07,1e-07,1e-07,1e-07,0.9999999,1e-07,1e-07,1e-07,1e-07,1e-07,1e-07,1e-07,1e-07,1e-07,1e-07,1e-07,1e-07,1e-07,1e-07,1e-07,1e-07,1e-07,1e-07,1e-07,1e-07
2022-08-17 20:20:16,1e-07,1e-07,1e-07,1e-07,1e-07,1e-07,1e-07,1e-07,1e-07,1e-07,1e-07,1e-07,1e-07,1e-07,1e-07,1e-07,1e-07,1e-07,0.9999999,1e-07,1e-07,1e-07,1e-07,1e-07,1e-07,1e-07,1e-07,1e-07,1e-07,1e-07,1e-07,1e-07,1e-07,1e-07,1e-07,1e-07,1e-07,1e-07,1e-07
2022-08-17 20:20:17,1e-07,1e-07,1e-07,1e-07,1e-07,1e-07,1e-07,1e-07,1e-07,1e-07,1e-07,1e-07,1e-07,1e-07,1e-07,1e-07,1e-07,1e-07,0.9999999,1e-07,1e-07,1e-07,1e-07,1e-07,1e-07,1e-07,1e-07,1e-07,1e-07,1e-07,1e-07,1e-07,1e-07,1e-07,1e-07,1e-07,1e-07,1e-07,1e-07
2022-08-17 20:20:18,1e-07,1e-07,1e-07,1e-07,1e-07,1e-07,1e-07,1e-07,1e-07,1e-07,1e-07,1e-07,1e-07,1e-07,1e-07,1e-07,1e-07,1e-07,0.9999999,1e-07,1e-07,1e-07,1e-07,1e-07,1e-07,1e-07,1e-07,1e-07,1e-07,1e-07,1e-07,1e-07,1e-07,1e-07,1e-07,1e-07,1e-07,1e-07,1e-07
2022-08-17 20:20:19,1e-07,1e-07,1e-07,1e-07,1e-07,1e-07,1e-07,1e-07,1e-07,1e-07,1e-07,1e-07,1e-07,1e-07,1e-07,1e-07,1e-07,1e-07,0.9999999,1e-07,1e-07,1e-07,1e-07,1e-07,1e-07,1e-07,1e-07,1e-07,1e-07,1e-07,1e-07,1e-07,1e-07,1e-07,1e-07,1e-07,1e-07,1e-07,1e-07
2022-08-17 20:20:20,1e-07,1e-07,1e-07,1e-07,1e-07,1e-07,1e-07,1e-07,1e-07,1e-07,1e-07,1e-07,1e-07,1e-07,1e-07,1e-07,1e-07,1e-07,0.9999999,1e-07,1e-07,1e-07,1e-07,1e-07,1e-07,1e-07,1e-07,1e-07,1e-07,1e-07,1e-07,1e-07,1e-07,1e-07,1e-07,1e-07,1e-07,1e-07,1e-07
2022-08-17 20:20:21,1e-07,1e-07,1e-07,1e-07,1e-07,1e-07,1e-07,1e-07,1e-07,1e-07,1e-07,1e-07,1e-07,1e-07,1e-07,1e-07,1e-07,1e-07,0.9999999,1e-07,1e-07,1e-07,1e-07,1e-07,1e-07,1e-07,1e-07,1e-07,1e-07,1e-07,1e-07,1e-07,1e-07,1e-07,1e-07,1e-07,1e-07,1e-07,1e-07
2022-08-17 20:20:22,1e-07,1e-07,1e-07,1e-07,1e-07,1e-07,1e-07,1e-07,1e-07,1e-07,1e-07,1e-07,1e-07,1e-07,1e-07,1e-07,1e-07,1e-07,0.9999999,1e-07,1e-07,1e-07,1e-07,1e-07,1e-07,1e-07,1e-07,1e-07,1e-07,1e-07,1e-07,1e-07,1e-07,1e-07,1e-07,1e-07,1e-07,1e-07,1e-07
2022-08-17 20:20:23,1e-07,1e-07,1e-07,1e-07,1e-07,1e-07,1e-07,1e-07,1e-07,1e-07,1e-07,1e-07,1e-07,1e-07,1e-07,1e-07,1e-07,1e-07,0.9999999,1e-07,1e-07,1e-07,1e-07,1e-07,1e-07,1e-07,1e-07,1e-07,1e-07,1e-07,1e-07,1e-07,1e-07,1e-07,1e-07,1e-07,1e-07,1e-07,1e-07
2022-08-17 20:20:24,1e-07,1e-07,1e-07,1e-07,1e-07,1e-07,1e-07,1e-07,1e-07,1e-07,1e-07,1e-07,1e-07,1e-07,1e-07,1e-07,1e-07,1e-07,0.9999999,1e-07,1e-07,1e-07,1e-07,1e-07,1e-07,1e-07,1e-07,1e-07,1e-07,1e-07,1e-07,1e-07,1e-07,1e-07,1e-07,1e-07,1e-07,1e-07,1e-07
2022-08-17 20:20:25,1e-07,1e-07,1e-07,1e-07,1e-07,1e-07,1e-07,1e-07,1e-07,1e-07,1e-07,1e-07,1e-07,1e-07,1e-07,1e-07,1e-07,1e-07,0.9999999,1e-07,1e-07,1e-07,1e-07,1e-07,1e-07,1e-07,1e-07,1e-07,1e-07,1e-07,1e-07,1e-07,1e-07,1e-07,1e-07,1e-07,1e-07,1e-07,1e-07
2022-08-17 20:20:26,1e-07,1e-07,1e-07,1e-07,1e-07,1e-07,1e-07,1e-07,1e-07,1e-07,1e-07,1e-07,1e-07,1e-07,1e-07,1e-07,1e-07,1e-07,0.9999999,1e-07,1e-07,1e-07,1e-07,1e-07,1e-07,1e-07,1e-07,1e-07,1e-07,1e-07,1e-07,1e-07,1e-07,1e-07,1e-07,1e-07,1e-07,1e-07,1e-07
2022-08-17 20:20:27,1e-07,1e-07,1e-07,1e-07,1e-07,1e-07,1e-07,1e-07,1e-07,1e-07,1e-07,1e-07,1e-07,1e-07,1e-07,1e-07,1e-07,1e-07,0.9999999,1e-07,1e-07,1e-07,1e-07,1e-07,1e-07,1e-07,1e-07,1e-07,1e-07,1e-07,1e-07,1e-07,1e-07,1e-07,1e-07,1e-07,1e-07,1e-07,1e-07
2022-08-17 20:20:28,1e-07,1e-07,1e-07,1e-07,1e-07,1e-07,1e-07,1e-07,1e-07,1e-07,1e-07,1e-07,1e-07,1e-07,1e-07,1e-07,1e-07,1e-07,0.9999999,1e-07,1e-07,1e-07,1e-07,1e-07,1e-07,1e-07,1e-07,1e-07,1e-07,1e-07,1e-07,1e-07,1e-07,1e-07,1e-07,1e-07,1e-07,1e-07,1e-07
2022-08-17 20:20:29,1e-07,1e-07,1e-07,1e-07,1e-07,1e-07,1e-07,1e-07,1e-07,1e-07,1e-07,1e-07,1e-07,1e-07,1e-07,1e-07,1e-07,1e-07,0.9999999,1e-07,1e-07,1e-07,1e-07,1e-07,1e-07,1e-07,1e-07,1e-07,1e-07,1e-07,1e-07,1e-07,1e-07,1e-07,1e-07,1e-07,1e-07,1e-07,1e-07
2022-08-17 20:20:30,1e-07,1e-07,1e-07,1e-07,1e-07,1e-07,1e-07,1e-07,1e-07,1e-07,1e-07,1e-07,1e-07,1e-07,1e-07,1e-07,1e-07,1e-07,0.9999999,1e-07,1e-07,1e-07,1e-07,1e-07,1e-07,1e-07,1e-07,1e-07,1e-07,1e-07,1e-07,1e-07,1e-07,1e-07,1e-07,1e-07,1e-07,1e-07,1e-07
2022-08-17 20:20:31,1e-07,1e-07,1e-07,1e-07,1e-07,1e-07,1e-07,1e-07,1e-07,1e-07,1e-07,1e-07,1e-07,1e-07,1e-07,1e-07,1e-07,1e-07,0.9999999,1e-07,1e-07,1e-07,1e-07,1e-07,1e-07,1e-07,1e-07,1e-07,1e-07,1e-07,1e-07,1e-07,1e-07,1e-07,1e-07,1e-07,1e-07,1e-07,1e-07
2022-08-17 20:20:32,1e-07,1e-07,1e-07,1e-07,1e-07,1e-07,1e-07,1e-07,1e-07,1e-07,1e-07,1e-07,1e-07,1e-07,1e-07,1e-07,1e-07,1e-07,0.9999999,1e-07,1e-07,1e-07,1e-07,1e-07,1e-07,1e-07,1e-07,1e-07,1e-07,1e-07,1e-07,1e-07,1e-07,1e-07,1e-07,1e-07,1e-07,1e-07,1e-07
2022-08-17 20:20:33,1e-07,1e-07,1e-07,1e-07,1e-07,1e-07,1e-07,1e-07,1e-07,1e-07,1e-07,1e-07,1e-07,1e-07,1e-07,1e-07,1e-07,1e-07,0.9999999,1e-07,1e-07,1e-07,1e-07,1e-07,1e-07,1e-07,1e-07,1e-07,1e-07,1e-07,1e-07,1e-07,1e-07,1e-07,1e-07,1e-07,1e-07,1e-07,1e-07
2022-08-17 20:20:34,1e-07,1e-07,1e-07,1e-07,1e-07,1e-07,1e-07,1e-07,1e-07,1e-07,1e-07,1e-07,1e-07,1e-07,1e-07,1e-07,1e-07,1e-07,0.9999999,1e-07,1e-07,1e-07,1e-07,1e-07,1e-07,1e-07,1e-07,1e-07,1e-07,1e-07,1e-07,1e-07,1e-07,1e-07,1e-07,1e-07,1e-07,1e-07,1e-07
2022-08-17 20:20:35,1e-07,1e-07,1e-07,1e-07,1e-07,1e-07,1e-07,1e-07,1e-07,1e-07,1e-07,1e-07,1e-07,1e-07,1e-07,1e-07,1e-07,1e-07,0.9999999,1e-07,1e-07,1e-07,1e-07,1e-07,1e-07,1e-07,1e-07,1e-07,1e-07,1e-07,1e-07,1e-07,1e-07,1e-07,1e-07,1e-07,1e-07,1e-07,1e-07
2022-08-17 20:20:36,1e-07,1e-07,1e-07,1e-07,1e-07,1e-07,1e-07,1e-07,1e-07,1e-07,1e-07,1e-07,1e-07,1e-07,1e-07,1e-07,1e-07,1e-07,0.9999999,1e-07,1e-07,1e-07,1e-07,1e-07,1e-07,1e-07,1e-07,1e-07,1e-07,1e-07,1e-07,1e-07,1e-07,1e-07,1e-07,1e-07,1e-07,1e-07,1e-07
2022-08-17 20:20:37,1e-07,1e-07,1e-07,1e-07,1e-07,1e-07,1e-07,1e-07,1e-07,1e-07,1e-07,1e-07,1e-07,1e-07,1e-07,1e-07,1e-07,1e-07,0.9999999,1e-07,1e-07,1e-07,1e-07,1e-07,1e-07,1e-07,1e-07,1e-07,1e-07,1e-07,1e-07,1e-07,1e-07,1e-07,1e-07,1e-07,1e-07,1e-07,1e-07
2022-08-17 20:20:38,1e-07,1e-07,1e-07,1e-07,1e-07,1e-07,1e-07,1e-07,1e-07,1e-07,1e-07,1e-07,1e-07,1e-07,1e-07,1e-07,1e-07,1e-07,0.9999999,1e-07,1e-07,1e-07,1e-07,1e-07,1e-07,1e-07,1e-07,1e-07,1e-07,1e-07,1e-07,1e-07,1e-07,1e-07,1e-07,1e-07,1e-07,1e-07,1e-07
2022-08-17 20:20:39,1e-07,1e-07,1e-07,1e-07,1e-07,1e-07,1e-07,1e-07,1e-07,1e-07,1e-07,1e-07,1e-07,1e-07,1e-07,1e-07,1e-07,1e-07,0.9999999,1e-07,1e-07,1e-07,1e-07,1e-07,1e-07,1e-07,1e-07,1e-07,1e-07,1e-07,1e-07,1e-07,1e-07,1e-07,1e-07,1e-07,1e-07,1e-07,1e-07
2022-08-17 20:20:40,1e-07,1e-07,1e-07,1e-07,1e-07,1e-07,1e-07,1e-07,1e-07,1e-07,1e-07,1e-07,1e-07,1e-07,1e-07,1e-07,1e-07,1e-07,0.9999999,1e-07,1e-07,1e-07,1e-07,1e-07,1e-07,1e-07,1e-07,1e-07,1e-07,1e-07,1e-07,1e-07,1e-07,1e-07,1e-07,1e-07,1e-07,1e-07,1e-07
2022-08-17 20:20:41,1e-07,1e-07,1e-07,1e-07,1e-07,1e-07,1e-07,1e-07,1e-07,1e-07,1e-07,1e-07,1e-07,1e-07,1e-07,1e-07,1e-07,1e-07,0.9999999,1e-07,1e-07,1e-07,1e-07,1e-07,1e-07,1e-07,1e-07,1e-07,1e-07,1e-07,1e-07,1e-07,1e-07,1e-07,1e-07,1e-07,1e-07,1e-07,1e-07
2022-08-17 20:20:42,1e-07,1e-07,1e-07,1e-07,1e-07,1e-07,1e-07,1e-07,1e-07,1e-07,1e-07,1e-07,1e-07,1e-07,1e-07,1e-07,1e-07,1e-07,0.9999999,1e-07,1e-07,1e-07,1e-07,1e-07,1e-07,1e-07,1e-07,1e-07,1e-07,1e-07,1e-07,1e-07,1e-07,1e-07,1e-07,1e-07,1e-07,1e-07,1e-07
2022-08-17 20:20:43,1e-07,1e-07,1e-07,1e-07,1e-07,1e-07,1e-07,1e-07,1e-07,1e-07,1e-07,1e-07,1e-07,1e-07,1e-07,1e-07,1e-07,1e-07,0.9999999,1e-07,1e-07,1e-07,1e-07,1e-07,1e-07,1e-07,1e-07,1e-07,1e-07,1e-07,1e-07,1e-07,1e-07,1e-07,1e-07,1e-07,1e-07,1e-07,1e-07
2022-08-17 20:20:44,1e-07,1e-07,1e-07,1e-07,1e-07,1e-07,1e-07,1e-07,1e-07,1e-07,1e-07,1e-07,1e-07,1e-07,1e-07,1e-07,1e-07,1e-07,0.9999999,1e-07,1e-07,1e-07,1e-07,1e-07,1e-07,1e-07,1e-07,1e-07,1e-07,1e-07,1e-07,1e-07,1e-07,1e-07,1e-07,1e-07,1e-07,1e-07,1e-07
2022-08-17 20:20:45,1e-07,1e-07,1e-07,1e-07,1e-07,1e-07,1e-07,1e-07,1e-07,1e-07,1e-07,1e-07,1e-07,1e-07,1e-07,1e-07,1e-07,1e-07,0.9999999,1e-07,1e-07,1e-07,1e-07,1e-07,1e-07,1e-07,1e-07,1e-07,1e-07,1e-07,1e-07,1e-07,1e-07,1e-07,1e-07,1e-07,1e-07,1e-07,1e-07
2022-08-17 20:20:46,1e-07,1e-07,1e-07,1e-07,1e-07,1e-07,1e-07,1e-07,1e-07,1e-07,1e-07,1e-07,1e-07,1e-07,1e-07,1e-07,1e-07,1e-07,0.9999999,1e-07,1e-07,1e-07,1e-07,1e-07,1e-07,1e-07,1e-07,1e-07,1e-07,1e-07,1e-07,1e-07,1e-07,1e-07,1e-07,1e-07,1e-07,1e-07,1e-07
2022-08-17 20:20:47,1e-07,1e-07,1e-07,1e-07,1e-07,1e-07,1e-07,1e-07,1e-07,1e-07,1e-07,1e-07,1e-07,1e-07,1e-07,1e-07,1e-07,1e-07,0.9999999,1e-07,1e-07,1e-07,1e-07,1e-07,1e-07,1e-07,1e-07,1e-07,1e-07,1e-07,1e-07,1e-07,1e-07,1e-07,1e-07,1e-07,1e-07,1e-07,1e-07
2022-08-17 20:20:48,1e-07,1e-07,1e-07,1e-07,1e-07,1e-07,1e-07,1e-07,1e-07,1e-07,1e-07,1e-07,1e-07,1e-07,1e-07,1e-07,1e-07,1e-07,0.9999999,1e-07,1e-07,1e-07,1e-07,1e-07,1e-07,1e-07,1e-07,1e-07,1e-07,1e-07,1e-07,1e-07,1e-07,1e-07,1e-07,1e-07,1e-07,1e-07,1e-07
2022-08-17 20:20:49,1e-07,1e-07,1e-07,1e-07,1e-07,1e-07,1e-07,1e-07,1e-07,1e-07,1e-07,1e-07,1e-07,1e-07,1e-07,1e-07,1e-07,1e-07,0.9999999,1e-07,1e-07,1e-07,1e-07,1e-07,1e-07,1e-07,1e-07,1e-07,1e-07,1e-07,1e-07,1e-07,1e-07,1e-07,1e-07,1e-07,1e-07,1e-07,1e-07
2022-08-17 20:20:50,1e-07,1e-07,1e-07,1e-07,1e-07,1e-07,1e-07,1e-07,1e-07,1e-07,1e-07,1e-07,1e-07,1e-07,1e-07,1e-07,1e-07,1e-07,0.9999999,1e-07,1e-07,1e-07,1e-07,1e-07,1e-07,1e-07,1e-07,1e-07,1e-07,1e-07,1e-07,1e-07,1e-07,1e-07,1e-07,1e-07,1e-07,1e-07,1e-07
2022-08-17 20:20:51,1e-07,1e-07,1e-07,1e-07,1e-07,1e-07,1e-07,1e-07,1e-07,1e-07,1e-07,1e-07,1e-07,1e-07,1e-07,1e-07,1e-07,1e-07,0.9999999,1e-07,1e-07,1e-07,1e-07,1e-07,1e-07,1e-07,1e-07,1e-07,1e-07,1e-07,1e-07,1e-07,1e-07,1e-07,1e-07,1e-07,1e-07,1e-07,1e-07
2022-08-17 20:20:52,1e-07,1e-07,1e-07,1e-07,1e-07,1e-07,1e-07,1e-07,1e-07,1e-07,1e-07,1e-07,1e-07,1e-07,1e-07,1e-07,1e-07,1e-07,0.9999999,1e-07,1e-07,1e-07,1e-07,1e-07,1e-07,1e-07,1e-07,1e-07,1e-07,1e-07,1e-07,1e-07,1e-07,1e-07,1e-07,1e-07,1e-07,1e-07,1e-07
2022-08-17 20:20:53,1e-07,1e-07,1e-07,1e-07,1e-07,1e-07,1e-07,1e-07,1e-07,1e-07,1e-07,1e-07,1e-07,1e-07,1e-07,1e-07,1e-07,1e-07,0.9999999,1e-07,1e-07,1e-07,1e-07,1e-07,1e-07,1e-07,1e-07,1e-07,1e-07,1e-07,1e-07,1e-07,1e-07,1e-07,1e-07,1e-07,1e-07,1e-07,1e-07
2022-08-17 20:20:54,1e-07,1e-07,1e-07,1e-07,1e-07,1e-07,1e-07,1e-07,1e-07,1e-07,1e-07,1e-07,1e-07,1e-07,1e-07,1e-07,1e-07,1e-07,0.9999999,1e-07,1e-07,1e-07,1e-07,1e-07,1e-07,1e-07,1e-07,1e-07,1e-07,1e-07,1e-07,1e-07,1e-07,1e-07,1e-07,1e-07,1e-07,1e-07,1e-07
2022-08-17 20:20:55,1e-07,1e-07,1e-07,1e-07,1e-07,1e-07,1e-07,1e-07,1e-07,1e-07,1e-07,1e-07,1e-07,1e-07,1e-07,1e-07,1e-07,1e-07,0.9999999,1e-07,1e-07,1e-07,1e-07,1e-07,1e-07,1e-07,1e-07,1e-07,1e-07,1e-07,1e-07,1e-07,1e-07,1e-07,1e-07,1e-07,1e-07,1e-07,1e-07
2022-08-17 20:20:56,1e-07,1e-07,1e-07,1e-07,1e-07,1e-07,1e-07,1e-07,1e-07,1e-07,1e-07,1e-07,1e-07,1e-07,1e-07,1e-07,1e-07,1e-07,0.9999999,1e-07,1e-07,1e-07,1e-07,1e-07,1e-07,1e-07,1e-07,1e-07,1e-07,1e-07,1e-07,1e-07,1e-07,1e-07,1e-07,1e-07,1e-07,1e-07,1e-07
2022-08-17 20:20:57,1e-07,1e-07,1e-07,1e-07,1e-07,1e-07,1e-07,1e-07,1e-07,1e-07,1e-07,1e-07,1e-07,1e-07,1e-07,1e-07,1e-07,1e-07,0.9999999,1e-07,1e-07,1e-07,1e-07,1e-07,1e-07,1e-07,1e-07,1e-07,1e-07,1e-07,1e-07,1e-07,1e-07,1e-07,1e-07,1e-07,1e-07,1e-07,1e-07
2022-08-17 20:20:58,1e-07,1e-07,1e-07,1e-07,1e-07,1e-07,1e-07,1e-07,1e-07,1e-07,1e-07,1e-07,1e-07,1e-07,1e-07,1e-07,1e-07,1e-07,0.9999999,1e-07,1e-07,1e-07,1e-07,1e-07,1e-07,1e-07,1e-07,1e-07,1e-07,1e-07,1e-07,1e-07,1e-07,1e-07,1e-07,1e-07,1e-07,1e-07,1e-07
2022-08-17 20:20:59,1e-07,1e-07,1e-07,1e-07,1e-07,1e-07,1e-07,1e-07,1e-07,1e-07,1e-07,1e-07,1e-07,1e-07,1e-07,1e-07,1e-07,1e-07,0.9999999,1e-07,1e-07,1e-07,1e-07,1e-07,1e-07,1e-07,1e-07,1e-07,1e-07,1e-07,1e-07,1e-07,1e-07,1e-07,1e-07,1e-07,1e-07,1e-07,1e-07
2022-08-17 22:44:00,1e-07,1e-07,1e-07,1e-07,1e-07,0.9999999,1e-07,1e-07,1e-07,1e-07,1e-07,1e-07,1e-07,1e-07,1e-07,1e-07,1e-07,1e-07,1e-07,1e-07,1e-07,1e-07,1e-07,1e-07,1e-07,1e-07,1e-07,1e-07,1e-07,1e-07,1e-07,1e-07,1e-07,1e-07,1e-07,1e-07,1e-07,1e-07,1e-07
2022-08-17 22:44:01,1e-07,1e-07,1e-07,1e-07,1e-07,0.9999999,1e-07,1e-07,1e-07,1e-07,1e-07,1e-07,1e-07,1e-07,1e-07,1e-07,1e-07,1e-07,1e-07,1e-07,1e-07,1e-07,1e-07,1e-07,1e-07,1e-07,1e-07,1e-07,1e-07,1e-07,1e-07,1e-07,1e-07,1e-07,1e-07,1e-07,1e-07,1e-07,1e-07
2022-08-17 22:44:02,1e-07,1e-07,1e-07,1e-07,1e-07,0.9999999,1e-07,1e-07,1e-07,1e-07,1e-07,1e-07,1e-07,1e-07,1e-07,1e-07,1e-07,1e-07,1e-07,1e-07,1e-07,1e-07,1e-07,1e-07,1e-07,1e-07,1e-07,1e-07,1e-07,1e-07,1e-07,1e-07,1e-07,1e-07,1e-07,1e-07,1e-07,1e-07,1e-07
2022-08-17 22:44:03,1e-07,1e-07,1e-07,1e-07,1e-07,0.9999999,1e-07,1e-07,1e-07,1e-07,1e-07,1e-07,1e-07,1e-07,1e-07,1e-07,1e-07,1e-07,1e-07,1e-07,1e-07,1e-07,1e-07,1e-07,1e-07,1e-07,1e-07,1e-07,1e-07,1e-07,1e-07,1e-07,1e-07,1e-07,1e-07,1e-07,1e-07,1e-07,1e-07
2022-08-17 22:44:04,1e-07,1e-07,1e-07,1e-07,1e-07,0.9999999,1e-07,1e-07,1e-07,1e-07,1e-07,1e-07,1e-07,1e-07,1e-07,1e-07,1e-07,1e-07,1e-07,1e-07,1e-07,1e-07,1e-07,1e-07,1e-07,1e-07,1e-07,1e-07,1e-07,1e-07,1e-07,1e-07,1e-07,1e-07,1e-07,1e-07,1e-07,1e-07,1e-07
2022-08-17 22:44:05,1e-07,1e-07,1e-07,1e-07,1e-07,0.9999999,1e-07,1e-07,1e-07,1e-07,1e-07,1e-07,1e-07,1e-07,1e-07,1e-07,1e-07,1e-07,1e-07,1e-07,1e-07,1e-07,1e-07,1e-07,1e-07,1e-07,1e-07,1e-07,1e-07,1e-07,1e-07,1e-07,1e-07,1e-07,1e-07,1e-07,1e-07,1e-07,1e-07
2022-08-17 22:44:06,1e-07,1e-07,1e-07,1e-07,1e-07,0.9999999,1e-07,1e-07,1e-07,1e-07,1e-07,1e-07,1e-07,1e-07,1e-07,1e-07,1e-07,1e-07,1e-07,1e-07,1e-07,1e-07,1e-07,1e-07,1e-07,1e-07,1e-07,1e-07,1e-07,1e-07,1e-07,1e-07,1e-07,1e-07,1e-07,1e-07,1e-07,1e-07,1e-07
2022-08-17 22:44:07,1e-07,1e-07,1e-07,1e-07,1e-07,0.9999999,1e-07,1e-07,1e-07,1e-07,1e-07,1e-07,1e-07,1e-07,1e-07,1e-07,1e-07,1e-07,1e-07,1e-07,1e-07,1e-07,1e-07,1e-07,1e-07,1e-07,1e-07,1e-07,1e-07,1e-07,1e-07,1e-07,1e-07,1e-07,1e-07,1e-07,1e-07,1e-07,1e-07
2022-08-17 22:44:08,1e-07,1e-07,1e-07,1e-07,1e-07,0.9999999,1e-07,1e-07,1e-07,1e-07,1e-07,1e-07,1e-07,1e-07,1e-07,1e-07,1e-07,1e-07,1e-07,1e-07,1e-07,1e-07,1e-07,1e-07,1e-07,1e-07,1e-07,1e-07,1e-07,1e-07,1e-07,1e-07,1e-07,1e-07,1e-07,1e-07,1e-07,1e-07,1e-07
2022-08-17 22:44:09,1e-07,1e-07,1e-07,1e-07,1e-07,0.9999999,1e-07,1e-07,1e-07,1e-07,1e-07,1e-07,1e-07,1e-07,1e-07,1e-07,1e-07,1e-07,1e-07,1e-07,1e-07,1e-07,1e-07,1e-07,1e-07,1e-07,1e-07,1e-07,1e-07,1e-07,1e-07,1e-07,1e-07,1e-07,1e-07,1e-07,1e-07,1e-07,1e-07
2022-08-17 22:44:10,1e-07,1e-07,1e-07,1e-07,1e-07,0.9999999,1e-07,1e-07,1e-07,1e-07,1e-07,1e-07,1e-07,1e-07,1e-07,1e-07,1e-07,1e-07,1e-07,1e-07,1e-07,1e-07,1e-07,1e-07,1e-07,1e-07,1e-07,1e-07,1e-07,1e-07,1e-07,1e-07,1e-07,1e-07,1e-07,1e-07,1e-07,1e-07,1e-07
2022-08-17 22:44:11,1e-07,1e-07,1e-07,1e-07,1e-07,0.9999999,1e-07,1e-07,1e-07,1e-07,1e-07,1e-07,1e-07,1e-07,1e-07,1e-07,1e-07,1e-07,1e-07,1e-07,1e-07,1e-07,1e-07,1e-07,1e-07,1e-07,1e-07,1e-07,1e-07,1e-07,1e-07,1e-07,1e-07,1e-07,1e-07,1e-07,1e-07,1e-07,1e-07
2022-08-17 22:44:12,1e-07,1e-07,1e-07,1e-07,1e-07,0.9999999,1e-07,1e-07,1e-07,1e-07,1e-07,1e-07,1e-07,1e-07,1e-07,1e-07,1e-07,1e-07,1e-07,1e-07,1e-07,1e-07,1e-07,1e-07,1e-07,1e-07,1e-07,1e-07,1e-07,1e-07,1e-07,1e-07,1e-07,1e-07,1e-07,1e-07,1e-07,1e-07,1e-07
2022-08-17 22:44:13,1e-07,1e-07,1e-07,1e-07,1e-07,0.9999999,1e-07,1e-07,1e-07,1e-07,1e-07,1e-07,1e-07,1e-07,1e-07,1e-07,1e-07,1e-07,1e-07,1e-07,1e-07,1e-07,1e-07,1e-07,1e-07,1e-07,1e-07,1e-07,1e-07,1e-07,1e-07,1e-07,1e-07,1e-07,1e-07,1e-07,1e-07,1e-07,1e-07
2022-08-17 22:44:14,1e-07,1e-07,1e-07,1e-07,1e-07,0.9999999,1e-07,1e-07,1e-07,1e-07,1e-07,1e-07,1e-07,1e-07,1e-07,1e-07,1e-07,1e-07,1e-07,1e-07,1e-07,1e-07,1e-07,1e-07,1e-07,1e-07,1e-07,1e-07,1e-07,1e-07,1e-07,1e-07,1e-07,1e-07,1e-07,1e-07,1e-07,1e-07,1e-07
2022-08-17 22:44:15,1e-07,1e-07,1e-07,1e-07,1e-07,0.9999999,1e-07,1e-07,1e-07,1e-07,1e-07,1e-07,1e-07,1e-07,1e-07,1e-07,1e-07,1e-07,1e-07,1e-07,1e-07,1e-07,1e-07,1e-07,1e-07,1e-07,1e-07,1e-07,1e-07,1e-07,1e-07,1e-07,1e-07,1e-07,1e-07,1e-07,1e-07,1e-07,1e-07
2022-08-17 22:44:16,1e-07,1e-07,1e-07,1e-07,1e-07,0.9999999,1e-07,1e-07,1e-07,1e-07,1e-07,1e-07,1e-07,1e-07,1e-07,1e-07,1e-07,1e-07,1e-07,1e-07,1e-07,1e-07,1e-07,1e-07,1e-07,1e-07,1e-07,1e-07,1e-07,1e-07,1e-07,1e-07,1e-07,1e-07,1e-07,1e-07,1e-07,1e-07,1e-07
2022-08-17 22:44:17,1e-07,1e-07,1e-07,1e-07,1e-07,0.9999999,1e-07,1e-07,1e-07,1e-07,1e-07,1e-07,1e-07,1e-07,1e-07,1e-07,1e-07,1e-07,1e-07,1e-07,1e-07,1e-07,1e-07,1e-07,1e-07,1e-07,1e-07,1e-07,1e-07,1e-07,1e-07,1e-07,1e-07,1e-07,1e-07,1e-07,1e-07,1e-07,1e-07
2022-08-17 22:44:18,1e-07,1e-07,1e-07,1e-07,1e-07,0.9999999,1e-07,1e-07,1e-07,1e-07,1e-07,1e-07,1e-07,1e-07,1e-07,1e-07,1e-07,1e-07,1e-07,1e-07,1e-07,1e-07,1e-07,1e-07,1e-07,1e-07,1e-07,1e-07,1e-07,1e-07,1e-07,1e-07,1e-07,1e-07,1e-07,1e-07,1e-07,1e-07,1e-07
2022-08-17 22:44:19,1e-07,1e-07,1e-07,1e-07,1e-07,0.9999999,1e-07,1e-07,1e-07,1e-07,1e-07,1e-07,1e-07,1e-07,1e-07,1e-07,1e-07,1e-07,1e-07,1e-07,1e-07,1e-07,1e-07,1e-07,1e-07,1e-07,1e-07,1e-07,1e-07,1e-07,1e-07,1e-07,1e-07,1e-07,1e-07,1e-07,1e-07,1e-07,1e-07
2022-08-17 22:44:20,1e-07,1e-07,1e-07,1e-07,1e-07,0.9999999,1e-07,1e-07,1e-07,1e-07,1e-07,1e-07,1e-07,1e-07,1e-07,1e-07,1e-07,1e-07,1e-07,1e-07,1e-07,1e-07,1e-07,1e-07,1e-07,1e-07,1e-07,1e-07,1e-07,1e-07,1e-07,1e-07,1e-07,1e-07,1e-07,1e-07,1e-07,1e-07,1e-07
2022-08-17 22:44:21,1e-07,1e-07,1e-07,1e-07,1e-07,0.9999999,1e-07,1e-07,1e-07,1e-07,1e-07,1e-07,1e-07,1e-07,1e-07,1e-07,1e-07,1e-07,1e-07,1e-07,1e-07,1e-07,1e-07,1e-07,1e-07,1e-07,1e-07,1e-07,1e-07,1e-07,1e-07,1e-07,1e-07,1e-07,1e-07,1e-07,1e-07,1e-07,1e-07
2022-08-17 22:44:22,1e-07,1e-07,1e-07,1e-07,1e-07,0.9999999,1e-07,1e-07,1e-07,1e-07,1e-07,1e-07,1e-07,1e-07,1e-07,1e-07,1e-07,1e-07,1e-07,1e-07,1e-07,1e-07,1e-07,1e-07,1e-07,1e-07,1e-07,1e-07,1e-07,1e-07,1e-07,1e-07,1e-07,1e-07,1e-07,1e-07,1e-07,1e-07,1e-07
2022-08-17 22:44:23,1e-07,1e-07,1e-07,1e-07,1e-07,0.9999999,1e-07,1e-07,1e-07,1e-07,1e-07,1e-07,1e-07,1e-07,1e-07,1e-07,1e-07,1e-07,1e-07,1e-07,1e-07,1e-07,1e-07,1e-07,1e-07,1e-07,1e-07,1e-07,1e-07,1e-07,1e-07,1e-07,1e-07,1e-07,1e-07,1e-07,1e-07,1e-07,1e-07
2022-08-17 22:44:24,1e-07,1e-07,1e-07,1e-07,1e-07,0.9999999,1e-07,1e-07,1e-07,1e-07,1e-07,1e-07,1e-07,1e-07,1e-07,1e-07,1e-07,1e-07,1e-07,1e-07,1e-07,1e-07,1e-07,1e-07,1e-07,1e-07,1e-07,1e-07,1e-07,1e-07,1e-07,1e-07,1e-07,1e-07,1e-07,1e-07,1e-07,1e-07,1e-07
2022-08-17 22:44:25,1e-07,1e-07,1e-07,1e-07,1e-07,0.9999999,1e-07,1e-07,1e-07,1e-07,1e-07,1e-07,1e-07,1e-07,1e-07,1e-07,1e-07,1e-07,1e-07,1e-07,1e-07,1e-07,1e-07,1e-07,1e-07,1e-07,1e-07,1e-07,1e-07,1e-07,1e-07,1e-07,1e-07,1e-07,1e-07,1e-07,1e-07,1e-07,1e-07
2022-08-17 22:44:26,1e-07,1e-07,1e-07,1e-07,1e-07,0.9999999,1e-07,1e-07,1e-07,1e-07,1e-07,1e-07,1e-07,1e-07,1e-07,1e-07,1e-07,1e-07,1e-07,1e-07,1e-07,1e-07,1e-07,1e-07,1e-07,1e-07,1e-07,1e-07,1e-07,1e-07,1e-07,1e-07,1e-07,1e-07,1e-07,1e-07,1e-07,1e-07,1e-07
2022-08-17 22:44:27,1e-07,1e-07,1e-07,1e-07,1e-07,0.9999999,1e-07,1e-07,1e-07,1e-07,1e-07,1e-07,1e-07,1e-07,1e-07,1e-07,1e-07,1e-07,1e-07,1e-07,1e-07,1e-07,1e-07,1e-07,1e-07,1e-07,1e-07,1e-07,1e-07,1e-07,1e-07,1e-07,1e-07,1e-07,1e-07,1e-07,1e-07,1e-07,1e-07
2022-08-17 22:44:28,1e-07,1e-07,1e-07,1e-07,1e-07,0.9999999,1e-07,1e-07,1e-07,1e-07,1e-07,1e-07,1e-07,1e-07,1e-07,1e-07,1e-07,1e-07,1e-07,1e-07,1e-07,1e-07,1e-07,1e-07,1e-07,1e-07,1e-07,1e-07,1e-07,1e-07,1e-07,1e-07,1e-07,1e-07,1e-07,1e-07,1e-07,1e-07,1e-07
2022-08-17 22:44:29,1e-07,1e-07,1e-07,1e-07,1e-07,0.9999999,1e-07,1e-07,1e-07,1e-07,1e-07,1e-07,1e-07,1e-07,1e-07,1e-07,1e-07,1e-07,1e-07,1e-07,1e-07,1e-07,1e-07,1e-07,1e-07,1e-07,1e-07,1e-07,1e-07,1e-07,1e-07,1e-07,1e-07,1e-07,1e-07,1e-07,1e-07,1e-07,1e-07
2022-08-17 22:44:30,1e-07,1e-07,1e-07,1e-07,1e-07,0.9999999,1e-07,1e-07,1e-07,1e-07,1e-07,1e-07,1e-07,1e-07,1e-07,1e-07,1e-07,1e-07,1e-07,1e-07,1e-07,1e-07,1e-07,1e-07,1e-07,1e-07,1e-07,1e-07,1e-07,1e-07,1e-07,1e-07,1e-07,1e-07,1e-07,1e-07,1e-07,1e-07,1e-07
2022-08-17 22:44:31,1e-07,1e-07,1e-07,1e-07,1e-07,0.9999999,1e-07,1e-07,1e-07,1e-07,1e-07,1e-07,1e-07,1e-07,1e-07,1e-07,1e-07,1e-07,1e-07,1e-07,1e-07,1e-07,1e-07,1e-07,1e-07,1e-07,1e-07,1e-07,1e-07,1e-07,1e-07,1e-07,1e-07,1e-07,1e-07,1e-07,1e-07,1e-07,1e-07
2022-08-17 22:44:32,1e-07,1e-07,1e-07,1e-07,1e-07,0.9999999,1e-07,1e-07,1e-07,1e-07,1e-07,1e-07,1e-07,1e-07,1e-07,1e-07,1e-07,1e-07,1e-07,1e-07,1e-07,1e-07,1e-07,1e-07,1e-07,1e-07,1e-07,1e-07,1e-07,1e-07,1e-07,1e-07,1e-07,1e-07,1e-07,1e-07,1e-07,1e-07,1e-07
2022-08-17 22:44:33,1e-07,1e-07,1e-07,1e-07,1e-07,0.9999999,1e-07,1e-07,1e-07,1e-07,1e-07,1e-07,1e-07,1e-07,1e-07,1e-07,1e-07,1e-07,1e-07,1e-07,1e-07,1e-07,1e-07,1e-07,1e-07,1e-07,1e-07,1e-07,1e-07,1e-07,1e-07,1e-07,1e-07,1e-07,1e-07,1e-07,1e-07,1e-07,1e-07
2022-08-17 22:44:34,1e-07,1e-07,1e-07,1e-07,1e-07,0.9999999,1e-07,1e-07,1e-07,1e-07,1e-07,1e-07,1e-07,1e-07,1e-07,1e-07,1e-07,1e-07,1e-07,1e-07,1e-07,1e-07,1e-07,1e-07,1e-07,1e-07,1e-07,1e-07,1e-07,1e-07,1e-07,1e-07,1e-07,1e-07,1e-07,1e-07,1e-07,1e-07,1e-07
2022-08-17 22:44:35,1e-07,1e-07,1e-07,1e-07,1e-07,0.9999999,1e-07,1e-07,1e-07,1e-07,1e-07,1e-07,1e-07,1e-07,1e-07,1e-07,1e-07,1e-07,1e-07,1e-07,1e-07,1e-07,1e-07,1e-07,1e-07,1e-07,1e-07,1e-07,1e-07,1e-07,1e-07,1e-07,1e-07,1e-07,1e-07,1e-07,1e-07,1e-07,1e-07
2022-08-17 22:44:36,1e-07,1e-07,1e-07,1e-07,1e-07,0.9999999,1e-07,1e-07,1e-07,1e-07,1e-07,1e-07,1e-07,1e-07,1e-07,1e-07,1e-07,1e-07,1e-07,1e-07,1e-07,1e-07,1e-07,1e-07,1e-07,1e-07,1e-07,1e-07,1e-07,1e-07,1e-07,1e-07,1e-07,1e-07,1e-07,1e-07,1e-07,1e-07,1e-07
2022-08-17 22:44:37,1e-07,1e-07,1e-07,1e-07,1e-07,0.9999999,1e-07,1e-07,1e-07,1e-07,1e-07,1e-07,1e-07,1e-07,1e-07,1e-07,1e-07,1e-07,1e-07,1e-07,1e-07,1e-07,1e-07,1e-07,1e-07,1e-07,1e-07,1e-07,1e-07,1e-07,1e-07,1e-07,1e-07,1e-07,1e-07,1e-07,1e-07,1e-07,1e-07
2022-08-17 22:44:38,1e-07,1e-07,1e-07,1e-07,1e-07,0.9999999,1e-07,1e-07,1e-07,1e-07,1e-07,1e-07,1e-07,1e-07,1e-07,1e-07,1e-07,1e-07,1e-07,1e-07,1e-07,1e-07,1e-07,1e-07,1e-07,1e-07,1e-07,1e-07,1e-07,1e-07,1e-07,1e-07,1e-07,1e-07,1e-07,1e-07,1e-07,1e-07,1e-07
2022-08-17 22:44:39,1e-07,1e-07,1e-07,1e-07,1e-07,0.9999999,1e-07,1e-07,1e-07,1e-07,1e-07,1e-07,1e-07,1e-07,1e-07,1e-07,1e-07,1e-07,1e-07,1e-07,1e-07,1e-07,1e-07,1e-07,1e-07,1e-07,1e-07,1e-07,1e-07,1e-07,1e-07,1e-07,1e-07,1e-07,1e-07,1e-07,1e-07,1e-07,1e-07
2022-08-17 22:44:40,1e-07,1e-07,1e-07,1e-07,1e-07,0.9999999,1e-07,1e-07,1e-07,1e-07,1e-07,1e-07,1e-07,1e-07,1e-07,1e-07,1e-07,1e-07,1e-07,1e-07,1e-07,1e-07,1e-07,1e-07,1e-07,1e-07,1e-07,1e-07,1e-07,1e-07,1e-07,1e-07,1e-07,1e-07,1e-07,1e-07,1e-07,1e-07,1e-07
2022-08-17 22:44:41,1e-07,1e-07,1e-07,1e-07,1e-07,0.9999999,1e-07,1e-07,1e-07,1e-07,1e-07,1e-07,1e-07,1e-07,1e-07,1e-07,1e-07,1e-07,1e-07,1e-07,1e-07,1e-07,1e-07,1e-07,1e-07,1e-07,1e-07,1e-07,1e-07,1e-07,1e-07,1e-07,1e-07,1e-07,1e-07,1e-07,1e-07,1e-07,1e-07
2022-08-17 22:44:42,1e-07,1e-07,1e-07,1e-07,1e-07,0.9999999,1e-07,1e-07,1e-07,1e-07,1e-07,1e-07,1e-07,1e-07,1e-07,1e-07,1e-07,1e-07,1e-07,1e-07,1e-07,1e-07,1e-07,1e-07,1e-07,1e-07,1e-07,1e-07,1e-07,1e-07,1e-07,1e-07,1e-07,1e-07,1e-07,1e-07,1e-07,1e-07,1e-07
2022-08-17 22:44:43,1e-07,1e-07,1e-07,1e-07,1e-07,0.9999999,1e-07,1e-07,1e-07,1e-07,1e-07,1e-07,1e-07,1e-07,1e-07,1e-07,1e-07,1e-07,1e-07,1e-07,1e-07,1e-07,1e-07,1e-07,1e-07,1e-07,1e-07,1e-07,1e-07,1e-07,1e-07,1e-07,1e-07,1e-07,1e-07,1e-07,1e-07,1e-07,1e-07
2022-08-17 22:44:44,1e-07,1e-07,1e-07,1e-07,1e-07,0.9999999,1e-07,1e-07,1e-07,1e-07,1e-07,1e-07,1e-07,1e-07,1e-07,1e-07,1e-07,1e-07,1e-07,1e-07,1e-07,1e-07,1e-07,1e-07,1e-07,1e-07,1e-07,1e-07,1e-07,1e-07,1e-07,1e-07,1e-07,1e-07,1e-07,1e-07,1e-07,1e-07,1e-07
2022-08-17 22:44:45,1e-07,1e-07,1e-07,1e-07,1e-07,0.9999999,1e-07,1e-07,1e-07,1e-07,1e-07,1e-07,1e-07,1e-07,1e-07,1e-07,1e-07,1e-07,1e-07,1e-07,1e-07,1e-07,1e-07,1e-07,1e-07,1e-07,1e-07,1e-07,1e-07,1e-07,1e-07,1e-07,1e-07,1e-07,1e-07,1e-07,1e-07,1e-07,1e-07
2022-08-17 22:44:46,1e-07,1e-07,1e-07,1e-07,1e-07,0.9999999,1e-07,1e-07,1e-07,1e-07,1e-07,1e-07,1e-07,1e-07,1e-07,1e-07,1e-07,1e-07,1e-07,1e-07,1e-07,1e-07,1e-07,1e-07,1e-07,1e-07,1e-07,1e-07,1e-07,1e-07,1e-07,1e-07,1e-07,1e-07,1e-07,1e-07,1e-07,1e-07,1e-07
2022-08-17 22:44:47,1e-07,1e-07,1e-07,1e-07,1e-07,0.9999999,1e-07,1e-07,1e-07,1e-07,1e-07,1e-07,1e-07,1e-07,1e-07,1e-07,1e-07,1e-07,1e-07,1e-07,1e-07,1e-07,1e-07,1e-07,1e-07,1e-07,1e-07,1e-07,1e-07,1e-07,1e-07,1e-07,1e-07,1e-07,1e-07,1e-07,1e-07,1e-07,1e-07
2022-08-17 22:44:48,1e-07,1e-07,1e-07,1e-07,1e-07,0.9999999,1e-07,1e-07,1e-07,1e-07,1e-07,1e-07,1e-07,1e-07,1e-07,1e-07,1e-07,1e-07,1e-07,1e-07,1e-07,1e-07,1e-07,1e-07,1e-07,1e-07,1e-07,1e-07,1e-07,1e-07,1e-07,1e-07,1e-07,1e-07,1e-07,1e-07,1e-07,1e-07,1e-07
2022-08-17 22:44:49,1e-07,1e-07,1e-07,1e-07,1e-07,0.9999999,1e-07,1e-07,1e-07,1e-07,1e-07,1e-07,1e-07,1e-07,1e-07,1e-07,1e-07,1e-07,1e-07,1e-07,1e-07,1e-07,1e-07,1e-07,1e-07,1e-07,1e-07,1e-07,1e-07,1e-07,1e-07,1e-07,1e-07,1e-07,1e-07,1e-07,1e-07,1e-07,1e-07
2022-08-17 22:44:50,1e-07,1e-07,1e-07,1e-07,1e-07,0.9999999,1e-07,1e-07,1e-07,1e-07,1e-07,1e-07,1e-07,1e-07,1e-07,1e-07,1e-07,1e-07,1e-07,1e-07,1e-07,1e-07,1e-07,1e-07,1e-07,1e-07,1e-07,1e-07,1e-07,1e-07,1e-07,1e-07,1e-07,1e-07,1e-07,1e-07,1e-07,1e-07,1e-07
2022-08-17 22:44:51,1e-07,1e-07,1e-07,1e-07,1e-07,0.9999999,1e-07,1e-07,1e-07,1e-07,1e-07,1e-07,1e-07,1e-07,1e-07,1e-07,1e-07,1e-07,1e-07,1e-07,1e-07,1e-07,1e-07,1e-07,1e-07,1e-07,1e-07,1e-07,1e-07,1e-07,1e-07,1e-07,1e-07,1e-07,1e-07,1e-07,1e-07,1e-07,1e-07
2022-08-17 22:44:52,1e-07,1e-07,1e-07,1e-07,1e-07,0.9999999,1e-07,1e-07,1e-07,1e-07,1e-07,1e-07,1e-07,1e-07,1e-07,1e-07,1e-07,1e-07,1e-07,1e-07,1e-07,1e-07,1e-07,1e-07,1e-07,1e-07,1e-07,1e-07,1e-07,1e-07,1e-07,1e-07,1e-07,1e-07,1e-07,1e-07,1e-07,1e-07,1e-07
2022-08-17 22:44:53,1e-07,1e-07,1e-07,1e-07,1e-07,0.9999999,1e-07,1e-07,1e-07,1e-07,1e-07,1e-07,1e-07,1e-07,1e-07,1e-07,1e-07,1e-07,1e-07,1e-07,1e-07,1e-07,1e-07,1e-07,1e-07,1e-07,1e-07,1e-07,1e-07,1e-07,1e-07,1e-07,1e-07,1e-07,1e-07,1e-07,1e-07,1e-07,1e-07
2022-08-17 22:44:54,1e-07,1e-07,1e-07,1e-07,1e-07,0.9999999,1e-07,1e-07,1e-07,1e-07,1e-07,1e-07,1e-07,1e-07,1e-07,1e-07,1e-07,1e-07,1e-07,1e-07,1e-07,1e-07,1e-07,1e-07,1e-07,1e-07,1e-07,1e-07,1e-07,1e-07,1e-07,1e-07,1e-07,1e-07,1e-07,1e-07,1e-07,1e-07,1e-07
2022-08-17 22:44:55,1e-07,1e-07,1e-07,1e-07,1e-07,0.9999999,1e-07,1e-07,1e-07,1e-07,1e-07,1e-07,1e-07,1e-07,1e-07,1e-07,1e-07,1e-07,1e-07,1e-07,1e-07,1e-07,1e-07,1e-07,1e-07,1e-07,1e-07,1e-07,1e-07,1e-07,1e-07,1e-07,1e-07,1e-07,1e-07,1e-07,1e-07,1e-07,1e-07
2022-08-17 22:44:56,1e-07,1e-07,1e-07,1e-07,1e-07,0.9999999,1e-07,1e-07,1e-07,1e-07,1e-07,1e-07,1e-07,1e-07,1e-07,1e-07,1e-07,1e-07,1e-07,1e-07,1e-07,1e-07,1e-07,1e-07,1e-07,1e-07,1e-07,1e-07,1e-07,1e-07,1e-07,1e-07,1e-07,1e-07,1e-07,1e-07,1e-07,1e-07,1e-07
2022-08-17 22:44:57,1e-07,1e-07,1e-07,1e-07,1e-07,0.9999999,1e-07,1e-07,1e-07,1e-07,1e-07,1e-07,1e-07,1e-07,1e-07,1e-07,1e-07,1e-07,1e-07,1e-07,1e-07,1e-07,1e-07,1e-07,1e-07,1e-07,1e-07,1e-07,1e-07,1e-07,1e-07,1e-07,1e-07,1e-07,1e-07,1e-07,1e-07,1e-07,1e-07
2022-08-17 22:44:58,1e-07,1e-07,1e-07,1e-07,1e-07,0.9999999,1e-07,1e-07,1e-07,1e-07,1e-07,1e-07,1e-07,1e-07,1e-07,1e-07,1e-07,1e-07,1e-07,1e-07,1e-07,1e-07,1e-07,1e-07,1e-07,1e-07,1e-07,1e-07,1e-07,1e-07,1e-07,1e-07,1e-07,1e-07,1e-07,1e-07,1e-07,1e-07,1e-07
2022-08-17 22:44:59,1e-07,1e-07,1e-07,1e-07,1e-07,0.9999999,1e-07,1e-07,1e-07,1e-07,1e-07,1e-07,1e-07,1e-07,1e-07,1e-07,1e-07,1e-07,1e-07,1e-07,1e-07,1e-07,1e-07,1e-07,1e-07,1e-07,1e-07,1e-07,1e-07,1e-07,1e-07,1e-07,1e-07,1e-07,1e-07,1e-07,1e-07,1e-07,1e-07
2022-08-17 23:40:00,1e-07,1e-07,1e-07,1e-07,1e-07,1e-07,1e-07,1e-07,1e-07,0.9999999,1e-07,1e-07,1e-07,1e-07,1e-07,1e-07,1e-07,1e-07,1e-07,1e-07,1e-07,1e-07,1e-07,1e-07,1e-07,1e-07,1e-07,1e-07,1e-07,1e-07,1e-07,1e-07,1e-07,1e-07,1e-07,1e-07,1e-07,1e-07,1e-07
2022-08-17 23:40:01,1e-07,1e-07,1e-07,1e-07,1e-07,1e-07,1e-07,1e-07,1e-07,0.9999999,1e-07,1e-07,1e-07,1e-07,1e-07,1e-07,1e-07,1e-07,1e-07,1e-07,1e-07,1e-07,1e-07,1e-07,1e-07,1e-07,1e-07,1e-07,1e-07,1e-07,1e-07,1e-07,1e-07,1e-07,1e-07,1e-07,1e-07,1e-07,1e-07
2022-08-17 23:40:02,1e-07,1e-07,1e-07,1e-07,1e-07,1e-07,1e-07,1e-07,1e-07,0.9999999,1e-07,1e-07,1e-07,1e-07,1e-07,1e-07,1e-07,1e-07,1e-07,1e-07,1e-07,1e-07,1e-07,1e-07,1e-07,1e-07,1e-07,1e-07,1e-07,1e-07,1e-07,1e-07,1e-07,1e-07,1e-07,1e-07,1e-07,1e-07,1e-07
2022-08-17 23:40:03,1e-07,1e-07,1e-07,1e-07,1e-07,1e-07,1e-07,1e-07,1e-07,0.9999999,1e-07,1e-07,1e-07,1e-07,1e-07,1e-07,1e-07,1e-07,1e-07,1e-07,1e-07,1e-07,1e-07,1e-07,1e-07,1e-07,1e-07,1e-07,1e-07,1e-07,1e-07,1e-07,1e-07,1e-07,1e-07,1e-07,1e-07,1e-07,1e-07
2022-08-17 23:40:04,1e-07,1e-07,1e-07,1e-07,1e-07,1e-07,1e-07,1e-07,1e-07,0.9999999,1e-07,1e-07,1e-07,1e-07,1e-07,1e-07,1e-07,1e-07,1e-07,1e-07,1e-07,1e-07,1e-07,1e-07,1e-07,1e-07,1e-07,1e-07,1e-07,1e-07,1e-07,1e-07,1e-07,1e-07,1e-07,1e-07,1e-07,1e-07,1e-07
2022-08-17 23:40:05,1e-07,1e-07,1e-07,1e-07,1e-07,1e-07,1e-07,1e-07,1e-07,0.9999999,1e-07,1e-07,1e-07,1e-07,1e-07,1e-07,1e-07,1e-07,1e-07,1e-07,1e-07,1e-07,1e-07,1e-07,1e-07,1e-07,1e-07,1e-07,1e-07,1e-07,1e-07,1e-07,1e-07,1e-07,1e-07,1e-07,1e-07,1e-07,1e-07
2022-08-17 23:40:06,1e-07,1e-07,1e-07,1e-07,1e-07,1e-07,1e-07,1e-07,1e-07,0.9999999,1e-07,1e-07,1e-07,1e-07,1e-07,1e-07,1e-07,1e-07,1e-07,1e-07,1e-07,1e-07,1e-07,1e-07,1e-07,1e-07,1e-07,1e-07,1e-07,1e-07,1e-07,1e-07,1e-07,1e-07,1e-07,1e-07,1e-07,1e-07,1e-07
2022-08-17 23:40:07,1e-07,1e-07,1e-07,1e-07,1e-07,1e-07,1e-07,1e-07,1e-07,0.9999999,1e-07,1e-07,1e-07,1e-07,1e-07,1e-07,1e-07,1e-07,1e-07,1e-07,1e-07,1e-07,1e-07,1e-07,1e-07,1e-07,1e-07,1e-07,1e-07,1e-07,1e-07,1e-07,1e-07,1e-07,1e-07,1e-07,1e-07,1e-07,1e-07
2022-08-17 23:40:08,1e-07,1e-07,1e-07,1e-07,1e-07,1e-07,1e-07,1e-07,1e-07,0.9999999,1e-07,1e-07,1e-07,1e-07,1e-07,1e-07,1e-07,1e-07,1e-07,1e-07,1e-07,1e-07,1e-07,1e-07,1e-07,1e-07,1e-07,1e-07,1e-07,1e-07,1e-07,1e-07,1e-07,1e-07,1e-07,1e-07,1e-07,1e-07,1e-07
2022-08-17 23:40:09,1e-07,1e-07,1e-07,1e-07,1e-07,1e-07,1e-07,1e-07,1e-07,0.9999999,1e-07,1e-07,1e-07,1e-07,1e-07,1e-07,1e-07,1e-07,1e-07,1e-07,1e-07,1e-07,1e-07,1e-07,1e-07,1e-07,1e-07,1e-07,1e-07,1e-07,1e-07,1e-07,1e-07,1e-07,1e-07,1e-07,1e-07,1e-07,1e-07
2022-08-17 23:40:10,1e-07,1e-07,1e-07,1e-07,1e-07,1e-07,1e-07,1e-07,1e-07,0.9999999,1e-07,1e-07,1e-07,1e-07,1e-07,1e-07,1e-07,1e-07,1e-07,1e-07,1e-07,1e-07,1e-07,1e-07,1e-07,1e-07,1e-07,1e-07,1e-07,1e-07,1e-07,1e-07,1e-07,1e-07,1e-07,1e-07,1e-07,1e-07,1e-07
2022-08-17 23:40:11,1e-07,1e-07,1e-07,1e-07,1e-07,1e-07,1e-07,1e-07,1e-07,0.9999999,1e-07,1e-07,1e-07,1e-07,1e-07,1e-07,1e-07,1e-07,1e-07,1e-07,1e-07,1e-07,1e-07,1e-07,1e-07,1e-07,1e-07,1e-07,1e-07,1e-07,1e-07,1e-07,1e-07,1e-07,1e-07,1e-07,1e-07,1e-07,1e-07
2022-08-17 23:40:12,1e-07,1e-07,1e-07,1e-07,1e-07,1e-07,1e-07,1e-07,1e-07,0.9999999,1e-07,1e-07,1e-07,1e-07,1e-07,1e-07,1e-07,1e-07,1e-07,1e-07,1e-07,1e-07,1e-07,1e-07,1e-07,1e-07,1e-07,1e-07,1e-07,1e-07,1e-07,1e-07,1e-07,1e-07,1e-07,1e-07,1e-07,1e-07,1e-07
2022-08-17 23:40:13,1e-07,1e-07,1e-07,1e-07,1e-07,1e-07,1e-07,1e-07,1e-07,0.9999999,1e-07,1e-07,1e-07,1e-07,1e-07,1e-07,1e-07,1e-07,1e-07,1e-07,1e-07,1e-07,1e-07,1e-07,1e-07,1e-07,1e-07,1e-07,1e-07,1e-07,1e-07,1e-07,1e-07,1e-07,1e-07,1e-07,1e-07,1e-07,1e-07
2022-08-17 23:40:14,1e-07,1e-07,1e-07,1e-07,1e-07,1e-07,1e-07,1e-07,1e-07,0.9999999,1e-07,1e-07,1e-07,1e-07,1e-07,1e-07,1e-07,1e-07,1e-07,1e-07,1e-07,1e-07,1e-07,1e-07,1e-07,1e-07,1e-07,1e-07,1e-07,1e-07,1e-07,1e-07,1e-07,1e-07,1e-07,1e-07,1e-07,1e-07,1e-07
2022-08-17 23:40:15,1e-07,1e-07,1e-07,1e-07,1e-07,1e-07,1e-07,1e-07,1e-07,0.9999999,1e-07,1e-07,1e-07,1e-07,1e-07,1e-07,1e-07,1e-07,1e-07,1e-07,1e-07,1e-07,1e-07,1e-07,1e-07,1e-07,1e-07,1e-07,1e-07,1e-07,1e-07,1e-07,1e-07,1e-07,1e-07,1e-07,1e-07,1e-07,1e-07
2022-08-17 23:40:16,1e-07,1e-07,1e-07,1e-07,1e-07,1e-07,1e-07,1e-07,1e-07,0.9999999,1e-07,1e-07,1e-07,1e-07,1e-07,1e-07,1e-07,1e-07,1e-07,1e-07,1e-07,1e-07,1e-07,1e-07,1e-07,1e-07,1e-07,1e-07,1e-07,1e-07,1e-07,1e-07,1e-07,1e-07,1e-07,1e-07,1e-07,1e-07,1e-07
2022-08-17 23:40:17,1e-07,1e-07,1e-07,1e-07,1e-07,1e-07,1e-07,1e-07,1e-07,0.9999999,1e-07,1e-07,1e-07,1e-07,1e-07,1e-07,1e-07,1e-07,1e-07,1e-07,1e-07,1e-07,1e-07,1e-07,1e-07,1e-07,1e-07,1e-07,1e-07,1e-07,1e-07,1e-07,1e-07,1e-07,1e-07,1e-07,1e-07,1e-07,1e-07
2022-08-17 23:40:18,1e-07,1e-07,1e-07,1e-07,1e-07,1e-07,1e-07,1e-07,1e-07,0.9999999,1e-07,1e-07,1e-07,1e-07,1e-07,1e-07,1e-07,1e-07,1e-07,1e-07,1e-07,1e-07,1e-07,1e-07,1e-07,1e-07,1e-07,1e-07,1e-07,1e-07,1e-07,1e-07,1e-07,1e-07,1e-07,1e-07,1e-07,1e-07,1e-07
2022-08-17 23:40:19,1e-07,1e-07,1e-07,1e-07,1e-07,1e-07,1e-07,1e-07,1e-07,0.9999999,1e-07,1e-07,1e-07,1e-07,1e-07,1e-07,1e-07,1e-07,1e-07,1e-07,1e-07,1e-07,1e-07,1e-07,1e-07,1e-07,1e-07,1e-07,1e-07,1e-07,1e-07,1e-07,1e-07,1e-07,1e-07,1e-07,1e-07,1e-07,1e-07
2022-08-17 23:40:20,1e-07,1e-07,1e-07,1e-07,1e-07,1e-07,1e-07,1e-07,1e-07,0.9999999,1e-07,1e-07,1e-07,1e-07,1e-07,1e-07,1e-07,1e-07,1e-07,1e-07,1e-07,1e-07,1e-07,1e-07,1e-07,1e-07,1e-07,1e-07,1e-07,1e-07,1e-07,1e-07,1e-07,1e-07,1e-07,1e-07,1e-07,1e-07,1e-07
2022-08-17 23:40:21,1e-07,1e-07,1e-07,1e-07,1e-07,1e-07,1e-07,1e-07,1e-07,0.9999999,1e-07,1e-07,1e-07,1e-07,1e-07,1e-07,1e-07,1e-07,1e-07,1e-07,1e-07,1e-07,1e-07,1e-07,1e-07,1e-07,1e-07,1e-07,1e-07,1e-07,1e-07,1e-07,1e-07,1e-07,1e-07,1e-07,1e-07,1e-07,1e-07
2022-08-17 23:40:22,1e-07,1e-07,1e-07,1e-07,1e-07,1e-07,1e-07,1e-07,1e-07,0.9999999,1e-07,1e-07,1e-07,1e-07,1e-07,1e-07,1e-07,1e-07,1e-07,1e-07,1e-07,1e-07,1e-07,1e-07,1e-07,1e-07,1e-07,1e-07,1e-07,1e-07,1e-07,1e-07,1e-07,1e-07,1e-07,1e-07,1e-07,1e-07,1e-07
2022-08-17 23:40:23,1e-07,1e-07,1e-07,1e-07,1e-07,1e-07,1e-07,1e-07,1e-07,0.9999999,1e-07,1e-07,1e-07,1e-07,1e-07,1e-07,1e-07,1e-07,1e-07,1e-07,1e-07,1e-07,1e-07,1e-07,1e-07,1e-07,1e-07,1e-07,1e-07,1e-07,1e-07,1e-07,1e-07,1e-07,1e-07,1e-07,1e-07,1e-07,1e-07
2022-08-17 23:40:24,1e-07,1e-07,1e-07,1e-07,1e-07,1e-07,1e-07,1e-07,1e-07,0.9999999,1e-07,1e-07,1e-07,1e-07,1e-07,1e-07,1e-07,1e-07,1e-07,1e-07,1e-07,1e-07,1e-07,1e-07,1e-07,1e-07,1e-07,1e-07,1e-07,1e-07,1e-07,1e-07,1e-07,1e-07,1e-07,1e-07,1e-07,1e-07,1e-07
2022-08-17 23:40:25,1e-07,1e-07,1e-07,1e-07,1e-07,1e-07,1e-07,1e-07,1e-07,0.9999999,1e-07,1e-07,1e-07,1e-07,1e-07,1e-07,1e-07,1e-07,1e-07,1e-07,1e-07,1e-07,1e-07,1e-07,1e-07,1e-07,1e-07,1e-07,1e-07,1e-07,1e-07,1e-07,1e-07,1e-07,1e-07,1e-07,1e-07,1e-07,1e-07
2022-08-17 23:40:26,1e-07,1e-07,1e-07,1e-07,1e-07,1e-07,1e-07,1e-07,1e-07,0.9999999,1e-07,1e-07,1e-07,1e-07,1e-07,1e-07,1e-07,1e-07,1e-07,1e-07,1e-07,1e-07,1e-07,1e-07,1e-07,1e-07,1e-07,1e-07,1e-07,1e-07,1e-07,1e-07,1e-07,1e-07,1e-07,1e-07,1e-07,1e-07,1e-07
2022-08-17 23:40:27,1e-07,1e-07,1e-07,1e-07,1e-07,1e-07,1e-07,1e-07,1e-07,0.9999999,1e-07,1e-07,1e-07,1e-07,1e-07,1e-07,1e-07,1e-07,1e-07,1e-07,1e-07,1e-07,1e-07,1e-07,1e-07,1e-07,1e-07,1e-07,1e-07,1e-07,1e-07,1e-07,1e-07,1e-07,1e-07,1e-07,1e-07,1e-07,1e-07
2022-08-17 23:40:28,1e-07,1e-07,1e-07,1e-07,1e-07,1e-07,1e-07,1e-07,1e-07,0.9999999,1e-07,1e-07,1e-07,1e-07,1e-07,1e-07,1e-07,1e-07,1e-07,1e-07,1e-07,1e-07,1e-07,1e-07,1e-07,1e-07,1e-07,1e-07,1e-07,1e-07,1e-07,1e-07,1e-07,1e-07,1e-07,1e-07,1e-07,1e-07,1e-07
2022-08-17 23:40:29,1e-07,1e-07,1e-07,1e-07,1e-07,1e-07,1e-07,1e-07,1e-07,0.9999999,1e-07,1e-07,1e-07,1e-07,1e-07,1e-07,1e-07,1e-07,1e-07,1e-07,1e-07,1e-07,1e-07,1e-07,1e-07,1e-07,1e-07,1e-07,1e-07,1e-07,1e-07,1e-07,1e-07,1e-07,1e-07,1e-07,1e-07,1e-07,1e-07
2022-08-17 23:40:30,1e-07,1e-07,1e-07,1e-07,1e-07,1e-07,1e-07,1e-07,1e-07,0.9999999,1e-07,1e-07,1e-07,1e-07,1e-07,1e-07,1e-07,1e-07,1e-07,1e-07,1e-07,1e-07,1e-07,1e-07,1e-07,1e-07,1e-07,1e-07,1e-07,1e-07,1e-07,1e-07,1e-07,1e-07,1e-07,1e-07,1e-07,1e-07,1e-07
2022-08-17 23:40:31,1e-07,1e-07,1e-07,1e-07,1e-07,1e-07,1e-07,1e-07,1e-07,0.9999999,1e-07,1e-07,1e-07,1e-07,1e-07,1e-07,1e-07,1e-07,1e-07,1e-07,1e-07,1e-07,1e-07,1e-07,1e-07,1e-07,1e-07,1e-07,1e-07,1e-07,1e-07,1e-07,1e-07,1e-07,1e-07,1e-07,1e-07,1e-07,1e-07
2022-08-17 23:40:32,1e-07,1e-07,1e-07,1e-07,1e-07,1e-07,1e-07,1e-07,1e-07,0.9999999,1e-07,1e-07,1e-07,1e-07,1e-07,1e-07,1e-07,1e-07,1e-07,1e-07,1e-07,1e-07,1e-07,1e-07,1e-07,1e-07,1e-07,1e-07,1e-07,1e-07,1e-07,1e-07,1e-07,1e-07,1e-07,1e-07,1e-07,1e-07,1e-07
2022-08-17 23:40:33,1e-07,1e-07,1e-07,1e-07,1e-07,1e-07,1e-07,1e-07,1e-07,0.9999999,1e-07,1e-07,1e-07,1e-07,1e-07,1e-07,1e-07,1e-07,1e-07,1e-07,1e-07,1e-07,1e-07,1e-07,1e-07,1e-07,1e-07,1e-07,1e-07,1e-07,1e-07,1e-07,1e-07,1e-07,1e-07,1e-07,1e-07,1e-07,1e-07
2022-08-17 23:40:34,1e-07,1e-07,1e-07,1e-07,1e-07,1e-07,1e-07,1e-07,1e-07,0.9999999,1e-07,1e-07,1e-07,1e-07,1e-07,1e-07,1e-07,1e-07,1e-07,1e-07,1e-07,1e-07,1e-07,1e-07,1e-07,1e-07,1e-07,1e-07,1e-07,1e-07,1e-07,1e-07,1e-07,1e-07,1e-07,1e-07,1e-07,1e-07,1e-07
2022-08-17 23:40:35,1e-07,1e-07,1e-07,1e-07,1e-07,1e-07,1e-07,1e-07,1e-07,0.9999999,1e-07,1e-07,1e-07,1e-07,1e-07,1e-07,1e-07,1e-07,1e-07,1e-07,1e-07,1e-07,1e-07,1e-07,1e-07,1e-07,1e-07,1e-07,1e-07,1e-07,1e-07,1e-07,1e-07,1e-07,1e-07,1e-07,1e-07,1e-07,1e-07
2022-08-17 23:40:36,1e-07,1e-07,1e-07,1e-07,1e-07,1e-07,1e-07,1e-07,1e-07,0.9999999,1e-07,1e-07,1e-07,1e-07,1e-07,1e-07,1e-07,1e-07,1e-07,1e-07,1e-07,1e-07,1e-07,1e-07,1e-07,1e-07,1e-07,1e-07,1e-07,1e-07,1e-07,1e-07,1e-07,1e-07,1e-07,1e-07,1e-07,1e-07,1e-07
2022-08-17 23:40:37,1e-07,1e-07,1e-07,1e-07,1e-07,1e-07,1e-07,1e-07,1e-07,0.9999999,1e-07,1e-07,1e-07,1e-07,1e-07,1e-07,1e-07,1e-07,1e-07,1e-07,1e-07,1e-07,1e-07,1e-07,1e-07,1e-07,1e-07,1e-07,1e-07,1e-07,1e-07,1e-07,1e-07,1e-07,1e-07,1e-07,1e-07,1e-07,1e-07
2022-08-17 23:40:38,1e-07,1e-07,1e-07,1e-07,1e-07,1e-07,1e-07,1e-07,1e-07,0.9999999,1e-07,1e-07,1e-07,1e-07,1e-07,1e-07,1e-07,1e-07,1e-07,1e-07,1e-07,1e-07,1e-07,1e-07,1e-07,1e-07,1e-07,1e-07,1e-07,1e-07,1e-07,1e-07,1e-07,1e-07,1e-07,1e-07,1e-07,1e-07,1e-07
2022-08-17 23:40:39,1e-07,1e-07,1e-07,1e-07,1e-07,1e-07,1e-07,1e-07,1e-07,0.9999999,1e-07,1e-07,1e-07,1e-07,1e-07,1e-07,1e-07,1e-07,1e-07,1e-07,1e-07,1e-07,1e-07,1e-07,1e-07,1e-07,1e-07,1e-07,1e-07,1e-07,1e-07,1e-07,1e-07,1e-07,1e-07,1e-07,1e-07,1e-07,1e-07
2022-08-17 23:40:40,1e-07,1e-07,1e-07,1e-07,1e-07,1e-07,1e-07,1e-07,1e-07,0.9999999,1e-07,1e-07,1e-07,1e-07,1e-07,1e-07,1e-07,1e-07,1e-07,1e-07,1e-07,1e-07,1e-07,1e-07,1e-07,1e-07,1e-07,1e-07,1e-07,1e-07,1e-07,1e-07,1e-07,1e-07,1e-07,1e-07,1e-07,1e-07,1e-07
2022-08-17 23:40:41,1e-07,1e-07,1e-07,1e-07,1e-07,1e-07,1e-07,1e-07,1e-07,0.9999999,1e-07,1e-07,1e-07,1e-07,1e-07,1e-07,1e-07,1e-07,1e-07,1e-07,1e-07,1e-07,1e-07,1e-07,1e-07,1e-07,1e-07,1e-07,1e-07,1e-07,1e-07,1e-07,1e-07,1e-07,1e-07,1e-07,1e-07,1e-07,1e-07
2022-08-17 23:40:42,1e-07,1e-07,1e-07,1e-07,1e-07,1e-07,1e-07,1e-07,1e-07,0.9999999,1e-07,1e-07,1e-07,1e-07,1e-07,1e-07,1e-07,1e-07,1e-07,1e-07,1e-07,1e-07,1e-07,1e-07,1e-07,1e-07,1e-07,1e-07,1e-07,1e-07,1e-07,1e-07,1e-07,1e-07,1e-07,1e-07,1e-07,1e-07,1e-07
2022-08-17 23:40:43,1e-07,1e-07,1e-07,1e-07,1e-07,1e-07,1e-07,1e-07,1e-07,0.9999999,1e-07,1e-07,1e-07,1e-07,1e-07,1e-07,1e-07,1e-07,1e-07,1e-07,1e-07,1e-07,1e-07,1e-07,1e-07,1e-07,1e-07,1e-07,1e-07,1e-07,1e-07,1e-07,1e-07,1e-07,1e-07,1e-07,1e-07,1e-07,1e-07
2022-08-17 23:40:44,1e-07,1e-07,1e-07,1e-07,1e-07,1e-07,1e-07,1e-07,1e-07,0.9999999,1e-07,1e-07,1e-07,1e-07,1e-07,1e-07,1e-07,1e-07,1e-07,1e-07,1e-07,1e-07,1e-07,1e-07,1e-07,1e-07,1e-07,1e-07,1e-07,1e-07,1e-07,1e-07,1e-07,1e-07,1e-07,1e-07,1e-07,1e-07,1e-07
2022-08-17 23:40:45,1e-07,1e-07,1e-07,1e-07,1e-07,1e-07,1e-07,1e-07,1e-07,0.9999999,1e-07,1e-07,1e-07,1e-07,1e-07,1e-07,1e-07,1e-07,1e-07,1e-07,1e-07,1e-07,1e-07,1e-07,1e-07,1e-07,1e-07,1e-07,1e-07,1e-07,1e-07,1e-07,1e-07,1e-07,1e-07,1e-07,1e-07,1e-07,1e-07
2022-08-17 23:40:46,1e-07,1e-07,1e-07,1e-07,1e-07,1e-07,1e-07,1e-07,1e-07,0.9999999,1e-07,1e-07,1e-07,1e-07,1e-07,1e-07,1e-07,1e-07,1e-07,1e-07,1e-07,1e-07,1e-07,1e-07,1e-07,1e-07,1e-07,1e-07,1e-07,1e-07,1e-07,1e-07,1e-07,1e-07,1e-07,1e-07,1e-07,1e-07,1e-07
2022-08-17 23:40:47,1e-07,1e-07,1e-07,1e-07,1e-07,1e-07,1e-07,1e-07,1e-07,0.9999999,1e-07,1e-07,1e-07,1e-07,1e-07,1e-07,1e-07,1e-07,1e-07,1e-07,1e-07,1e-07,1e-07,1e-07,1e-07,1e-07,1e-07,1e-07,1e-07,1e-07,1e-07,1e-07,1e-07,1e-07,1e-07,1e-07,1e-07,1e-07,1e-07
2022-08-17 23:40:48,1e-07,1e-07,1e-07,1e-07,1e-07,1e-07,1e-07,1e-07,1e-07,0.9999999,1e-07,1e-07,1e-07,1e-07,1e-07,1e-07,1e-07,1e-07,1e-07,1e-07,1e-07,1e-07,1e-07,1e-07,1e-07,1e-07,1e-07,1e-07,1e-07,1e-07,1e-07,1e-07,1e-07,1e-07,1e-07,1e-07,1e-07,1e-07,1e-07
2022-08-17 23:40:49,1e-07,1e-07,1e-07,1e-07,1e-07,1e-07,1e-07,1e-07,1e-07,0.9999999,1e-07,1e-07,1e-07,1e-07,1e-07,1e-07,1e-07,1e-07,1e-07,1e-07,1e-07,1e-07,1e-07,1e-07,1e-07,1e-07,1e-07,1e-07,1e-07,1e-07,1e-07,1e-07,1e-07,1e-07,1e-07,1e-07,1e-07,1e-07,1e-07
2022-08-17 23:40:50,1e-07,1e-07,1e-07,1e-07,1e-07,1e-07,1e-07,1e-07,1e-07,0.9999999,1e-07,1e-07,1e-07,1e-07,1e-07,1e-07,1e-07,1e-07,1e-07,1e-07,1e-07,1e-07,1e-07,1e-07,1e-07,1e-07,1e-07,1e-07,1e-07,1e-07,1e-07,1e-07,1e-07,1e-07,1e-07,1e-07,1e-07,1e-07,1e-07
2022-08-17 23:40:51,1e-07,1e-07,1e-07,1e-07,1e-07,1e-07,1e-07,1e-07,1e-07,0.9999999,1e-07,1e-07,1e-07,1e-07,1e-07,1e-07,1e-07,1e-07,1e-07,1e-07,1e-07,1e-07,1e-07,1e-07,1e-07,1e-07,1e-07,1e-07,1e-07,1e-07,1e-07,1e-07,1e-07,1e-07,1e-07,1e-07,1e-07,1e-07,1e-07
2022-08-17 23:40:52,1e-07,1e-07,1e-07,1e-07,1e-07,1e-07,1e-07,1e-07,1e-07,0.9999999,1e-07,1e-07,1e-07,1e-07,1e-07,1e-07,1e-07,1e-07,1e-07,1e-07,1e-07,1e-07,1e-07,1e-07,1e-07,1e-07,1e-07,1e-07,1e-07,1e-07,1e-07,1e-07,1e-07,1e-07,1e-07,1e-07,1e-07,1e-07,1e-07
2022-08-17 23:40:53,1e-07,1e-07,1e-07,1e-07,1e-07,1e-07,1e-07,1e-07,1e-07,0.9999999,1e-07,1e-07,1e-07,1e-07,1e-07,1e-07,1e-07,1e-07,1e-07,1e-07,1e-07,1e-07,1e-07,1e-07,1e-07,1e-07,1e-07,1e-07,1e-07,1e-07,1e-07,1e-07,1e-07,1e-07,1e-07,1e-07,1e-07,1e-07,1e-07
2022-08-17 23:40:54,1e-07,1e-07,1e-07,1e-07,1e-07,1e-07,1e-07,1e-07,1e-07,0.9999999,1e-07,1e-07,1e-07,1e-07,1e-07,1e-07,1e-07,1e-07,1e-07,1e-07,1e-07,1e-07,1e-07,1e-07,1e-07,1e-07,1e-07,1e-07,1e-07,1e-07,1e-07,1e-07,1e-07,1e-07,1e-07,1e-07,1e-07,1e-07,1e-07
2022-08-17 23:40:55,1e-07,1e-07,1e-07,1e-07,1e-07,1e-07,1e-07,1e-07,1e-07,0.9999999,1e-07,1e-07,1e-07,1e-07,1e-07,1e-07,1e-07,1e-07,1e-07,1e-07,1e-07,1e-07,1e-07,1e-07,1e-07,1e-07,1e-07,1e-07,1e-07,1e-07,1e-07,1e-07,1e-07,1e-07,1e-07,1e-07,1e-07,1e-07,1e-07
2022-08-17 23:40:56,1e-07,1e-07,1e-07,1e-07,1e-07,1e-07,1e-07,1e-07,1e-07,0.9999999,1e-07,1e-07,1e-07,1e-07,1e-07,1e-07,1e-07,1e-07,1e-07,1e-07,1e-07,1e-07,1e-07,1e-07,1e-07,1e-07,1e-07,1e-07,1e-07,1e-07,1e-07,1e-07,1e-07,1e-07,1e-07,1e-07,1e-07,1e-07,1e-07
2022-08-17 23:40:57,1e-07,1e-07,1e-07,1e-07,1e-07,1e-07,1e-07,1e-07,1e-07,0.9999999,1e-07,1e-07,1e-07,1e-07,1e-07,1e-07,1e-07,1e-07,1e-07,1e-07,1e-07,1e-07,1e-07,1e-07,1e-07,1e-07,1e-07,1e-07,1e-07,1e-07,1e-07,1e-07,1e-07,1e-07,1e-07,1e-07,1e-07,1e-07,1e-07
2022-08-17 23:40:58,1e-07,1e-07,1e-07,1e-07,1e-07,1e-07,1e-07,1e-07,1e-07,0.9999999,1e-07,1e-07,1e-07,1e-07,1e-07,1e-07,1e-07,1e-07,1e-07,1e-07,1e-07,1e-07,1e-07,1e-07,1e-07,1e-07,1e-07,1e-07,1e-07,1e-07,1e-07,1e-07,1e-07,1e-07,1e-07,1e-07,1e-07,1e-07,1e-07
2022-08-17 23:40:59,1e-07,1e-07,1e-07,1e-07,1e-07,1e-07,1e-07,1e-07,1e-07,0.9999999,1e-07,1e-07,1e-07,1e-07,1e-07,1e-07,1e-07,1e-07,1e-07,1e-07,1e-07,1e-07,1e-07,1e-07,1e-07,1e-07,1e-07,1e-07,1e-07,1e-07,1e-07,1e-07,1e-07,1e-07,1e-07,1e-07,1e-07,1e-07,1e-07
2022-08-18 13:50:00,1e-07,1e-07,1e-07,1e-07,1e-07,1e-07,1e-07,1e-07,1e-07,1e-07,1e-07,1e-07,1e-07,1e-07,1e-07,1e-07,1e-07,1e-07,1e-07,1e-07,1e-07,1e-07,1e-07,1e-07,1e-07,1e-07,1e-07,1e-07,1e-07,1e-07,1e-07,1e-07,1e-07,1e-07,0.9999999,1e-07,1e-07,1e-07,1e-07
2022-08-18 13:50:01,1e-07,1e-07,1e-07,1e-07,1e-07,1e-07,1e-07,1e-07,1e-07,1e-07,1e-07,1e-07,1e-07,1e-07,1e-07,1e-07,1e-07,1e-07,1e-07,1e-07,1e-07,1e-07,1e-07,1e-07,1e-07,1e-07,1e-07,1e-07,1e-07,1e-07,1e-07,1e-07,1e-07,1e-07,0.9999999,1e-07,1e-07,1e-07,1e-07
2022-08-18 13:50:02,1e-07,1e-07,1e-07,1e-07,1e-07,1e-07,1e-07,1e-07,1e-07,1e-07,1e-07,1e-07,1e-07,1e-07,1e-07,1e-07,1e-07,1e-07,1e-07,1e-07,1e-07,1e-07,1e-07,1e-07,1e-07,1e-07,1e-07,1e-07,1e-07,1e-07,1e-07,1e-07,1e-07,1e-07,0.9999999,1e-07,1e-07,1e-07,1e-07
2022-08-18 13:50:03,1e-07,1e-07,1e-07,1e-07,1e-07,1e-07,1e-07,1e-07,1e-07,1e-07,1e-07,1e-07,1e-07,1e-07,1e-07,1e-07,1e-07,1e-07,1e-07,1e-07,1e-07,1e-07,1e-07,1e-07,1e-07,1e-07,1e-07,1e-07,1e-07,1e-07,1e-07,1e-07,1e-07,1e-07,0.9999999,1e-07,1e-07,1e-07,1e-07
2022-08-18 13:50:04,1e-07,1e-07,1e-07,1e-07,1e-07,1e-07,1e-07,1e-07,1e-07,1e-07,1e-07,1e-07,1e-07,1e-07,1e-07,1e-07,1e-07,1e-07,1e-07,1e-07,1e-07,1e-07,1e-07,1e-07,1e-07,1e-07,1e-07,1e-07,1e-07,1e-07,1e-07,1e-07,1e-07,1e-07,0.9999999,1e-07,1e-07,1e-07,1e-07
2022-08-18 13:50:05,1e-07,1e-07,1e-07,1e-07,1e-07,1e-07,1e-07,1e-07,1e-07,1e-07,1e-07,1e-07,1e-07,1e-07,1e-07,1e-07,1e-07,1e-07,1e-07,1e-07,1e-07,1e-07,1e-07,1e-07,1e-07,1e-07,1e-07,1e-07,1e-07,1e-07,1e-07,1e-07,1e-07,1e-07,0.9999999,1e-07,1e-07,1e-07,1e-07
2022-08-18 13:50:06,1e-07,1e-07,1e-07,1e-07,1e-07,1e-07,1e-07,1e-07,1e-07,1e-07,1e-07,1e-07,1e-07,1e-07,1e-07,1e-07,1e-07,1e-07,1e-07,1e-07,1e-07,1e-07,1e-07,1e-07,1e-07,1e-07,1e-07,1e-07,1e-07,1e-07,1e-07,1e-07,1e-07,1e-07,0.9999999,1e-07,1e-07,1e-07,1e-07
2022-08-18 13:50:07,1e-07,1e-07,1e-07,1e-07,1e-07,1e-07,1e-07,1e-07,1e-07,1e-07,1e-07,1e-07,1e-07,1e-07,1e-07,1e-07,1e-07,1e-07,1e-07,1e-07,1e-07,1e-07,1e-07,1e-07,1e-07,1e-07,1e-07,1e-07,1e-07,1e-07,1e-07,1e-07,1e-07,1e-07,0.9999999,1e-07,1e-07,1e-07,1e-07
2022-08-18 13:50:08,1e-07,1e-07,1e-07,1e-07,1e-07,1e-07,1e-07,1e-07,1e-07,1e-07,1e-07,1e-07,1e-07,1e-07,1e-07,1e-07,1e-07,1e-07,1e-07,1e-07,1e-07,1e-07,1e-07,1e-07,1e-07,1e-07,1e-07,1e-07,1e-07,1e-07,1e-07,1e-07,1e-07,1e-07,0.9999999,1e-07,1e-07,1e-07,1e-07
2022-08-18 13:50:09,1e-07,1e-07,1e-07,1e-07,1e-07,1e-07,1e-07,1e-07,1e-07,1e-07,1e-07,1e-07,1e-07,1e-07,1e-07,1e-07,1e-07,1e-07,1e-07,1e-07,1e-07,1e-07,1e-07,1e-07,1e-07,1e-07,1e-07,1e-07,1e-07,1e-07,1e-07,1e-07,1e-07,1e-07,0.9999999,1e-07,1e-07,1e-07,1e-07
2022-08-18 13:50:10,1e-07,1e-07,1e-07,1e-07,1e-07,1e-07,1e-07,1e-07,1e-07,1e-07,1e-07,1e-07,1e-07,1e-07,1e-07,1e-07,1e-07,1e-07,1e-07,1e-07,1e-07,1e-07,1e-07,1e-07,1e-07,1e-07,1e-07,1e-07,1e-07,1e-07,1e-07,1e-07,1e-07,1e-07,0.9999999,1e-07,1e-07,1e-07,1e-07
2022-08-18 13:50:11,1e-07,1e-07,1e-07,1e-07,1e-07,1e-07,1e-07,1e-07,1e-07,1e-07,1e-07,1e-07,1e-07,1e-07,1e-07,1e-07,1e-07,1e-07,1e-07,1e-07,1e-07,1e-07,1e-07,1e-07,1e-07,1e-07,1e-07,1e-07,1e-07,1e-07,1e-07,1e-07,1e-07,1e-07,0.9999999,1e-07,1e-07,1e-07,1e-07
2022-08-18 13:50:12,1e-07,1e-07,1e-07,1e-07,1e-07,1e-07,1e-07,1e-07,1e-07,1e-07,1e-07,1e-07,1e-07,1e-07,1e-07,1e-07,1e-07,1e-07,1e-07,1e-07,1e-07,1e-07,1e-07,1e-07,1e-07,1e-07,1e-07,1e-07,1e-07,1e-07,1e-07,1e-07,1e-07,1e-07,0.9999999,1e-07,1e-07,1e-07,1e-07
2022-08-18 13:50:13,1e-07,1e-07,1e-07,1e-07,1e-07,1e-07,1e-07,1e-07,1e-07,1e-07,1e-07,1e-07,1e-07,1e-07,1e-07,1e-07,1e-07,1e-07,1e-07,1e-07,1e-07,1e-07,1e-07,1e-07,1e-07,1e-07,1e-07,1e-07,1e-07,1e-07,1e-07,1e-07,1e-07,1e-07,0.9999999,1e-07,1e-07,1e-07,1e-07
2022-08-18 13:50:14,1e-07,1e-07,1e-07,1e-07,1e-07,1e-07,1e-07,1e-07,1e-07,1e-07,1e-07,1e-07,1e-07,1e-07,1e-07,1e-07,1e-07,1e-07,1e-07,1e-07,1e-07,1e-07,1e-07,1e-07,1e-07,1e-07,1e-07,1e-07,1e-07,1e-07,1e-07,1e-07,1e-07,1e-07,0.9999999,1e-07,1e-07,1e-07,1e-07
2022-08-18 13:50:15,1e-07,1e-07,1e-07,1e-07,1e-07,1e-07,1e-07,1e-07,1e-07,1e-07,1e-07,1e-07,1e-07,1e-07,1e-07,1e-07,1e-07,1e-07,1e-07,1e-07,1e-07,1e-07,1e-07,1e-07,1e-07,1e-07,1e-07,1e-07,1e-07,1e-07,1e-07,1e-07,1e-07,1e-07,0.9999999,1e-07,1e-07,1e-07,1e-07
2022-08-18 13:50:16,1e-07,1e-07,1e-07,1e-07,1e-07,1e-07,1e-07,1e-07,1e-07,1e-07,1e-07,1e-07,1e-07,1e-07,1e-07,1e-07,1e-07,1e-07,1e-07,1e-07,1e-07,1e-07,1e-07,1e-07,1e-07,1e-07,1e-07,1e-07,1e-07,1e-07,1e-07,1e-07,1e-07,1e-07,0.9999999,1e-07,1e-07,1e-07,1e-07
2022-08-18 13:50:17,1e-07,1e-07,1e-07,1e-07,1e-07,1e-07,1e-07,1e-07,1e-07,1e-07,1e-07,1e-07,1e-07,1e-07,1e-07,1e-07,1e-07,1e-07,1e-07,1e-07,1e-07,1e-07,1e-07,1e-07,1e-07,1e-07,1e-07,1e-07,1e-07,1e-07,1e-07,1e-07,1e-07,1e-07,0.9999999,1e-07,1e-07,1e-07,1e-07
2022-08-18 13:50:18,1e-07,1e-07,1e-07,1e-07,1e-07,1e-07,1e-07,1e-07,1e-07,1e-07,1e-07,1e-07,1e-07,1e-07,1e-07,1e-07,1e-07,1e-07,1e-07,1e-07,1e-07,1e-07,1e-07,1e-07,1e-07,1e-07,1e-07,1e-07,1e-07,1e-07,1e-07,1e-07,1e-07,1e-07,0.9999999,1e-07,1e-07,1e-07,1e-07
2022-08-18 13:50:19,1e-07,1e-07,1e-07,1e-07,1e-07,1e-07,1e-07,1e-07,1e-07,1e-07,1e-07,1e-07,1e-07,1e-07,1e-07,1e-07,1e-07,1e-07,1e-07,1e-07,1e-07,1e-07,1e-07,1e-07,1e-07,1e-07,1e-07,1e-07,1e-07,1e-07,1e-07,1e-07,1e-07,1e-07,0.9999999,1e-07,1e-07,1e-07,1e-07
2022-08-18 13:50:20,1e-07,1e-07,1e-07,1e-07,1e-07,1e-07,1e-07,1e-07,1e-07,1e-07,1e-07,1e-07,1e-07,1e-07,1e-07,1e-07,1e-07,1e-07,1e-07,1e-07,1e-07,1e-07,1e-07,1e-07,1e-07,1e-07,1e-07,1e-07,1e-07,1e-07,1e-07,1e-07,1e-07,1e-07,0.9999999,1e-07,1e-07,1e-07,1e-07
2022-08-18 13:50:21,1e-07,1e-07,1e-07,1e-07,1e-07,1e-07,1e-07,1e-07,1e-07,1e-07,1e-07,1e-07,1e-07,1e-07,1e-07,1e-07,1e-07,1e-07,1e-07,1e-07,1e-07,1e-07,1e-07,1e-07,1e-07,1e-07,1e-07,1e-07,1e-07,1e-07,1e-07,1e-07,1e-07,1e-07,0.9999999,1e-07,1e-07,1e-07,1e-07
2022-08-18 13:50:22,1e-07,1e-07,1e-07,1e-07,1e-07,1e-07,1e-07,1e-07,1e-07,1e-07,1e-07,1e-07,1e-07,1e-07,1e-07,1e-07,1e-07,1e-07,1e-07,1e-07,1e-07,1e-07,1e-07,1e-07,1e-07,1e-07,1e-07,1e-07,1e-07,1e-07,1e-07,1e-07,1e-07,1e-07,0.9999999,1e-07,1e-07,1e-07,1e-07
2022-08-18 13:50:23,1e-07,1e-07,1e-07,1e-07,1e-07,1e-07,1e-07,1e-07,1e-07,1e-07,1e-07,1e-07,1e-07,1e-07,1e-07,1e-07,1e-07,1e-07,1e-07,1e-07,1e-07,1e-07,1e-07,1e-07,1e-07,1e-07,1e-07,1e-07,1e-07,1e-07,1e-07,1e-07,1e-07,1e-07,0.9999999,1e-07,1e-07,1e-07,1e-07
2022-08-18 13:50:24,1e-07,1e-07,1e-07,1e-07,1e-07,1e-07,1e-07,1e-07,1e-07,1e-07,1e-07,1e-07,1e-07,1e-07,1e-07,1e-07,1e-07,1e-07,1e-07,1e-07,1e-07,1e-07,1e-07,1e-07,1e-07,1e-07,1e-07,1e-07,1e-07,1e-07,1e-07,1e-07,1e-07,1e-07,0.9999999,1e-07,1e-07,1e-07,1e-07
2022-08-18 13:50:25,1e-07,1e-07,1e-07,1e-07,1e-07,1e-07,1e-07,1e-07,1e-07,1e-07,1e-07,1e-07,1e-07,1e-07,1e-07,1e-07,1e-07,1e-07,1e-07,1e-07,1e-07,1e-07,1e-07,1e-07,1e-07,1e-07,1e-07,1e-07,1e-07,1e-07,1e-07,1e-07,1e-07,1e-07,0.9999999,1e-07,1e-07,1e-07,1e-07
2022-08-18 13:50:26,1e-07,1e-07,1e-07,1e-07,1e-07,1e-07,1e-07,1e-07,1e-07,1e-07,1e-07,1e-07,1e-07,1e-07,1e-07,1e-07,1e-07,1e-07,1e-07,1e-07,1e-07,1e-07,1e-07,1e-07,1e-07,1e-07,1e-07,1e-07,1e-07,1e-07,1e-07,1e-07,1e-07,1e-07,0.9999999,1e-07,1e-07,1e-07,1e-07
2022-08-18 13:50:27,1e-07,1e-07,1e-07,1e-07,1e-07,1e-07,1e-07,1e-07,1e-07,1e-07,1e-07,1e-07,1e-07,1e-07,1e-07,1e-07,1e-07,1e-07,1e-07,1e-07,1e-07,1e-07,1e-07,1e-07,1e-07,1e-07,1e-07,1e-07,1e-07,1e-07,1e-07,1e-07,1e-07,1e-07,0.9999999,1e-07,1e-07,1e-07,1e-07
2022-08-18 13:50:28,1e-07,1e-07,1e-07,1e-07,1e-07,1e-07,1e-07,1e-07,1e-07,1e-07,1e-07,1e-07,1e-07,1e-07,1e-07,1e-07,1e-07,1e-07,1e-07,1e-07,1e-07,1e-07,1e-07,1e-07,1e-07,1e-07,1e-07,1e-07,1e-07,1e-07,1e-07,1e-07,1e-07,1e-07,0.9999999,1e-07,1e-07,1e-07,1e-07
2022-08-18 13:50:29,1e-07,1e-07,1e-07,1e-07,1e-07,1e-07,1e-07,1e-07,1e-07,1e-07,1e-07,1e-07,1e-07,1e-07,1e-07,1e-07,1e-07,1e-07,1e-07,1e-07,1e-07,1e-07,1e-07,1e-07,1e-07,1e-07,1e-07,1e-07,1e-07,1e-07,1e-07,1e-07,1e-07,1e-07,0.9999999,1e-07,1e-07,1e-07,1e-07
2022-08-18 13:50:30,1e-07,1e-07,1e-07,1e-07,1e-07,1e-07,1e-07,1e-07,1e-07,1e-07,1e-07,1e-07,1e-07,1e-07,1e-07,1e-07,1e-07,1e-07,1e-07,1e-07,1e-07,1e-07,1e-07,1e-07,1e-07,1e-07,1e-07,1e-07,1e-07,1e-07,1e-07,1e-07,1e-07,1e-07,0.9999999,1e-07,1e-07,1e-07,1e-07
2022-08-18 13:50:31,1e-07,1e-07,1e-07,1e-07,1e-07,1e-07,1e-07,1e-07,1e-07,1e-07,1e-07,1e-07,1e-07,1e-07,1e-07,1e-07,1e-07,1e-07,1e-07,1e-07,1e-07,1e-07,1e-07,1e-07,1e-07,1e-07,1e-07,1e-07,1e-07,1e-07,1e-07,1e-07,1e-07,1e-07,0.9999999,1e-07,1e-07,1e-07,1e-07
2022-08-18 13:50:32,1e-07,1e-07,1e-07,1e-07,1e-07,1e-07,1e-07,1e-07,1e-07,1e-07,1e-07,1e-07,1e-07,1e-07,1e-07,1e-07,1e-07,1e-07,1e-07,1e-07,1e-07,1e-07,1e-07,1e-07,1e-07,1e-07,1e-07,1e-07,1e-07,1e-07,1e-07,1e-07,1e-07,1e-07,0.9999999,1e-07,1e-07,1e-07,1e-07
2022-08-18 13:50:33,1e-07,1e-07,1e-07,1e-07,1e-07,1e-07,1e-07,1e-07,1e-07,1e-07,1e-07,1e-07,1e-07,1e-07,1e-07,1e-07,1e-07,1e-07,1e-07,1e-07,1e-07,1e-07,1e-07,1e-07,1e-07,1e-07,1e-07,1e-07,1e-07,1e-07,1e-07,1e-07,1e-07,1e-07,0.9999999,1e-07,1e-07,1e-07,1e-07
2022-08-18 13:50:34,1e-07,1e-07,1e-07,1e-07,1e-07,1e-07,1e-07,1e-07,1e-07,1e-07,1e-07,1e-07,1e-07,1e-07,1e-07,1e-07,1e-07,1e-07,1e-07,1e-07,1e-07,1e-07,1e-07,1e-07,1e-07,1e-07,1e-07,1e-07,1e-07,1e-07,1e-07,1e-07,1e-07,1e-07,0.9999999,1e-07,1e-07,1e-07,1e-07
2022-08-18 13:50:35,1e-07,1e-07,1e-07,1e-07,1e-07,1e-07,1e-07,1e-07,1e-07,1e-07,1e-07,1e-07,1e-07,1e-07,1e-07,1e-07,1e-07,1e-07,1e-07,1e-07,1e-07,1e-07,1e-07,1e-07,1e-07,1e-07,1e-07,1e-07,1e-07,1e-07,1e-07,1e-07,1e-07,1e-07,0.9999999,1e-07,1e-07,1e-07,1e-07
2022-08-18 13:50:36,1e-07,1e-07,1e-07,1e-07,1e-07,1e-07,1e-07,1e-07,1e-07,1e-07,1e-07,1e-07,1e-07,1e-07,1e-07,1e-07,1e-07,1e-07,1e-07,1e-07,1e-07,1e-07,1e-07,1e-07,1e-07,1e-07,1e-07,1e-07,1e-07,1e-07,1e-07,1e-07,1e-07,1e-07,0.9999999,1e-07,1e-07,1e-07,1e-07
2022-08-18 13:50:37,1e-07,1e-07,1e-07,1e-07,1e-07,1e-07,1e-07,1e-07,1e-07,1e-07,1e-07,1e-07,1e-07,1e-07,1e-07,1e-07,1e-07,1e-07,1e-07,1e-07,1e-07,1e-07,1e-07,1e-07,1e-07,1e-07,1e-07,1e-07,1e-07,1e-07,1e-07,1e-07,1e-07,1e-07,0.9999999,1e-07,1e-07,1e-07,1e-07
2022-08-18 13:50:38,1e-07,1e-07,1e-07,1e-07,1e-07,1e-07,1e-07,1e-07,1e-07,1e-07,1e-07,1e-07,1e-07,1e-07,1e-07,1e-07,1e-07,1e-07,1e-07,1e-07,1e-07,1e-07,1e-07,1e-07,1e-07,1e-07,1e-07,1e-07,1e-07,1e-07,1e-07,1e-07,1e-07,1e-07,0.9999999,1e-07,1e-07,1e-07,1e-07
2022-08-18 13:50:39,1e-07,1e-07,1e-07,1e-07,1e-07,1e-07,1e-07,1e-07,1e-07,1e-07,1e-07,1e-07,1e-07,1e-07,1e-07,1e-07,1e-07,1e-07,1e-07,1e-07,1e-07,1e-07,1e-07,1e-07,1e-07,1e-07,1e-07,1e-07,1e-07,1e-07,1e-07,1e-07,1e-07,1e-07,0.9999999,1e-07,1e-07,1e-07,1e-07
2022-08-18 13:50:40,1e-07,1e-07,1e-07,1e-07,1e-07,1e-07,1e-07,1e-07,1e-07,1e-07,1e-07,1e-07,1e-07,1e-07,1e-07,1e-07,1e-07,1e-07,1e-07,1e-07,1e-07,1e-07,1e-07,1e-07,1e-07,1e-07,1e-07,1e-07,1e-07,1e-07,1e-07,1e-07,1e-07,1e-07,0.9999999,1e-07,1e-07,1e-07,1e-07
2022-08-18 13:50:41,1e-07,1e-07,1e-07,1e-07,1e-07,1e-07,1e-07,1e-07,1e-07,1e-07,1e-07,1e-07,1e-07,1e-07,1e-07,1e-07,1e-07,1e-07,1e-07,1e-07,1e-07,1e-07,1e-07,1e-07,1e-07,1e-07,1e-07,1e-07,1e-07,1e-07,1e-07,1e-07,1e-07,1e-07,0.9999999,1e-07,1e-07,1e-07,1e-07
2022-08-18 13:50:42,1e-07,1e-07,1e-07,1e-07,1e-07,1e-07,1e-07,1e-07,1e-07,1e-07,1e-07,1e-07,1e-07,1e-07,1e-07,1e-07,1e-07,1e-07,1e-07,1e-07,1e-07,1e-07,1e-07,1e-07,1e-07,1e-07,1e-07,1e-07,1e-07,1e-07,1e-07,1e-07,1e-07,1e-07,0.9999999,1e-07,1e-07,1e-07,1e-07
2022-08-18 13:50:43,1e-07,1e-07,1e-07,1e-07,1e-07,1e-07,1e-07,1e-07,1e-07,1e-07,1e-07,1e-07,1e-07,1e-07,1e-07,1e-07,1e-07,1e-07,1e-07,1e-07,1e-07,1e-07,1e-07,1e-07,1e-07,1e-07,1e-07,1e-07,1e-07,1e-07,1e-07,1e-07,1e-07,1e-07,0.9999999,1e-07,1e-07,1e-07,1e-07
2022-08-18 13:50:44,1e-07,1e-07,1e-07,1e-07,1e-07,1e-07,1e-07,1e-07,1e-07,1e-07,1e-07,1e-07,1e-07,1e-07,1e-07,1e-07,1e-07,1e-07,1e-07,1e-07,1e-07,1e-07,1e-07,1e-07,1e-07,1e-07,1e-07,1e-07,1e-07,1e-07,1e-07,1e-07,1e-07,1e-07,0.9999999,1e-07,1e-07,1e-07,1e-07
2022-08-18 13:50:45,1e-07,1e-07,1e-07,1e-07,1e-07,1e-07,1e-07,1e-07,1e-07,1e-07,1e-07,1e-07,1e-07,1e-07,1e-07,1e-07,1e-07,1e-07,1e-07,1e-07,1e-07,1e-07,1e-07,1e-07,1e-07,1e-07,1e-07,1e-07,1e-07,1e-07,1e-07,1e-07,1e-07,1e-07,0.9999999,1e-07,1e-07,1e-07,1e-07
2022-08-18 13:50:46,1e-07,1e-07,1e-07,1e-07,1e-07,1e-07,1e-07,1e-07,1e-07,1e-07,1e-07,1e-07,1e-07,1e-07,1e-07,1e-07,1e-07,1e-07,1e-07,1e-07,1e-07,1e-07,1e-07,1e-07,1e-07,1e-07,1e-07,1e-07,1e-07,1e-07,1e-07,1e-07,1e-07,1e-07,0.9999999,1e-07,1e-07,1e-07,1e-07
2022-08-18 13:50:47,1e-07,1e-07,1e-07,1e-07,1e-07,1e-07,1e-07,1e-07,1e-07,1e-07,1e-07,1e-07,1e-07,1e-07,1e-07,1e-07,1e-07,1e-07,1e-07,1e-07,1e-07,1e-07,1e-07,1e-07,1e-07,1e-07,1e-07,1e-07,1e-07,1e-07,1e-07,1e-07,1e-07,1e-07,0.9999999,1e-07,1e-07,1e-07,1e-07
2022-08-18 13:50:48,1e-07,1e-07,1e-07,1e-07,1e-07,1e-07,1e-07,1e-07,1e-07,1e-07,1e-07,1e-07,1e-07,1e-07,1e-07,1e-07,1e-07,1e-07,1e-07,1e-07,1e-07,1e-07,1e-07,1e-07,1e-07,1e-07,1e-07,1e-07,1e-07,1e-07,1e-07,1e-07,1e-07,1e-07,0.9999999,1e-07,1e-07,1e-07,1e-07
2022-08-18 13:50:49,1e-07,1e-07,1e-07,1e-07,1e-07,1e-07,1e-07,1e-07,1e-07,1e-07,1e-07,1e-07,1e-07,1e-07,1e-07,1e-07,1e-07,1e-07,1e-07,1e-07,1e-07,1e-07,1e-07,1e-07,1e-07,1e-07,1e-07,1e-07,1e-07,1e-07,1e-07,1e-07,1e-07,1e-07,0.9999999,1e-07,1e-07,1e-07,1e-07
2022-08-18 13:50:50,1e-07,1e-07,1e-07,1e-07,1e-07,1e-07,1e-07,1e-07,1e-07,1e-07,1e-07,1e-07,1e-07,1e-07,1e-07,1e-07,1e-07,1e-07,1e-07,1e-07,1e-07,1e-07,1e-07,1e-07,1e-07,1e-07,1e-07,1e-07,1e-07,1e-07,1e-07,1e-07,1e-07,1e-07,0.9999999,1e-07,1e-07,1e-07,1e-07
2022-08-18 13:50:51,1e-07,1e-07,1e-07,1e-07,1e-07,1e-07,1e-07,1e-07,1e-07,1e-07,1e-07,1e-07,1e-07,1e-07,1e-07,1e-07,1e-07,1e-07,1e-07,1e-07,1e-07,1e-07,1e-07,1e-07,1e-07,1e-07,1e-07,1e-07,1e-07,1e-07,1e-07,1e-07,1e-07,1e-07,0.9999999,1e-07,1e-07,1e-07,1e-07
2022-08-18 13:50:52,1e-07,1e-07,1e-07,1e-07,1e-07,1e-07,1e-07,1e-07,1e-07,1e-07,1e-07,1e-07,1e-07,1e-07,1e-07,1e-07,1e-07,1e-07,1e-07,1e-07,1e-07,1e-07,1e-07,1e-07,1e-07,1e-07,1e-07,1e-07,1e-07,1e-07,1e-07,1e-07,1e-07,1e-07,0.9999999,1e-07,1e-07,1e-07,1e-07
2022-08-18 13:50:53,1e-07,1e-07,1e-07,1e-07,1e-07,1e-07,1e-07,1e-07,1e-07,1e-07,1e-07,1e-07,1e-07,1e-07,1e-07,1e-07,1e-07,1e-07,1e-07,1e-07,1e-07,1e-07,1e-07,1e-07,1e-07,1e-07,1e-07,1e-07,1e-07,1e-07,1e-07,1e-07,1e-07,1e-07,0.9999999,1e-07,1e-07,1e-07,1e-07
2022-08-18 13:50:54,1e-07,1e-07,1e-07,1e-07,1e-07,1e-07,1e-07,1e-07,1e-07,1e-07,1e-07,1e-07,1e-07,1e-07,1e-07,1e-07,1e-07,1e-07,1e-07,1e-07,1e-07,1e-07,1e-07,1e-07,1e-07,1e-07,1e-07,1e-07,1e-07,1e-07,1e-07,1e-07,1e-07,1e-07,0.9999999,1e-07,1e-07,1e-07,1e-07
2022-08-18 13:50:55,1e-07,1e-07,1e-07,1e-07,1e-07,1e-07,1e-07,1e-07,1e-07,1e-07,1e-07,1e-07,1e-07,1e-07,1e-07,1e-07,1e-07,1e-07,1e-07,1e-07,1e-07,1e-07,1e-07,1e-07,1e-07,1e-07,1e-07,1e-07,1e-07,1e-07,1e-07,1e-07,1e-07,1e-07,0.9999999,1e-07,1e-07,1e-07,1e-07
2022-08-18 13:50:56,1e-07,1e-07,1e-07,1e-07,1e-07,1e-07,1e-07,1e-07,1e-07,1e-07,1e-07,1e-07,1e-07,1e-07,1e-07,1e-07,1e-07,1e-07,1e-07,1e-07,1e-07,1e-07,1e-07,1e-07,1e-07,1e-07,1e-07,1e-07,1e-07,1e-07,1e-07,1e-07,1e-07,1e-07,0.9999999,1e-07,1e-07,1e-07,1e-07
2022-08-18 13:50:57,1e-07,1e-07,1e-07,1e-07,1e-07,1e-07,1e-07,1e-07,1e-07,1e-07,1e-07,1e-07,1e-07,1e-07,1e-07,1e-07,1e-07,1e-07,1e-07,1e-07,1e-07,1e-07,1e-07,1e-07,1e-07,1e-07,1e-07,1e-07,1e-07,1e-07,1e-07,1e-07,1e-07,1e-07,0.9999999,1e-07,1e-07,1e-07,1e-07
2022-08-18 13:50:58,1e-07,1e-07,1e-07,1e-07,1e-07,1e-07,1e-07,1e-07,1e-07,1e-07,1e-07,1e-07,1e-07,1e-07,1e-07,1e-07,1e-07,1e-07,1e-07,1e-07,1e-07,1e-07,1e-07,1e-07,1e-07,1e-07,1e-07,1e-07,1e-07,1e-07,1e-07,1e-07,1e-07,1e-07,0.9999999,1e-07,1e-07,1e-07,1e-07
2022-08-18 13:50:59,1e-07,1e-07,1e-07,1e-07,1e-07,1e-07,1e-07,1e-07,1e-07,1e-07,1e-07,1e-07,1e-07,1e-07,1e-07,1e-07,1e-07,1e-07,1e-07,1e-07,1e-07,1e-07,1e-07,1e-07,1e-07,1e-07,1e-07,1e-07,1e-07,1e-07,1e-07,1e-07,1e-07,1e-07,0.9999999,1e-07,1e-07,1e-07,1e-07
2022-08-18 15:00:00,1e-07,1e-07,1e-07,1e-07,1e-07,1e-07,1e-07,1e-07,1e-07,1e-07,1e-07,1e-07,1e-07,1e-07,1e-07,1e-07,1e-07,1e-07,1e-07,1e-07,1e-07,1e-07,1e-07,1e-07,1e-07,1e-07,1e-07,1e-07,1e-07,1e-07,1e-07,1e-07,1e-07,1e-07,1e-07,1e-07,1e-07,1e-07,0.9999999
2022-08-18 15:00:01,1e-07,1e-07,1e-07,1e-07,1e-07,1e-07,1e-07,1e-07,1e-07,1e-07,1e-07,1e-07,1e-07,1e-07,1e-07,1e-07,1e-07,1e-07,1e-07,1e-07,1e-07,1e-07,1e-07,1e-07,1e-07,1e-07,1e-07,1e-07,1e-07,1e-07,1e-07,1e-07,1e-07,1e-07,1e-07,1e-07,1e-07,1e-07,0.9999999
2022-08-18 15:00:02,1e-07,1e-07,1e-07,1e-07,1e-07,1e-07,1e-07,1e-07,1e-07,1e-07,1e-07,1e-07,1e-07,1e-07,1e-07,1e-07,1e-07,1e-07,1e-07,1e-07,1e-07,1e-07,1e-07,1e-07,1e-07,1e-07,1e-07,1e-07,1e-07,1e-07,1e-07,1e-07,1e-07,1e-07,1e-07,1e-07,1e-07,1e-07,0.9999999
2022-08-18 15:00:03,1e-07,1e-07,1e-07,1e-07,1e-07,1e-07,1e-07,1e-07,1e-07,1e-07,1e-07,1e-07,1e-07,1e-07,1e-07,1e-07,1e-07,1e-07,1e-07,1e-07,1e-07,1e-07,1e-07,1e-07,1e-07,1e-07,1e-07,1e-07,1e-07,1e-07,1e-07,1e-07,1e-07,1e-07,1e-07,1e-07,1e-07,1e-07,0.9999999
2022-08-18 15:00:04,1e-07,1e-07,1e-07,1e-07,1e-07,1e-07,1e-07,1e-07,1e-07,1e-07,1e-07,1e-07,1e-07,1e-07,1e-07,1e-07,1e-07,1e-07,1e-07,1e-07,1e-07,1e-07,1e-07,1e-07,1e-07,1e-07,1e-07,1e-07,1e-07,1e-07,1e-07,1e-07,1e-07,1e-07,1e-07,1e-07,1e-07,1e-07,0.9999999
2022-08-18 15:00:05,1e-07,1e-07,1e-07,1e-07,1e-07,1e-07,1e-07,1e-07,1e-07,1e-07,1e-07,1e-07,1e-07,1e-07,1e-07,1e-07,1e-07,1e-07,1e-07,1e-07,1e-07,1e-07,1e-07,1e-07,1e-07,1e-07,1e-07,1e-07,1e-07,1e-07,1e-07,1e-07,1e-07,1e-07,1e-07,1e-07,1e-07,1e-07,0.9999999
2022-08-18 15:00:06,1e-07,1e-07,1e-07,1e-07,1e-07,1e-07,1e-07,1e-07,1e-07,1e-07,1e-07,1e-07,1e-07,1e-07,1e-07,1e-07,1e-07,1e-07,1e-07,1e-07,1e-07,1e-07,1e-07,1e-07,1e-07,1e-07,1e-07,1e-07,1e-07,1e-07,1e-07,1e-07,1e-07,1e-07,1e-07,1e-07,1e-07,1e-07,0.9999999
2022-08-18 15:00:07,1e-07,1e-07,1e-07,1e-07,1e-07,1e-07,1e-07,1e-07,1e-07,1e-07,1e-07,1e-07,1e-07,1e-07,1e-07,1e-07,1e-07,1e-07,1e-07,1e-07,1e-07,1e-07,1e-07,1e-07,1e-07,1e-07,1e-07,1e-07,1e-07,1e-07,1e-07,1e-07,1e-07,1e-07,1e-07,1e-07,1e-07,1e-07,0.9999999
2022-08-18 15:00:08,1e-07,1e-07,1e-07,1e-07,1e-07,1e-07,1e-07,1e-07,1e-07,1e-07,1e-07,1e-07,1e-07,1e-07,1e-07,1e-07,1e-07,1e-07,1e-07,1e-07,1e-07,1e-07,1e-07,1e-07,1e-07,1e-07,1e-07,1e-07,1e-07,1e-07,1e-07,1e-07,1e-07,1e-07,1e-07,1e-07,1e-07,1e-07,0.9999999
2022-08-18 15:00:09,1e-07,1e-07,1e-07,1e-07,1e-07,1e-07,1e-07,1e-07,1e-07,1e-07,1e-07,1e-07,1e-07,1e-07,1e-07,1e-07,1e-07,1e-07,1e-07,1e-07,1e-07,1e-07,1e-07,1e-07,1e-07,1e-07,1e-07,1e-07,1e-07,1e-07,1e-07,1e-07,1e-07,1e-07,1e-07,1e-07,1e-07,1e-07,0.9999999
2022-08-18 15:00:10,1e-07,1e-07,1e-07,1e-07,1e-07,1e-07,1e-07,1e-07,1e-07,1e-07,1e-07,1e-07,1e-07,1e-07,1e-07,1e-07,1e-07,1e-07,1e-07,1e-07,1e-07,1e-07,1e-07,1e-07,1e-07,1e-07,1e-07,1e-07,1e-07,1e-07,1e-07,1e-07,1e-07,1e-07,1e-07,1e-07,1e-07,1e-07,0.9999999
2022-08-18 15:00:11,1e-07,1e-07,1e-07,1e-07,1e-07,1e-07,1e-07,1e-07,1e-07,1e-07,1e-07,1e-07,1e-07,1e-07,1e-07,1e-07,1e-07,1e-07,1e-07,1e-07,1e-07,1e-07,1e-07,1e-07,1e-07,1e-07,1e-07,1e-07,1e-07,1e-07,1e-07,1e-07,1e-07,1e-07,1e-07,1e-07,1e-07,1e-07,0.9999999
2022-08-18 15:00:12,1e-07,1e-07,1e-07,1e-07,1e-07,1e-07,1e-07,1e-07,1e-07,1e-07,1e-07,1e-07,1e-07,1e-07,1e-07,1e-07,1e-07,1e-07,1e-07,1e-07,1e-07,1e-07,1e-07,1e-07,1e-07,1e-07,1e-07,1e-07,1e-07,1e-07,1e-07,1e-07,1e-07,1e-07,1e-07,1e-07,1e-07,1e-07,0.9999999
2022-08-18 15:00:13,1e-07,1e-07,1e-07,1e-07,1e-07,1e-07,1e-07,1e-07,1e-07,1e-07,1e-07,1e-07,1e-07,1e-07,1e-07,1e-07,1e-07,1e-07,1e-07,1e-07,1e-07,1e-07,1e-07,1e-07,1e-07,1e-07,1e-07,1e-07,1e-07,1e-07,1e-07,1e-07,1e-07,1e-07,1e-07,1e-07,1e-07,1e-07,0.9999999
2022-08-18 15:00:14,1e-07,1e-07,1e-07,1e-07,1e-07,1e-07,1e-07,1e-07,1e-07,1e-07,1e-07,1e-07,1e-07,1e-07,1e-07,1e-07,1e-07,1e-07,1e-07,1e-07,1e-07,1e-07,1e-07,1e-07,1e-07,1e-07,1e-07,1e-07,1e-07,1e-07,1e-07,1e-07,1e-07,1e-07,1e-07,1e-07,1e-07,1e-07,0.9999999
2022-08-18 15:00:15,1e-07,1e-07,1e-07,1e-07,1e-07,1e-07,1e-07,1e-07,1e-07,1e-07,1e-07,1e-07,1e-07,1e-07,1e-07,1e-07,1e-07,1e-07,1e-07,1e-07,1e-07,1e-07,1e-07,1e-07,1e-07,1e-07,1e-07,1e-07,1e-07,1e-07,1e-07,1e-07,1e-07,1e-07,1e-07,1e-07,1e-07,1e-07,0.9999999
2022-08-18 15:00:16,1e-07,1e-07,1e-07,1e-07,1e-07,1e-07,1e-07,1e-07,1e-07,1e-07,1e-07,1e-07,1e-07,1e-07,1e-07,1e-07,1e-07,1e-07,1e-07,1e-07,1e-07,1e-07,1e-07,1e-07,1e-07,1e-07,1e-07,1e-07,1e-07,1e-07,1e-07,1e-07,1e-07,1e-07,1e-07,1e-07,1e-07,1e-07,0.9999999
2022-08-18 15:00:17,1e-07,1e-07,1e-07,1e-07,1e-07,1e-07,1e-07,1e-07,1e-07,1e-07,1e-07,1e-07,1e-07,1e-07,1e-07,1e-07,1e-07,1e-07,1e-07,1e-07,1e-07,1e-07,1e-07,1e-07,1e-07,1e-07,1e-07,1e-07,1e-07,1e-07,1e-07,1e-07,1e-07,1e-07,1e-07,1e-07,1e-07,1e-07,0.9999999
2022-08-18 15:00:18,1e-07,1e-07,1e-07,1e-07,1e-07,1e-07,1e-07,1e-07,1e-07,1e-07,1e-07,1e-07,1e-07,1e-07,1e-07,1e-07,1e-07,1e-07,1e-07,1e-07,1e-07,1e-07,1e-07,1e-07,1e-07,1e-07,1e-07,1e-07,1e-07,1e-07,1e-07,1e-07,1e-07,1e-07,1e-07,1e-07,1e-07,1e-07,0.9999999
2022-08-18 15:00:19,1e-07,1e-07,1e-07,1e-07,1e-07,1e-07,1e-07,1e-07,1e-07,1e-07,1e-07,1e-07,1e-07,1e-07,1e-07,1e-07,1e-07,1e-07,1e-07,1e-07,1e-07,1e-07,1e-07,1e-07,1e-07,1e-07,1e-07,1e-07,1e-07,1e-07,1e-07,1e-07,1e-07,1e-07,1e-07,1e-07,1e-07,1e-07,0.9999999
2022-08-18 15:00:20,1e-07,1e-07,1e-07,1e-07,1e-07,1e-07,1e-07,1e-07,1e-07,1e-07,1e-07,1e-07,1e-07,1e-07,1e-07,1e-07,1e-07,1e-07,1e-07,1e-07,1e-07,1e-07,1e-07,1e-07,1e-07,1e-07,1e-07,1e-07,1e-07,1e-07,1e-07,1e-07,1e-07,1e-07,1e-07,1e-07,1e-07,1e-07,0.9999999
2022-08-18 15:00:21,1e-07,1e-07,1e-07,1e-07,1e-07,1e-07,1e-07,1e-07,1e-07,1e-07,1e-07,1e-07,1e-07,1e-07,1e-07,1e-07,1e-07,1e-07,1e-07,1e-07,1e-07,1e-07,1e-07,1e-07,1e-07,1e-07,1e-07,1e-07,1e-07,1e-07,1e-07,1e-07,1e-07,1e-07,1e-07,1e-07,1e-07,1e-07,0.9999999
2022-08-18 15:00:22,1e-07,1e-07,1e-07,1e-07,1e-07,1e-07,1e-07,1e-07,1e-07,1e-07,1e-07,1e-07,1e-07,1e-07,1e-07,1e-07,1e-07,1e-07,1e-07,1e-07,1e-07,1e-07,1e-07,1e-07,1e-07,1e-07,1e-07,1e-07,1e-07,1e-07,1e-07,1e-07,1e-07,1e-07,1e-07,1e-07,1e-07,1e-07,0.9999999
2022-08-18 15:00:23,1e-07,1e-07,1e-07,1e-07,1e-07,1e-07,1e-07,1e-07,1e-07,1e-07,1e-07,1e-07,1e-07,1e-07,1e-07,1e-07,1e-07,1e-07,1e-07,1e-07,1e-07,1e-07,1e-07,1e-07,1e-07,1e-07,1e-07,1e-07,1e-07,1e-07,1e-07,1e-07,1e-07,1e-07,1e-07,1e-07,1e-07,1e-07,0.9999999
2022-08-18 15:00:24,1e-07,1e-07,1e-07,1e-07,1e-07,1e-07,1e-07,1e-07,1e-07,1e-07,1e-07,1e-07,1e-07,1e-07,1e-07,1e-07,1e-07,1e-07,1e-07,1e-07,1e-07,1e-07,1e-07,1e-07,1e-07,1e-07,1e-07,1e-07,1e-07,1e-07,1e-07,1e-07,1e-07,1e-07,1e-07,1e-07,1e-07,1e-07,0.9999999
2022-08-18 15:00:25,1e-07,1e-07,1e-07,1e-07,1e-07,1e-07,1e-07,1e-07,1e-07,1e-07,1e-07,1e-07,1e-07,1e-07,1e-07,1e-07,1e-07,1e-07,1e-07,1e-07,1e-07,1e-07,1e-07,1e-07,1e-07,1e-07,1e-07,1e-07,1e-07,1e-07,1e-07,1e-07,1e-07,1e-07,1e-07,1e-07,1e-07,1e-07,0.9999999
2022-08-18 15:00:26,1e-07,1e-07,1e-07,1e-07,1e-07,1e-07,1e-07,1e-07,1e-07,1e-07,1e-07,1e-07,1e-07,1e-07,1e-07,1e-07,1e-07,1e-07,1e-07,1e-07,1e-07,1e-07,1e-07,1e-07,1e-07,1e-07,1e-07,1e-07,1e-07,1e-07,1e-07,1e-07,1e-07,1e-07,1e-07,1e-07,1e-07,1e-07,0.9999999
2022-08-18 15:00:27,1e-07,1e-07,1e-07,1e-07,1e-07,1e-07,1e-07,1e-07,1e-07,1e-07,1e-07,1e-07,1e-07,1e-07,1e-07,1e-07,1e-07,1e-07,1e-07,1e-07,1e-07,1e-07,1e-07,1e-07,1e-07,1e-07,1e-07,1e-07,1e-07,1e-07,1e-07,1e-07,1e-07,1e-07,1e-07,1e-07,1e-07,1e-07,0.9999999
2022-08-18 15:00:28,1e-07,1e-07,1e-07,1e-07,1e-07,1e-07,1e-07,1e-07,1e-07,1e-07,1e-07,1e-07,1e-07,1e-07,1e-07,1e-07,1e-07,1e-07,1e-07,1e-07,1e-07,1e-07,1e-07,1e-07,1e-07,1e-07,1e-07,1e-07,1e-07,1e-07,1e-07,1e-07,1e-07,1e-07,1e-07,1e-07,1e-07,1e-07,0.9999999
2022-08-18 15:00:29,1e-07,1e-07,1e-07,1e-07,1e-07,1e-07,1e-07,1e-07,1e-07,1e-07,1e-07,1e-07,1e-07,1e-07,1e-07,1e-07,1e-07,1e-07,1e-07,1e-07,1e-07,1e-07,1e-07,1e-07,1e-07,1e-07,1e-07,1e-07,1e-07,1e-07,1e-07,1e-07,1e-07,1e-07,1e-07,1e-07,1e-07,1e-07,0.9999999
2022-08-18 15:00:30,1e-07,1e-07,1e-07,1e-07,1e-07,1e-07,1e-07,1e-07,1e-07,1e-07,1e-07,1e-07,1e-07,1e-07,1e-07,1e-07,1e-07,1e-07,1e-07,1e-07,1e-07,1e-07,1e-07,1e-07,1e-07,1e-07,1e-07,1e-07,1e-07,1e-07,1e-07,1e-07,1e-07,1e-07,1e-07,1e-07,1e-07,1e-07,0.9999999
2022-08-18 15:00:31,1e-07,1e-07,1e-07,1e-07,1e-07,1e-07,1e-07,1e-07,1e-07,1e-07,1e-07,1e-07,1e-07,1e-07,1e-07,1e-07,1e-07,1e-07,1e-07,1e-07,1e-07,1e-07,1e-07,1e-07,1e-07,1e-07,1e-07,1e-07,1e-07,1e-07,1e-07,1e-07,1e-07,1e-07,1e-07,1e-07,1e-07,1e-07,0.9999999
2022-08-18 15:00:32,1e-07,1e-07,1e-07,1e-07,1e-07,1e-07,1e-07,1e-07,1e-07,1e-07,1e-07,1e-07,1e-07,1e-07,1e-07,1e-07,1e-07,1e-07,1e-07,1e-07,1e-07,1e-07,1e-07,1e-07,1e-07,1e-07,1e-07,1e-07,1e-07,1e-07,1e-07,1e-07,1e-07,1e-07,1e-07,1e-07,1e-07,1e-07,0.9999999
2022-08-18 15:00:33,1e-07,1e-07,1e-07,1e-07,1e-07,1e-07,1e-07,1e-07,1e-07,1e-07,1e-07,1e-07,1e-07,1e-07,1e-07,1e-07,1e-07,1e-07,1e-07,1e-07,1e-07,1e-07,1e-07,1e-07,1e-07,1e-07,1e-07,1e-07,1e-07,1e-07,1e-07,1e-07,1e-07,1e-07,1e-07,1e-07,1e-07,1e-07,0.9999999
2022-08-18 15:00:34,1e-07,1e-07,1e-07,1e-07,1e-07,1e-07,1e-07,1e-07,1e-07,1e-07,1e-07,1e-07,1e-07,1e-07,1e-07,1e-07,1e-07,1e-07,1e-07,1e-07,1e-07,1e-07,1e-07,1e-07,1e-07,1e-07,1e-07,1e-07,1e-07,1e-07,1e-07,1e-07,1e-07,1e-07,1e-07,1e-07,1e-07,1e-07,0.9999999
2022-08-18 15:00:35,1e-07,1e-07,1e-07,1e-07,1e-07,1e-07,1e-07,1e-07,1e-07,1e-07,1e-07,1e-07,1e-07,1e-07,1e-07,1e-07,1e-07,1e-07,1e-07,1e-07,1e-07,1e-07,1e-07,1e-07,1e-07,1e-07,1e-07,1e-07,1e-07,1e-07,1e-07,1e-07,1e-07,1e-07,1e-07,1e-07,1e-07,1e-07,0.9999999
2022-08-18 15:00:36,1e-07,1e-07,1e-07,1e-07,1e-07,1e-07,1e-07,1e-07,1e-07,1e-07,1e-07,1e-07,1e-07,1e-07,1e-07,1e-07,1e-07,1e-07,1e-07,1e-07,1e-07,1e-07,1e-07,1e-07,1e-07,1e-07,1e-07,1e-07,1e-07,1e-07,1e-07,1e-07,1e-07,1e-07,1e-07,1e-07,1e-07,1e-07,0.9999999
2022-08-18 15:00:37,1e-07,1e-07,1e-07,1e-07,1e-07,1e-07,1e-07,1e-07,1e-07,1e-07,1e-07,1e-07,1e-07,1e-07,1e-07,1e-07,1e-07,1e-07,1e-07,1e-07,1e-07,1e-07,1e-07,1e-07,1e-07,1e-07,1e-07,1e-07,1e-07,1e-07,1e-07,1e-07,1e-07,1e-07,1e-07,1e-07,1e-07,1e-07,0.9999999
2022-08-18 15:00:38,1e-07,1e-07,1e-07,1e-07,1e-07,1e-07,1e-07,1e-07,1e-07,1e-07,1e-07,1e-07,1e-07,1e-07,1e-07,1e-07,1e-07,1e-07,1e-07,1e-07,1e-07,1e-07,1e-07,1e-07,1e-07,1e-07,1e-07,1e-07,1e-07,1e-07,1e-07,1e-07,1e-07,1e-07,1e-07,1e-07,1e-07,1e-07,0.9999999
2022-08-18 15:00:39,1e-07,1e-07,1e-07,1e-07,1e-07,1e-07,1e-07,1e-07,1e-07,1e-07,1e-07,1e-07,1e-07,1e-07,1e-07,1e-07,1e-07,1e-07,1e-07,1e-07,1e-07,1e-07,1e-07,1e-07,1e-07,1e-07,1e-07,1e-07,1e-07,1e-07,1e-07,1e-07,1e-07,1e-07,1e-07,1e-07,1e-07,1e-07,0.9999999
2022-08-18 15:00:40,1e-07,1e-07,1e-07,1e-07,1e-07,1e-07,1e-07,1e-07,1e-07,1e-07,1e-07,1e-07,1e-07,1e-07,1e-07,1e-07,1e-07,1e-07,1e-07,1e-07,1e-07,1e-07,1e-07,1e-07,1e-07,1e-07,1e-07,1e-07,1e-07,1e-07,1e-07,1e-07,1e-07,1e-07,1e-07,1e-07,1e-07,1e-07,0.9999999
2022-08-18 15:00:41,1e-07,1e-07,1e-07,1e-07,1e-07,1e-07,1e-07,1e-07,1e-07,1e-07,1e-07,1e-07,1e-07,1e-07,1e-07,1e-07,1e-07,1e-07,1e-07,1e-07,1e-07,1e-07,1e-07,1e-07,1e-07,1e-07,1e-07,1e-07,1e-07,1e-07,1e-07,1e-07,1e-07,1e-07,1e-07,1e-07,1e-07,1e-07,0.9999999
2022-08-18 15:00:42,1e-07,1e-07,1e-07,1e-07,1e-07,1e-07,1e-07,1e-07,1e-07,1e-07,1e-07,1e-07,1e-07,1e-07,1e-07,1e-07,1e-07,1e-07,1e-07,1e-07,1e-07,1e-07,1e-07,1e-07,1e-07,1e-07,1e-07,1e-07,1e-07,1e-07,1e-07,1e-07,1e-07,1e-07,1e-07,1e-07,1e-07,1e-07,0.9999999
2022-08-18 15:00:43,1e-07,1e-07,1e-07,1e-07,1e-07,1e-07,1e-07,1e-07,1e-07,1e-07,1e-07,1e-07,1e-07,1e-07,1e-07,1e-07,1e-07,1e-07,1e-07,1e-07,1e-07,1e-07,1e-07,1e-07,1e-07,1e-07,1e-07,1e-07,1e-07,1e-07,1e-07,1e-07,1e-07,1e-07,1e-07,1e-07,1e-07,1e-07,0.9999999
2022-08-18 15:00:44,1e-07,1e-07,1e-07,1e-07,1e-07,1e-07,1e-07,1e-07,1e-07,1e-07,1e-07,1e-07,1e-07,1e-07,1e-07,1e-07,1e-07,1e-07,1e-07,1e-07,1e-07,1e-07,1e-07,1e-07,1e-07,1e-07,1e-07,1e-07,1e-07,1e-07,1e-07,1e-07,1e-07,1e-07,1e-07,1e-07,1e-07,1e-07,0.9999999
2022-08-18 15:00:45,1e-07,1e-07,1e-07,1e-07,1e-07,1e-07,1e-07,1e-07,1e-07,1e-07,1e-07,1e-07,1e-07,1e-07,1e-07,1e-07,1e-07,1e-07,1e-07,1e-07,1e-07,1e-07,1e-07,1e-07,1e-07,1e-07,1e-07,1e-07,1e-07,1e-07,1e-07,1e-07,1e-07,1e-07,1e-07,1e-07,1e-07,1e-07,0.9999999
2022-08-18 15:00:46,1e-07,1e-07,1e-07,1e-07,1e-07,1e-07,1e-07,1e-07,1e-07,1e-07,1e-07,1e-07,1e-07,1e-07,1e-07,1e-07,1e-07,1e-07,1e-07,1e-07,1e-07,1e-07,1e-07,1e-07,1e-07,1e-07,1e-07,1e-07,1e-07,1e-07,1e-07,1e-07,1e-07,1e-07,1e-07,1e-07,1e-07,1e-07,0.9999999
2022-08-18 15:00:47,1e-07,1e-07,1e-07,1e-07,1e-07,1e-07,1e-07,1e-07,1e-07,1e-07,1e-07,1e-07,1e-07,1e-07,1e-07,1e-07,1e-07,1e-07,1e-07,1e-07,1e-07,1e-07,1e-07,1e-07,1e-07,1e-07,1e-07,1e-07,1e-07,1e-07,1e-07,1e-07,1e-07,1e-07,1e-07,1e-07,1e-07,1e-07,0.9999999
2022-08-18 15:00:48,1e-07,1e-07,1e-07,1e-07,1e-07,1e-07,1e-07,1e-07,1e-07,1e-07,1e-07,1e-07,1e-07,1e-07,1e-07,1e-07,1e-07,1e-07,1e-07,1e-07,1e-07,1e-07,1e-07,1e-07,1e-07,1e-07,1e-07,1e-07,1e-07,1e-07,1e-07,1e-07,1e-07,1e-07,1e-07,1e-07,1e-07,1e-07,0.9999999
2022-08-18 15:00:49,1e-07,1e-07,1e-07,1e-07,1e-07,1e-07,1e-07,1e-07,1e-07,1e-07,1e-07,1e-07,1e-07,1e-07,1e-07,1e-07,1e-07,1e-07,1e-07,1e-07,1e-07,1e-07,1e-07,1e-07,1e-07,1e-07,1e-07,1e-07,1e-07,1e-07,1e-07,1e-07,1e-07,1e-07,1e-07,1e-07,1e-07,1e-07,0.9999999
2022-08-18 15:00:50,1e-07,1e-07,1e-07,1e-07,1e-07,1e-07,1e-07,1e-07,1e-07,1e-07,1e-07,1e-07,1e-07,1e-07,1e-07,1e-07,1e-07,1e-07,1e-07,1e-07,1e-07,1e-07,1e-07,1e-07,1e-07,1e-07,1e-07,1e-07,1e-07,1e-07,1e-07,1e-07,1e-07,1e-07,1e-07,1e-07,1e-07,1e-07,0.9999999
2022-08-18 15:00:51,1e-07,1e-07,1e-07,1e-07,1e-07,1e-07,1e-07,1e-07,1e-07,1e-07,1e-07,1e-07,1e-07,1e-07,1e-07,1e-07,1e-07,1e-07,1e-07,1e-07,1e-07,1e-07,1e-07,1e-07,1e-07,1e-07,1e-07,1e-07,1e-07,1e-07,1e-07,1e-07,1e-07,1e-07,1e-07,1e-07,1e-07,1e-07,0.9999999
2022-08-18 15:00:52,1e-07,1e-07,1e-07,1e-07,1e-07,1e-07,1e-07,1e-07,1e-07,1e-07,1e-07,1e-07,1e-07,1e-07,1e-07,1e-07,1e-07,1e-07,1e-07,1e-07,1e-07,1e-07,1e-07,1e-07,1e-07,1e-07,1e-07,1e-07,1e-07,1e-07,1e-07,1e-07,1e-07,1e-07,1e-07,1e-07,1e-07,1e-07,0.9999999
2022-08-18 15:00:53,1e-07,1e-07,1e-07,1e-07,1e-07,1e-07,1e-07,1e-07,1e-07,1e-07,1e-07,1e-07,1e-07,1e-07,1e-07,1e-07,1e-07,1e-07,1e-07,1e-07,1e-07,1e-07,1e-07,1e-07,1e-07,1e-07,1e-07,1e-07,1e-07,1e-07,1e-07,1e-07,1e-07,1e-07,1e-07,1e-07,1e-07,1e-07,0.9999999
2022-08-18 15:00:54,1e-07,1e-07,1e-07,1e-07,1e-07,1e-07,1e-07,1e-07,1e-07,1e-07,1e-07,1e-07,1e-07,1e-07,1e-07,1e-07,1e-07,1e-07,1e-07,1e-07,1e-07,1e-07,1e-07,1e-07,1e-07,1e-07,1e-07,1e-07,1e-07,1e-07,1e-07,1e-07,1e-07,1e-07,1e-07,1e-07,1e-07,1e-07,0.9999999
2022-08-18 15:00:55,1e-07,1e-07,1e-07,1e-07,1e-07,1e-07,1e-07,1e-07,1e-07,1e-07,1e-07,1e-07,1e-07,1e-07,1e-07,1e-07,1e-07,1e-07,1e-07,1e-07,1e-07,1e-07,1e-07,1e-07,1e-07,1e-07,1e-07,1e-07,1e-07,1e-07,1e-07,1e-07,1e-07,1e-07,1e-07,1e-07,1e-07,1e-07,0.9999999
2022-08-18 15:00:56,1e-07,1e-07,1e-07,1e-07,1e-07,1e-07,1e-07,1e-07,1e-07,1e-07,1e-07,1e-07,1e-07,1e-07,1e-07,1e-07,1e-07,1e-07,1e-07,1e-07,1e-07,1e-07,1e-07,1e-07,1e-07,1e-07,1e-07,1e-07,1e-07,1e-07,1e-07,1e-07,1e-07,1e-07,1e-07,1e-07,1e-07,1e-07,0.9999999
2022-08-18 15:00:57,1e-07,1e-07,1e-07,1e-07,1e-07,1e-07,1e-07,1e-07,1e-07,1e-07,1e-07,1e-07,1e-07,1e-07,1e-07,1e-07,1e-07,1e-07,1e-07,1e-07,1e-07,1e-07,1e-07,1e-07,1e-07,1e-07,1e-07,1e-07,1e-07,1e-07,1e-07,1e-07,1e-07,1e-07,1e-07,1e-07,1e-07,1e-07,0.9999999
2022-08-18 15:00:58,1e-07,1e-07,1e-07,1e-07,1e-07,1e-07,1e-07,1e-07,1e-07,1e-07,1e-07,1e-07,1e-07,1e-07,1e-07,1e-07,1e-07,1e-07,1e-07,1e-07,1e-07,1e-07,1e-07,1e-07,1e-07,1e-07,1e-07,1e-07,1e-07,1e-07,1e-07,1e-07,1e-07,1e-07,1e-07,1e-07,1e-07,1e-07,0.9999999
2022-08-18 15:00:59,1e-07,1e-07,1e-07,1e-07,1e-07,1e-07,1e-07,1e-07,1e-07,1e-07,1e-07,1e-07,1e-07,1e-07,1e-07,1e-07,1e-07,1e-07,1e-07,1e-07,1e-07,1e-07,1e-07,1e-07,1e-07,1e-07,1e-07,1e-07,1e-07,1e-07,1e-07,1e-07,1e-07,1e-07,1e-07,1e-07,1e-07,1e-07,0.9999999
2022-08-18 16:23:00,1e-07,1e-07,1e-07,1e-07,1e-07,1e-07,1e-07,1e-07,1e-07,1e-07,1e-07,1e-07,1e-07,1e-07,1e-07,1e-07,1e-07,1e-07,1e-07,1e-07,1e-07,1e-07,1e-07,1e-07,1e-07,1e-07,1e-07,1e-07,1e-07,1e-07,1e-07,1e-07,1e-07,0.9999999,1e-07,1e-07,1e-07,1e-07,1e-07
2022-08-18 16:23:01,1e-07,1e-07,1e-07,1e-07,1e-07,1e-07,1e-07,1e-07,1e-07,1e-07,1e-07,1e-07,1e-07,1e-07,1e-07,1e-07,1e-07,1e-07,1e-07,1e-07,1e-07,1e-07,1e-07,1e-07,1e-07,1e-07,1e-07,1e-07,1e-07,1e-07,1e-07,1e-07,1e-07,0.9999999,1e-07,1e-07,1e-07,1e-07,1e-07
2022-08-18 16:23:02,1e-07,1e-07,1e-07,1e-07,1e-07,1e-07,1e-07,1e-07,1e-07,1e-07,1e-07,1e-07,1e-07,1e-07,1e-07,1e-07,1e-07,1e-07,1e-07,1e-07,1e-07,1e-07,1e-07,1e-07,1e-07,1e-07,1e-07,1e-07,1e-07,1e-07,1e-07,1e-07,1e-07,0.9999999,1e-07,1e-07,1e-07,1e-07,1e-07
2022-08-18 16:23:03,1e-07,1e-07,1e-07,1e-07,1e-07,1e-07,1e-07,1e-07,1e-07,1e-07,1e-07,1e-07,1e-07,1e-07,1e-07,1e-07,1e-07,1e-07,1e-07,1e-07,1e-07,1e-07,1e-07,1e-07,1e-07,1e-07,1e-07,1e-07,1e-07,1e-07,1e-07,1e-07,1e-07,0.9999999,1e-07,1e-07,1e-07,1e-07,1e-07
2022-08-18 16:23:04,1e-07,1e-07,1e-07,1e-07,1e-07,1e-07,1e-07,1e-07,1e-07,1e-07,1e-07,1e-07,1e-07,1e-07,1e-07,1e-07,1e-07,1e-07,1e-07,1e-07,1e-07,1e-07,1e-07,1e-07,1e-07,1e-07,1e-07,1e-07,1e-07,1e-07,1e-07,1e-07,1e-07,0.9999999,1e-07,1e-07,1e-07,1e-07,1e-07
2022-08-18 16:23:05,1e-07,1e-07,1e-07,1e-07,1e-07,1e-07,1e-07,1e-07,1e-07,1e-07,1e-07,1e-07,1e-07,1e-07,1e-07,1e-07,1e-07,1e-07,1e-07,1e-07,1e-07,1e-07,1e-07,1e-07,1e-07,1e-07,1e-07,1e-07,1e-07,1e-07,1e-07,1e-07,1e-07,0.9999999,1e-07,1e-07,1e-07,1e-07,1e-07
2022-08-18 16:23:06,1e-07,1e-07,1e-07,1e-07,1e-07,1e-07,1e-07,1e-07,1e-07,1e-07,1e-07,1e-07,1e-07,1e-07,1e-07,1e-07,1e-07,1e-07,1e-07,1e-07,1e-07,1e-07,1e-07,1e-07,1e-07,1e-07,1e-07,1e-07,1e-07,1e-07,1e-07,1e-07,1e-07,0.9999999,1e-07,1e-07,1e-07,1e-07,1e-07
2022-08-18 16:23:07,1e-07,1e-07,1e-07,1e-07,1e-07,1e-07,1e-07,1e-07,1e-07,1e-07,1e-07,1e-07,1e-07,1e-07,1e-07,1e-07,1e-07,1e-07,1e-07,1e-07,1e-07,1e-07,1e-07,1e-07,1e-07,1e-07,1e-07,1e-07,1e-07,1e-07,1e-07,1e-07,1e-07,0.9999999,1e-07,1e-07,1e-07,1e-07,1e-07
2022-08-18 16:23:08,1e-07,1e-07,1e-07,1e-07,1e-07,1e-07,1e-07,1e-07,1e-07,1e-07,1e-07,1e-07,1e-07,1e-07,1e-07,1e-07,1e-07,1e-07,1e-07,1e-07,1e-07,1e-07,1e-07,1e-07,1e-07,1e-07,1e-07,1e-07,1e-07,1e-07,1e-07,1e-07,1e-07,0.9999999,1e-07,1e-07,1e-07,1e-07,1e-07
2022-08-18 16:23:09,1e-07,1e-07,1e-07,1e-07,1e-07,1e-07,1e-07,1e-07,1e-07,1e-07,1e-07,1e-07,1e-07,1e-07,1e-07,1e-07,1e-07,1e-07,1e-07,1e-07,1e-07,1e-07,1e-07,1e-07,1e-07,1e-07,1e-07,1e-07,1e-07,1e-07,1e-07,1e-07,1e-07,0.9999999,1e-07,1e-07,1e-07,1e-07,1e-07
2022-08-18 16:23:10,1e-07,1e-07,1e-07,1e-07,1e-07,1e-07,1e-07,1e-07,1e-07,1e-07,1e-07,1e-07,1e-07,1e-07,1e-07,1e-07,1e-07,1e-07,1e-07,1e-07,1e-07,1e-07,1e-07,1e-07,1e-07,1e-07,1e-07,1e-07,1e-07,1e-07,1e-07,1e-07,1e-07,0.9999999,1e-07,1e-07,1e-07,1e-07,1e-07
2022-08-18 16:23:11,1e-07,1e-07,1e-07,1e-07,1e-07,1e-07,1e-07,1e-07,1e-07,1e-07,1e-07,1e-07,1e-07,1e-07,1e-07,1e-07,1e-07,1e-07,1e-07,1e-07,1e-07,1e-07,1e-07,1e-07,1e-07,1e-07,1e-07,1e-07,1e-07,1e-07,1e-07,1e-07,1e-07,0.9999999,1e-07,1e-07,1e-07,1e-07,1e-07
2022-08-18 16:23:12,1e-07,1e-07,1e-07,1e-07,1e-07,1e-07,1e-07,1e-07,1e-07,1e-07,1e-07,1e-07,1e-07,1e-07,1e-07,1e-07,1e-07,1e-07,1e-07,1e-07,1e-07,1e-07,1e-07,1e-07,1e-07,1e-07,1e-07,1e-07,1e-07,1e-07,1e-07,1e-07,1e-07,0.9999999,1e-07,1e-07,1e-07,1e-07,1e-07
2022-08-18 16:23:13,1e-07,1e-07,1e-07,1e-07,1e-07,1e-07,1e-07,1e-07,1e-07,1e-07,1e-07,1e-07,1e-07,1e-07,1e-07,1e-07,1e-07,1e-07,1e-07,1e-07,1e-07,1e-07,1e-07,1e-07,1e-07,1e-07,1e-07,1e-07,1e-07,1e-07,1e-07,1e-07,1e-07,0.9999999,1e-07,1e-07,1e-07,1e-07,1e-07
2022-08-18 16:23:14,1e-07,1e-07,1e-07,1e-07,1e-07,1e-07,1e-07,1e-07,1e-07,1e-07,1e-07,1e-07,1e-07,1e-07,1e-07,1e-07,1e-07,1e-07,1e-07,1e-07,1e-07,1e-07,1e-07,1e-07,1e-07,1e-07,1e-07,1e-07,1e-07,1e-07,1e-07,1e-07,1e-07,0.9999999,1e-07,1e-07,1e-07,1e-07,1e-07
2022-08-18 16:23:15,1e-07,1e-07,1e-07,1e-07,1e-07,1e-07,1e-07,1e-07,1e-07,1e-07,1e-07,1e-07,1e-07,1e-07,1e-07,1e-07,1e-07,1e-07,1e-07,1e-07,1e-07,1e-07,1e-07,1e-07,1e-07,1e-07,1e-07,1e-07,1e-07,1e-07,1e-07,1e-07,1e-07,0.9999999,1e-07,1e-07,1e-07,1e-07,1e-07
2022-08-18 16:23:16,1e-07,1e-07,1e-07,1e-07,1e-07,1e-07,1e-07,1e-07,1e-07,1e-07,1e-07,1e-07,1e-07,1e-07,1e-07,1e-07,1e-07,1e-07,1e-07,1e-07,1e-07,1e-07,1e-07,1e-07,1e-07,1e-07,1e-07,1e-07,1e-07,1e-07,1e-07,1e-07,1e-07,0.9999999,1e-07,1e-07,1e-07,1e-07,1e-07
2022-08-18 16:23:17,1e-07,1e-07,1e-07,1e-07,1e-07,1e-07,1e-07,1e-07,1e-07,1e-07,1e-07,1e-07,1e-07,1e-07,1e-07,1e-07,1e-07,1e-07,1e-07,1e-07,1e-07,1e-07,1e-07,1e-07,1e-07,1e-07,1e-07,1e-07,1e-07,1e-07,1e-07,1e-07,1e-07,0.9999999,1e-07,1e-07,1e-07,1e-07,1e-07
2022-08-18 16:23:18,1e-07,1e-07,1e-07,1e-07,1e-07,1e-07,1e-07,1e-07,1e-07,1e-07,1e-07,1e-07,1e-07,1e-07,1e-07,1e-07,1e-07,1e-07,1e-07,1e-07,1e-07,1e-07,1e-07,1e-07,1e-07,1e-07,1e-07,1e-07,1e-07,1e-07,1e-07,1e-07,1e-07,0.9999999,1e-07,1e-07,1e-07,1e-07,1e-07
2022-08-18 16:23:19,1e-07,1e-07,1e-07,1e-07,1e-07,1e-07,1e-07,1e-07,1e-07,1e-07,1e-07,1e-07,1e-07,1e-07,1e-07,1e-07,1e-07,1e-07,1e-07,1e-07,1e-07,1e-07,1e-07,1e-07,1e-07,1e-07,1e-07,1e-07,1e-07,1e-07,1e-07,1e-07,1e-07,0.9999999,1e-07,1e-07,1e-07,1e-07,1e-07
2022-08-18 16:23:20,1e-07,1e-07,1e-07,1e-07,1e-07,1e-07,1e-07,1e-07,1e-07,1e-07,1e-07,1e-07,1e-07,1e-07,1e-07,1e-07,1e-07,1e-07,1e-07,1e-07,1e-07,1e-07,1e-07,1e-07,1e-07,1e-07,1e-07,1e-07,1e-07,1e-07,1e-07,1e-07,1e-07,0.9999999,1e-07,1e-07,1e-07,1e-07,1e-07
2022-08-18 16:23:21,1e-07,1e-07,1e-07,1e-07,1e-07,1e-07,1e-07,1e-07,1e-07,1e-07,1e-07,1e-07,1e-07,1e-07,1e-07,1e-07,1e-07,1e-07,1e-07,1e-07,1e-07,1e-07,1e-07,1e-07,1e-07,1e-07,1e-07,1e-07,1e-07,1e-07,1e-07,1e-07,1e-07,0.9999999,1e-07,1e-07,1e-07,1e-07,1e-07
2022-08-18 16:23:22,1e-07,1e-07,1e-07,1e-07,1e-07,1e-07,1e-07,1e-07,1e-07,1e-07,1e-07,1e-07,1e-07,1e-07,1e-07,1e-07,1e-07,1e-07,1e-07,1e-07,1e-07,1e-07,1e-07,1e-07,1e-07,1e-07,1e-07,1e-07,1e-07,1e-07,1e-07,1e-07,1e-07,0.9999999,1e-07,1e-07,1e-07,1e-07,1e-07
2022-08-18 16:23:23,1e-07,1e-07,1e-07,1e-07,1e-07,1e-07,1e-07,1e-07,1e-07,1e-07,1e-07,1e-07,1e-07,1e-07,1e-07,1e-07,1e-07,1e-07,1e-07,1e-07,1e-07,1e-07,1e-07,1e-07,1e-07,1e-07,1e-07,1e-07,1e-07,1e-07,1e-07,1e-07,1e-07,0.9999999,1e-07,1e-07,1e-07,1e-07,1e-07
2022-08-18 16:23:24,1e-07,1e-07,1e-07,1e-07,1e-07,1e-07,1e-07,1e-07,1e-07,1e-07,1e-07,1e-07,1e-07,1e-07,1e-07,1e-07,1e-07,1e-07,1e-07,1e-07,1e-07,1e-07,1e-07,1e-07,1e-07,1e-07,1e-07,1e-07,1e-07,1e-07,1e-07,1e-07,1e-07,0.9999999,1e-07,1e-07,1e-07,1e-07,1e-07
2022-08-18 16:23:25,1e-07,1e-07,1e-07,1e-07,1e-07,1e-07,1e-07,1e-07,1e-07,1e-07,1e-07,1e-07,1e-07,1e-07,1e-07,1e-07,1e-07,1e-07,1e-07,1e-07,1e-07,1e-07,1e-07,1e-07,1e-07,1e-07,1e-07,1e-07,1e-07,1e-07,1e-07,1e-07,1e-07,0.9999999,1e-07,1e-07,1e-07,1e-07,1e-07
2022-08-18 16:23:26,1e-07,1e-07,1e-07,1e-07,1e-07,1e-07,1e-07,1e-07,1e-07,1e-07,1e-07,1e-07,1e-07,1e-07,1e-07,1e-07,1e-07,1e-07,1e-07,1e-07,1e-07,1e-07,1e-07,1e-07,1e-07,1e-07,1e-07,1e-07,1e-07,1e-07,1e-07,1e-07,1e-07,0.9999999,1e-07,1e-07,1e-07,1e-07,1e-07
2022-08-18 16:23:27,1e-07,1e-07,1e-07,1e-07,1e-07,1e-07,1e-07,1e-07,1e-07,1e-07,1e-07,1e-07,1e-07,1e-07,1e-07,1e-07,1e-07,1e-07,1e-07,1e-07,1e-07,1e-07,1e-07,1e-07,1e-07,1e-07,1e-07,1e-07,1e-07,1e-07,1e-07,1e-07,1e-07,0.9999999,1e-07,1e-07,1e-07,1e-07,1e-07
2022-08-18 16:23:28,1e-07,1e-07,1e-07,1e-07,1e-07,1e-07,1e-07,1e-07,1e-07,1e-07,1e-07,1e-07,1e-07,1e-07,1e-07,1e-07,1e-07,1e-07,1e-07,1e-07,1e-07,1e-07,1e-07,1e-07,1e-07,1e-07,1e-07,1e-07,1e-07,1e-07,1e-07,1e-07,1e-07,0.9999999,1e-07,1e-07,1e-07,1e-07,1e-07
2022-08-18 16:23:29,1e-07,1e-07,1e-07,1e-07,1e-07,1e-07,1e-07,1e-07,1e-07,1e-07,1e-07,1e-07,1e-07,1e-07,1e-07,1e-07,1e-07,1e-07,1e-07,1e-07,1e-07,1e-07,1e-07,1e-07,1e-07,1e-07,1e-07,1e-07,1e-07,1e-07,1e-07,1e-07,1e-07,0.9999999,1e-07,1e-07,1e-07,1e-07,1e-07
2022-08-18 16:23:30,1e-07,1e-07,1e-07,1e-07,1e-07,1e-07,1e-07,1e-07,1e-07,1e-07,1e-07,1e-07,1e-07,1e-07,1e-07,1e-07,1e-07,1e-07,1e-07,1e-07,1e-07,1e-07,1e-07,1e-07,1e-07,1e-07,1e-07,1e-07,1e-07,1e-07,1e-07,1e-07,1e-07,0.9999999,1e-07,1e-07,1e-07,1e-07,1e-07
2022-08-18 16:23:31,1e-07,1e-07,1e-07,1e-07,1e-07,1e-07,1e-07,1e-07,1e-07,1e-07,1e-07,1e-07,1e-07,1e-07,1e-07,1e-07,1e-07,1e-07,1e-07,1e-07,1e-07,1e-07,1e-07,1e-07,1e-07,1e-07,1e-07,1e-07,1e-07,1e-07,1e-07,1e-07,1e-07,0.9999999,1e-07,1e-07,1e-07,1e-07,1e-07
2022-08-18 16:23:32,1e-07,1e-07,1e-07,1e-07,1e-07,1e-07,1e-07,1e-07,1e-07,1e-07,1e-07,1e-07,1e-07,1e-07,1e-07,1e-07,1e-07,1e-07,1e-07,1e-07,1e-07,1e-07,1e-07,1e-07,1e-07,1e-07,1e-07,1e-07,1e-07,1e-07,1e-07,1e-07,1e-07,0.9999999,1e-07,1e-07,1e-07,1e-07,1e-07
2022-08-18 16:23:33,1e-07,1e-07,1e-07,1e-07,1e-07,1e-07,1e-07,1e-07,1e-07,1e-07,1e-07,1e-07,1e-07,1e-07,1e-07,1e-07,1e-07,1e-07,1e-07,1e-07,1e-07,1e-07,1e-07,1e-07,1e-07,1e-07,1e-07,1e-07,1e-07,1e-07,1e-07,1e-07,1e-07,0.9999999,1e-07,1e-07,1e-07,1e-07,1e-07
2022-08-18 16:23:34,1e-07,1e-07,1e-07,1e-07,1e-07,1e-07,1e-07,1e-07,1e-07,1e-07,1e-07,1e-07,1e-07,1e-07,1e-07,1e-07,1e-07,1e-07,1e-07,1e-07,1e-07,1e-07,1e-07,1e-07,1e-07,1e-07,1e-07,1e-07,1e-07,1e-07,1e-07,1e-07,1e-07,0.9999999,1e-07,1e-07,1e-07,1e-07,1e-07
2022-08-18 16:23:35,1e-07,1e-07,1e-07,1e-07,1e-07,1e-07,1e-07,1e-07,1e-07,1e-07,1e-07,1e-07,1e-07,1e-07,1e-07,1e-07,1e-07,1e-07,1e-07,1e-07,1e-07,1e-07,1e-07,1e-07,1e-07,1e-07,1e-07,1e-07,1e-07,1e-07,1e-07,1e-07,1e-07,0.9999999,1e-07,1e-07,1e-07,1e-07,1e-07
2022-08-18 16:23:36,1e-07,1e-07,1e-07,1e-07,1e-07,1e-07,1e-07,1e-07,1e-07,1e-07,1e-07,1e-07,1e-07,1e-07,1e-07,1e-07,1e-07,1e-07,1e-07,1e-07,1e-07,1e-07,1e-07,1e-07,1e-07,1e-07,1e-07,1e-07,1e-07,1e-07,1e-07,1e-07,1e-07,0.9999999,1e-07,1e-07,1e-07,1e-07,1e-07
2022-08-18 16:23:37,1e-07,1e-07,1e-07,1e-07,1e-07,1e-07,1e-07,1e-07,1e-07,1e-07,1e-07,1e-07,1e-07,1e-07,1e-07,1e-07,1e-07,1e-07,1e-07,1e-07,1e-07,1e-07,1e-07,1e-07,1e-07,1e-07,1e-07,1e-07,1e-07,1e-07,1e-07,1e-07,1e-07,0.9999999,1e-07,1e-07,1e-07,1e-07,1e-07
2022-08-18 16:23:38,1e-07,1e-07,1e-07,1e-07,1e-07,1e-07,1e-07,1e-07,1e-07,1e-07,1e-07,1e-07,1e-07,1e-07,1e-07,1e-07,1e-07,1e-07,1e-07,1e-07,1e-07,1e-07,1e-07,1e-07,1e-07,1e-07,1e-07,1e-07,1e-07,1e-07,1e-07,1e-07,1e-07,0.9999999,1e-07,1e-07,1e-07,1e-07,1e-07
2022-08-18 16:23:39,1e-07,1e-07,1e-07,1e-07,1e-07,1e-07,1e-07,1e-07,1e-07,1e-07,1e-07,1e-07,1e-07,1e-07,1e-07,1e-07,1e-07,1e-07,1e-07,1e-07,1e-07,1e-07,1e-07,1e-07,1e-07,1e-07,1e-07,1e-07,1e-07,1e-07,1e-07,1e-07,1e-07,0.9999999,1e-07,1e-07,1e-07,1e-07,1e-07
2022-08-18 16:23:40,1e-07,1e-07,1e-07,1e-07,1e-07,1e-07,1e-07,1e-07,1e-07,1e-07,1e-07,1e-07,1e-07,1e-07,1e-07,1e-07,1e-07,1e-07,1e-07,1e-07,1e-07,1e-07,1e-07,1e-07,1e-07,1e-07,1e-07,1e-07,1e-07,1e-07,1e-07,1e-07,1e-07,0.9999999,1e-07,1e-07,1e-07,1e-07,1e-07
2022-08-18 16:23:41,1e-07,1e-07,1e-07,1e-07,1e-07,1e-07,1e-07,1e-07,1e-07,1e-07,1e-07,1e-07,1e-07,1e-07,1e-07,1e-07,1e-07,1e-07,1e-07,1e-07,1e-07,1e-07,1e-07,1e-07,1e-07,1e-07,1e-07,1e-07,1e-07,1e-07,1e-07,1e-07,1e-07,0.9999999,1e-07,1e-07,1e-07,1e-07,1e-07
2022-08-18 16:23:42,1e-07,1e-07,1e-07,1e-07,1e-07,1e-07,1e-07,1e-07,1e-07,1e-07,1e-07,1e-07,1e-07,1e-07,1e-07,1e-07,1e-07,1e-07,1e-07,1e-07,1e-07,1e-07,1e-07,1e-07,1e-07,1e-07,1e-07,1e-07,1e-07,1e-07,1e-07,1e-07,1e-07,0.9999999,1e-07,1e-07,1e-07,1e-07,1e-07
2022-08-18 16:23:43,1e-07,1e-07,1e-07,1e-07,1e-07,1e-07,1e-07,1e-07,1e-07,1e-07,1e-07,1e-07,1e-07,1e-07,1e-07,1e-07,1e-07,1e-07,1e-07,1e-07,1e-07,1e-07,1e-07,1e-07,1e-07,1e-07,1e-07,1e-07,1e-07,1e-07,1e-07,1e-07,1e-07,0.9999999,1e-07,1e-07,1e-07,1e-07,1e-07
2022-08-18 16:23:44,1e-07,1e-07,1e-07,1e-07,1e-07,1e-07,1e-07,1e-07,1e-07,1e-07,1e-07,1e-07,1e-07,1e-07,1e-07,1e-07,1e-07,1e-07,1e-07,1e-07,1e-07,1e-07,1e-07,1e-07,1e-07,1e-07,1e-07,1e-07,1e-07,1e-07,1e-07,1e-07,1e-07,0.9999999,1e-07,1e-07,1e-07,1e-07,1e-07
2022-08-18 16:23:45,1e-07,1e-07,1e-07,1e-07,1e-07,1e-07,1e-07,1e-07,1e-07,1e-07,1e-07,1e-07,1e-07,1e-07,1e-07,1e-07,1e-07,1e-07,1e-07,1e-07,1e-07,1e-07,1e-07,1e-07,1e-07,1e-07,1e-07,1e-07,1e-07,1e-07,1e-07,1e-07,1e-07,0.9999999,1e-07,1e-07,1e-07,1e-07,1e-07
2022-08-18 16:23:46,1e-07,1e-07,1e-07,1e-07,1e-07,1e-07,1e-07,1e-07,1e-07,1e-07,1e-07,1e-07,1e-07,1e-07,1e-07,1e-07,1e-07,1e-07,1e-07,1e-07,1e-07,1e-07,1e-07,1e-07,1e-07,1e-07,1e-07,1e-07,1e-07,1e-07,1e-07,1e-07,1e-07,0.9999999,1e-07,1e-07,1e-07,1e-07,1e-07
2022-08-18 16:23:47,1e-07,1e-07,1e-07,1e-07,1e-07,1e-07,1e-07,1e-07,1e-07,1e-07,1e-07,1e-07,1e-07,1e-07,1e-07,1e-07,1e-07,1e-07,1e-07,1e-07,1e-07,1e-07,1e-07,1e-07,1e-07,1e-07,1e-07,1e-07,1e-07,1e-07,1e-07,1e-07,1e-07,0.9999999,1e-07,1e-07,1e-07,1e-07,1e-07
2022-08-18 16:23:48,1e-07,1e-07,1e-07,1e-07,1e-07,1e-07,1e-07,1e-07,1e-07,1e-07,1e-07,1e-07,1e-07,1e-07,1e-07,1e-07,1e-07,1e-07,1e-07,1e-07,1e-07,1e-07,1e-07,1e-07,1e-07,1e-07,1e-07,1e-07,1e-07,1e-07,1e-07,1e-07,1e-07,0.9999999,1e-07,1e-07,1e-07,1e-07,1e-07
2022-08-18 16:23:49,1e-07,1e-07,1e-07,1e-07,1e-07,1e-07,1e-07,1e-07,1e-07,1e-07,1e-07,1e-07,1e-07,1e-07,1e-07,1e-07,1e-07,1e-07,1e-07,1e-07,1e-07,1e-07,1e-07,1e-07,1e-07,1e-07,1e-07,1e-07,1e-07,1e-07,1e-07,1e-07,1e-07,0.9999999,1e-07,1e-07,1e-07,1e-07,1e-07
2022-08-18 16:23:50,1e-07,1e-07,1e-07,1e-07,1e-07,1e-07,1e-07,1e-07,1e-07,1e-07,1e-07,1e-07,1e-07,1e-07,1e-07,1e-07,1e-07,1e-07,1e-07,1e-07,1e-07,1e-07,1e-07,1e-07,1e-07,1e-07,1e-07,1e-07,1e-07,1e-07,1e-07,1e-07,1e-07,0.9999999,1e-07,1e-07,1e-07,1e-07,1e-07
2022-08-18 16:23:51,1e-07,1e-07,1e-07,1e-07,1e-07,1e-07,1e-07,1e-07,1e-07,1e-07,1e-07,1e-07,1e-07,1e-07,1e-07,1e-07,1e-07,1e-07,1e-07,1e-07,1e-07,1e-07,1e-07,1e-07,1e-07,1e-07,1e-07,1e-07,1e-07,1e-07,1e-07,1e-07,1e-07,0.9999999,1e-07,1e-07,1e-07,1e-07,1e-07
2022-08-18 16:23:52,1e-07,1e-07,1e-07,1e-07,1e-07,1e-07,1e-07,1e-07,1e-07,1e-07,1e-07,1e-07,1e-07,1e-07,1e-07,1e-07,1e-07,1e-07,1e-07,1e-07,1e-07,1e-07,1e-07,1e-07,1e-07,1e-07,1e-07,1e-07,1e-07,1e-07,1e-07,1e-07,1e-07,0.9999999,1e-07,1e-07,1e-07,1e-07,1e-07
2022-08-18 16:23:53,1e-07,1e-07,1e-07,1e-07,1e-07,1e-07,1e-07,1e-07,1e-07,1e-07,1e-07,1e-07,1e-07,1e-07,1e-07,1e-07,1e-07,1e-07,1e-07,1e-07,1e-07,1e-07,1e-07,1e-07,1e-07,1e-07,1e-07,1e-07,1e-07,1e-07,1e-07,1e-07,1e-07,0.9999999,1e-07,1e-07,1e-07,1e-07,1e-07
2022-08-18 16:23:54,1e-07,1e-07,1e-07,1e-07,1e-07,1e-07,1e-07,1e-07,1e-07,1e-07,1e-07,1e-07,1e-07,1e-07,1e-07,1e-07,1e-07,1e-07,1e-07,1e-07,1e-07,1e-07,1e-07,1e-07,1e-07,1e-07,1e-07,1e-07,1e-07,1e-07,1e-07,1e-07,1e-07,0.9999999,1e-07,1e-07,1e-07,1e-07,1e-07
2022-08-18 16:23:55,1e-07,1e-07,1e-07,1e-07,1e-07,1e-07,1e-07,1e-07,1e-07,1e-07,1e-07,1e-07,1e-07,1e-07,1e-07,1e-07,1e-07,1e-07,1e-07,1e-07,1e-07,1e-07,1e-07,1e-07,1e-07,1e-07,1e-07,1e-07,1e-07,1e-07,1e-07,1e-07,1e-07,0.9999999,1e-07,1e-07,1e-07,1e-07,1e-07
2022-08-18 16:23:56,1e-07,1e-07,1e-07,1e-07,1e-07,1e-07,1e-07,1e-07,1e-07,1e-07,1e-07,1e-07,1e-07,1e-07,1e-07,1e-07,1e-07,1e-07,1e-07,1e-07,1e-07,1e-07,1e-07,1e-07,1e-07,1e-07,1e-07,1e-07,1e-07,1e-07,1e-07,1e-07,1e-07,0.9999999,1e-07,1e-07,1e-07,1e-07,1e-07
2022-08-18 16:23:57,1e-07,1e-07,1e-07,1e-07,1e-07,1e-07,1e-07,1e-07,1e-07,1e-07,1e-07,1e-07,1e-07,1e-07,1e-07,1e-07,1e-07,1e-07,1e-07,1e-07,1e-07,1e-07,1e-07,1e-07,1e-07,1e-07,1e-07,1e-07,1e-07,1e-07,1e-07,1e-07,1e-07,0.9999999,1e-07,1e-07,1e-07,1e-07,1e-07
2022-08-18 16:23:58,1e-07,1e-07,1e-07,1e-07,1e-07,1e-07,1e-07,1e-07,1e-07,1e-07,1e-07,1e-07,1e-07,1e-07,1e-07,1e-07,1e-07,1e-07,1e-07,1e-07,1e-07,1e-07,1e-07,1e-07,1e-07,1e-07,1e-07,1e-07,1e-07,1e-07,1e-07,1e-07,1e-07,0.9999999,1e-07,1e-07,1e-07,1e-07,1e-07
2022-08-18 16:23:59,1e-07,1e-07,1e-07,1e-07,1e-07,1e-07,1e-07,1e-07,1e-07,1e-07,1e-07,1e-07,1e-07,1e-07,1e-07,1e-07,1e-07,1e-07,1e-07,1e-07,1e-07,1e-07,1e-07,1e-07,1e-07,1e-07,1e-07,1e-07,1e-07,1e-07,1e-07,1e-07,1e-07,0.9999999,1e-07,1e-07,1e-07,1e-07,1e-07
2022-08-18 17:39:00,1e-07,1e-07,1e-07,1e-07,1e-07,1e-07,1e-07,1e-07,1e-07,1e-07,1e-07,1e-07,1e-07,1e-07,1e-07,1e-07,1e-07,1e-07,1e-07,1e-07,1e-07,1e-07,1e-07,1e-07,1e-07,1e-07,1e-07,1e-07,1e-07,1e-07,1e-07,1e-07,1e-07,1e-07,1e-07,1e-07,1e-07,0.9999999,1e-07
2022-08-18 17:39:01,1e-07,1e-07,1e-07,1e-07,1e-07,1e-07,1e-07,1e-07,1e-07,1e-07,1e-07,1e-07,1e-07,1e-07,1e-07,1e-07,1e-07,1e-07,1e-07,1e-07,1e-07,1e-07,1e-07,1e-07,1e-07,1e-07,1e-07,1e-07,1e-07,1e-07,1e-07,1e-07,1e-07,1e-07,1e-07,1e-07,1e-07,0.9999999,1e-07
2022-08-18 17:39:02,1e-07,1e-07,1e-07,1e-07,1e-07,1e-07,1e-07,1e-07,1e-07,1e-07,1e-07,1e-07,1e-07,1e-07,1e-07,1e-07,1e-07,1e-07,1e-07,1e-07,1e-07,1e-07,1e-07,1e-07,1e-07,1e-07,1e-07,1e-07,1e-07,1e-07,1e-07,1e-07,1e-07,1e-07,1e-07,1e-07,1e-07,0.9999999,1e-07
2022-08-18 17:39:03,1e-07,1e-07,1e-07,1e-07,1e-07,1e-07,1e-07,1e-07,1e-07,1e-07,1e-07,1e-07,1e-07,1e-07,1e-07,1e-07,1e-07,1e-07,1e-07,1e-07,1e-07,1e-07,1e-07,1e-07,1e-07,1e-07,1e-07,1e-07,1e-07,1e-07,1e-07,1e-07,1e-07,1e-07,1e-07,1e-07,1e-07,0.9999999,1e-07
2022-08-18 17:39:04,1e-07,1e-07,1e-07,1e-07,1e-07,1e-07,1e-07,1e-07,1e-07,1e-07,1e-07,1e-07,1e-07,1e-07,1e-07,1e-07,1e-07,1e-07,1e-07,1e-07,1e-07,1e-07,1e-07,1e-07,1e-07,1e-07,1e-07,1e-07,1e-07,1e-07,1e-07,1e-07,1e-07,1e-07,1e-07,1e-07,1e-07,0.9999999,1e-07
2022-08-18 17:39:05,1e-07,1e-07,1e-07,1e-07,1e-07,1e-07,1e-07,1e-07,1e-07,1e-07,1e-07,1e-07,1e-07,1e-07,1e-07,1e-07,1e-07,1e-07,1e-07,1e-07,1e-07,1e-07,1e-07,1e-07,1e-07,1e-07,1e-07,1e-07,1e-07,1e-07,1e-07,1e-07,1e-07,1e-07,1e-07,1e-07,1e-07,0.9999999,1e-07
2022-08-18 17:39:06,1e-07,1e-07,1e-07,1e-07,1e-07,1e-07,1e-07,1e-07,1e-07,1e-07,1e-07,1e-07,1e-07,1e-07,1e-07,1e-07,1e-07,1e-07,1e-07,1e-07,1e-07,1e-07,1e-07,1e-07,1e-07,1e-07,1e-07,1e-07,1e-07,1e-07,1e-07,1e-07,1e-07,1e-07,1e-07,1e-07,1e-07,0.9999999,1e-07
2022-08-18 17:39:07,1e-07,1e-07,1e-07,1e-07,1e-07,1e-07,1e-07,1e-07,1e-07,1e-07,1e-07,1e-07,1e-07,1e-07,1e-07,1e-07,1e-07,1e-07,1e-07,1e-07,1e-07,1e-07,1e-07,1e-07,1e-07,1e-07,1e-07,1e-07,1e-07,1e-07,1e-07,1e-07,1e-07,1e-07,1e-07,1e-07,1e-07,0.9999999,1e-07
2022-08-18 17:39:08,1e-07,1e-07,1e-07,1e-07,1e-07,1e-07,1e-07,1e-07,1e-07,1e-07,1e-07,1e-07,1e-07,1e-07,1e-07,1e-07,1e-07,1e-07,1e-07,1e-07,1e-07,1e-07,1e-07,1e-07,1e-07,1e-07,1e-07,1e-07,1e-07,1e-07,1e-07,1e-07,1e-07,1e-07,1e-07,1e-07,1e-07,0.9999999,1e-07
2022-08-18 17:39:09,1e-07,1e-07,1e-07,1e-07,1e-07,1e-07,1e-07,1e-07,1e-07,1e-07,1e-07,1e-07,1e-07,1e-07,1e-07,1e-07,1e-07,1e-07,1e-07,1e-07,1e-07,1e-07,1e-07,1e-07,1e-07,1e-07,1e-07,1e-07,1e-07,1e-07,1e-07,1e-07,1e-07,1e-07,1e-07,1e-07,1e-07,0.9999999,1e-07
2022-08-18 17:39:10,1e-07,1e-07,1e-07,1e-07,1e-07,1e-07,1e-07,1e-07,1e-07,1e-07,1e-07,1e-07,1e-07,1e-07,1e-07,1e-07,1e-07,1e-07,1e-07,1e-07,1e-07,1e-07,1e-07,1e-07,1e-07,1e-07,1e-07,1e-07,1e-07,1e-07,1e-07,1e-07,1e-07,1e-07,1e-07,1e-07,1e-07,0.9999999,1e-07
2022-08-18 17:39:11,1e-07,1e-07,1e-07,1e-07,1e-07,1e-07,1e-07,1e-07,1e-07,1e-07,1e-07,1e-07,1e-07,1e-07,1e-07,1e-07,1e-07,1e-07,1e-07,1e-07,1e-07,1e-07,1e-07,1e-07,1e-07,1e-07,1e-07,1e-07,1e-07,1e-07,1e-07,1e-07,1e-07,1e-07,1e-07,1e-07,1e-07,0.9999999,1e-07
2022-08-18 17:39:12,1e-07,1e-07,1e-07,1e-07,1e-07,1e-07,1e-07,1e-07,1e-07,1e-07,1e-07,1e-07,1e-07,1e-07,1e-07,1e-07,1e-07,1e-07,1e-07,1e-07,1e-07,1e-07,1e-07,1e-07,1e-07,1e-07,1e-07,1e-07,1e-07,1e-07,1e-07,1e-07,1e-07,1e-07,1e-07,1e-07,1e-07,0.9999999,1e-07
2022-08-18 17:39:13,1e-07,1e-07,1e-07,1e-07,1e-07,1e-07,1e-07,1e-07,1e-07,1e-07,1e-07,1e-07,1e-07,1e-07,1e-07,1e-07,1e-07,1e-07,1e-07,1e-07,1e-07,1e-07,1e-07,1e-07,1e-07,1e-07,1e-07,1e-07,1e-07,1e-07,1e-07,1e-07,1e-07,1e-07,1e-07,1e-07,1e-07,0.9999999,1e-07
2022-08-18 17:39:14,1e-07,1e-07,1e-07,1e-07,1e-07,1e-07,1e-07,1e-07,1e-07,1e-07,1e-07,1e-07,1e-07,1e-07,1e-07,1e-07,1e-07,1e-07,1e-07,1e-07,1e-07,1e-07,1e-07,1e-07,1e-07,1e-07,1e-07,1e-07,1e-07,1e-07,1e-07,1e-07,1e-07,1e-07,1e-07,1e-07,1e-07,0.9999999,1e-07
2022-08-18 17:39:15,1e-07,1e-07,1e-07,1e-07,1e-07,1e-07,1e-07,1e-07,1e-07,1e-07,1e-07,1e-07,1e-07,1e-07,1e-07,1e-07,1e-07,1e-07,1e-07,1e-07,1e-07,1e-07,1e-07,1e-07,1e-07,1e-07,1e-07,1e-07,1e-07,1e-07,1e-07,1e-07,1e-07,1e-07,1e-07,1e-07,1e-07,0.9999999,1e-07
2022-08-18 17:39:16,1e-07,1e-07,1e-07,1e-07,1e-07,1e-07,1e-07,1e-07,1e-07,1e-07,1e-07,1e-07,1e-07,1e-07,1e-07,1e-07,1e-07,1e-07,1e-07,1e-07,1e-07,1e-07,1e-07,1e-07,1e-07,1e-07,1e-07,1e-07,1e-07,1e-07,1e-07,1e-07,1e-07,1e-07,1e-07,1e-07,1e-07,0.9999999,1e-07
2022-08-18 17:39:17,1e-07,1e-07,1e-07,1e-07,1e-07,1e-07,1e-07,1e-07,1e-07,1e-07,1e-07,1e-07,1e-07,1e-07,1e-07,1e-07,1e-07,1e-07,1e-07,1e-07,1e-07,1e-07,1e-07,1e-07,1e-07,1e-07,1e-07,1e-07,1e-07,1e-07,1e-07,1e-07,1e-07,1e-07,1e-07,1e-07,1e-07,0.9999999,1e-07
2022-08-18 17:39:18,1e-07,1e-07,1e-07,1e-07,1e-07,1e-07,1e-07,1e-07,1e-07,1e-07,1e-07,1e-07,1e-07,1e-07,1e-07,1e-07,1e-07,1e-07,1e-07,1e-07,1e-07,1e-07,1e-07,1e-07,1e-07,1e-07,1e-07,1e-07,1e-07,1e-07,1e-07,1e-07,1e-07,1e-07,1e-07,1e-07,1e-07,0.9999999,1e-07
2022-08-18 17:39:19,1e-07,1e-07,1e-07,1e-07,1e-07,1e-07,1e-07,1e-07,1e-07,1e-07,1e-07,1e-07,1e-07,1e-07,1e-07,1e-07,1e-07,1e-07,1e-07,1e-07,1e-07,1e-07,1e-07,1e-07,1e-07,1e-07,1e-07,1e-07,1e-07,1e-07,1e-07,1e-07,1e-07,1e-07,1e-07,1e-07,1e-07,0.9999999,1e-07
2022-08-18 17:39:20,1e-07,1e-07,1e-07,1e-07,1e-07,1e-07,1e-07,1e-07,1e-07,1e-07,1e-07,1e-07,1e-07,1e-07,1e-07,1e-07,1e-07,1e-07,1e-07,1e-07,1e-07,1e-07,1e-07,1e-07,1e-07,1e-07,1e-07,1e-07,1e-07,1e-07,1e-07,1e-07,1e-07,1e-07,1e-07,1e-07,1e-07,0.9999999,1e-07
2022-08-18 17:39:21,1e-07,1e-07,1e-07,1e-07,1e-07,1e-07,1e-07,1e-07,1e-07,1e-07,1e-07,1e-07,1e-07,1e-07,1e-07,1e-07,1e-07,1e-07,1e-07,1e-07,1e-07,1e-07,1e-07,1e-07,1e-07,1e-07,1e-07,1e-07,1e-07,1e-07,1e-07,1e-07,1e-07,1e-07,1e-07,1e-07,1e-07,0.9999999,1e-07
2022-08-18 17:39:22,1e-07,1e-07,1e-07,1e-07,1e-07,1e-07,1e-07,1e-07,1e-07,1e-07,1e-07,1e-07,1e-07,1e-07,1e-07,1e-07,1e-07,1e-07,1e-07,1e-07,1e-07,1e-07,1e-07,1e-07,1e-07,1e-07,1e-07,1e-07,1e-07,1e-07,1e-07,1e-07,1e-07,1e-07,1e-07,1e-07,1e-07,0.9999999,1e-07
2022-08-18 17:39:23,1e-07,1e-07,1e-07,1e-07,1e-07,1e-07,1e-07,1e-07,1e-07,1e-07,1e-07,1e-07,1e-07,1e-07,1e-07,1e-07,1e-07,1e-07,1e-07,1e-07,1e-07,1e-07,1e-07,1e-07,1e-07,1e-07,1e-07,1e-07,1e-07,1e-07,1e-07,1e-07,1e-07,1e-07,1e-07,1e-07,1e-07,0.9999999,1e-07
2022-08-18 17:39:24,1e-07,1e-07,1e-07,1e-07,1e-07,1e-07,1e-07,1e-07,1e-07,1e-07,1e-07,1e-07,1e-07,1e-07,1e-07,1e-07,1e-07,1e-07,1e-07,1e-07,1e-07,1e-07,1e-07,1e-07,1e-07,1e-07,1e-07,1e-07,1e-07,1e-07,1e-07,1e-07,1e-07,1e-07,1e-07,1e-07,1e-07,0.9999999,1e-07
2022-08-18 17:39:25,1e-07,1e-07,1e-07,1e-07,1e-07,1e-07,1e-07,1e-07,1e-07,1e-07,1e-07,1e-07,1e-07,1e-07,1e-07,1e-07,1e-07,1e-07,1e-07,1e-07,1e-07,1e-07,1e-07,1e-07,1e-07,1e-07,1e-07,1e-07,1e-07,1e-07,1e-07,1e-07,1e-07,1e-07,1e-07,1e-07,1e-07,0.9999999,1e-07
2022-08-18 17:39:26,1e-07,1e-07,1e-07,1e-07,1e-07,1e-07,1e-07,1e-07,1e-07,1e-07,1e-07,1e-07,1e-07,1e-07,1e-07,1e-07,1e-07,1e-07,1e-07,1e-07,1e-07,1e-07,1e-07,1e-07,1e-07,1e-07,1e-07,1e-07,1e-07,1e-07,1e-07,1e-07,1e-07,1e-07,1e-07,1e-07,1e-07,0.9999999,1e-07
2022-08-18 17:39:27,1e-07,1e-07,1e-07,1e-07,1e-07,1e-07,1e-07,1e-07,1e-07,1e-07,1e-07,1e-07,1e-07,1e-07,1e-07,1e-07,1e-07,1e-07,1e-07,1e-07,1e-07,1e-07,1e-07,1e-07,1e-07,1e-07,1e-07,1e-07,1e-07,1e-07,1e-07,1e-07,1e-07,1e-07,1e-07,1e-07,1e-07,0.9999999,1e-07
2022-08-18 17:39:28,1e-07,1e-07,1e-07,1e-07,1e-07,1e-07,1e-07,1e-07,1e-07,1e-07,1e-07,1e-07,1e-07,1e-07,1e-07,1e-07,1e-07,1e-07,1e-07,1e-07,1e-07,1e-07,1e-07,1e-07,1e-07,1e-07,1e-07,1e-07,1e-07,1e-07,1e-07,1e-07,1e-07,1e-07,1e-07,1e-07,1e-07,0.9999999,1e-07
2022-08-18 17:39:29,1e-07,1e-07,1e-07,1e-07,1e-07,1e-07,1e-07,1e-07,1e-07,1e-07,1e-07,1e-07,1e-07,1e-07,1e-07,1e-07,1e-07,1e-07,1e-07,1e-07,1e-07,1e-07,1e-07,1e-07,1e-07,1e-07,1e-07,1e-07,1e-07,1e-07,1e-07,1e-07,1e-07,1e-07,1e-07,1e-07,1e-07,0.9999999,1e-07
2022-08-18 17:39:30,1e-07,1e-07,1e-07,1e-07,1e-07,1e-07,1e-07,1e-07,1e-07,1e-07,1e-07,1e-07,1e-07,1e-07,1e-07,1e-07,1e-07,1e-07,1e-07,1e-07,1e-07,1e-07,1e-07,1e-07,1e-07,1e-07,1e-07,1e-07,1e-07,1e-07,1e-07,1e-07,1e-07,1e-07,1e-07,1e-07,1e-07,0.9999999,1e-07
2022-08-18 17:39:31,1e-07,1e-07,1e-07,1e-07,1e-07,1e-07,1e-07,1e-07,1e-07,1e-07,1e-07,1e-07,1e-07,1e-07,1e-07,1e-07,1e-07,1e-07,1e-07,1e-07,1e-07,1e-07,1e-07,1e-07,1e-07,1e-07,1e-07,1e-07,1e-07,1e-07,1e-07,1e-07,1e-07,1e-07,1e-07,1e-07,1e-07,0.9999999,1e-07
2022-08-18 17:39:32,1e-07,1e-07,1e-07,1e-07,1e-07,1e-07,1e-07,1e-07,1e-07,1e-07,1e-07,1e-07,1e-07,1e-07,1e-07,1e-07,1e-07,1e-07,1e-07,1e-07,1e-07,1e-07,1e-07,1e-07,1e-07,1e-07,1e-07,1e-07,1e-07,1e-07,1e-07,1e-07,1e-07,1e-07,1e-07,1e-07,1e-07,0.9999999,1e-07
2022-08-18 17:39:33,1e-07,1e-07,1e-07,1e-07,1e-07,1e-07,1e-07,1e-07,1e-07,1e-07,1e-07,1e-07,1e-07,1e-07,1e-07,1e-07,1e-07,1e-07,1e-07,1e-07,1e-07,1e-07,1e-07,1e-07,1e-07,1e-07,1e-07,1e-07,1e-07,1e-07,1e-07,1e-07,1e-07,1e-07,1e-07,1e-07,1e-07,0.9999999,1e-07
2022-08-18 17:39:34,1e-07,1e-07,1e-07,1e-07,1e-07,1e-07,1e-07,1e-07,1e-07,1e-07,1e-07,1e-07,1e-07,1e-07,1e-07,1e-07,1e-07,1e-07,1e-07,1e-07,1e-07,1e-07,1e-07,1e-07,1e-07,1e-07,1e-07,1e-07,1e-07,1e-07,1e-07,1e-07,1e-07,1e-07,1e-07,1e-07,1e-07,0.9999999,1e-07
2022-08-18 17:39:35,1e-07,1e-07,1e-07,1e-07,1e-07,1e-07,1e-07,1e-07,1e-07,1e-07,1e-07,1e-07,1e-07,1e-07,1e-07,1e-07,1e-07,1e-07,1e-07,1e-07,1e-07,1e-07,1e-07,1e-07,1e-07,1e-07,1e-07,1e-07,1e-07,1e-07,1e-07,1e-07,1e-07,1e-07,1e-07,1e-07,1e-07,0.9999999,1e-07
2022-08-18 17:39:36,1e-07,1e-07,1e-07,1e-07,1e-07,1e-07,1e-07,1e-07,1e-07,1e-07,1e-07,1e-07,1e-07,1e-07,1e-07,1e-07,1e-07,1e-07,1e-07,1e-07,1e-07,1e-07,1e-07,1e-07,1e-07,1e-07,1e-07,1e-07,1e-07,1e-07,1e-07,1e-07,1e-07,1e-07,1e-07,1e-07,1e-07,0.9999999,1e-07
2022-08-18 17:39:37,1e-07,1e-07,1e-07,1e-07,1e-07,1e-07,1e-07,1e-07,1e-07,1e-07,1e-07,1e-07,1e-07,1e-07,1e-07,1e-07,1e-07,1e-07,1e-07,1e-07,1e-07,1e-07,1e-07,1e-07,1e-07,1e-07,1e-07,1e-07,1e-07,1e-07,1e-07,1e-07,1e-07,1e-07,1e-07,1e-07,1e-07,0.9999999,1e-07
2022-08-18 17:39:38,1e-07,1e-07,1e-07,1e-07,1e-07,1e-07,1e-07,1e-07,1e-07,1e-07,1e-07,1e-07,1e-07,1e-07,1e-07,1e-07,1e-07,1e-07,1e-07,1e-07,1e-07,1e-07,1e-07,1e-07,1e-07,1e-07,1e-07,1e-07,1e-07,1e-07,1e-07,1e-07,1e-07,1e-07,1e-07,1e-07,1e-07,0.9999999,1e-07
2022-08-18 17:39:39,1e-07,1e-07,1e-07,1e-07,1e-07,1e-07,1e-07,1e-07,1e-07,1e-07,1e-07,1e-07,1e-07,1e-07,1e-07,1e-07,1e-07,1e-07,1e-07,1e-07,1e-07,1e-07,1e-07,1e-07,1e-07,1e-07,1e-07,1e-07,1e-07,1e-07,1e-07,1e-07,1e-07,1e-07,1e-07,1e-07,1e-07,0.9999999,1e-07
2022-08-18 17:39:40,1e-07,1e-07,1e-07,1e-07,1e-07,1e-07,1e-07,1e-07,1e-07,1e-07,1e-07,1e-07,1e-07,1e-07,1e-07,1e-07,1e-07,1e-07,1e-07,1e-07,1e-07,1e-07,1e-07,1e-07,1e-07,1e-07,1e-07,1e-07,1e-07,1e-07,1e-07,1e-07,1e-07,1e-07,1e-07,1e-07,1e-07,0.9999999,1e-07
2022-08-18 17:39:41,1e-07,1e-07,1e-07,1e-07,1e-07,1e-07,1e-07,1e-07,1e-07,1e-07,1e-07,1e-07,1e-07,1e-07,1e-07,1e-07,1e-07,1e-07,1e-07,1e-07,1e-07,1e-07,1e-07,1e-07,1e-07,1e-07,1e-07,1e-07,1e-07,1e-07,1e-07,1e-07,1e-07,1e-07,1e-07,1e-07,1e-07,0.9999999,1e-07
2022-08-18 17:39:42,1e-07,1e-07,1e-07,1e-07,1e-07,1e-07,1e-07,1e-07,1e-07,1e-07,1e-07,1e-07,1e-07,1e-07,1e-07,1e-07,1e-07,1e-07,1e-07,1e-07,1e-07,1e-07,1e-07,1e-07,1e-07,1e-07,1e-07,1e-07,1e-07,1e-07,1e-07,1e-07,1e-07,1e-07,1e-07,1e-07,1e-07,0.9999999,1e-07
2022-08-18 17:39:43,1e-07,1e-07,1e-07,1e-07,1e-07,1e-07,1e-07,1e-07,1e-07,1e-07,1e-07,1e-07,1e-07,1e-07,1e-07,1e-07,1e-07,1e-07,1e-07,1e-07,1e-07,1e-07,1e-07,1e-07,1e-07,1e-07,1e-07,1e-07,1e-07,1e-07,1e-07,1e-07,1e-07,1e-07,1e-07,1e-07,1e-07,0.9999999,1e-07
2022-08-18 17:39:44,1e-07,1e-07,1e-07,1e-07,1e-07,1e-07,1e-07,1e-07,1e-07,1e-07,1e-07,1e-07,1e-07,1e-07,1e-07,1e-07,1e-07,1e-07,1e-07,1e-07,1e-07,1e-07,1e-07,1e-07,1e-07,1e-07,1e-07,1e-07,1e-07,1e-07,1e-07,1e-07,1e-07,1e-07,1e-07,1e-07,1e-07,0.9999999,1e-07
2022-08-18 17:39:45,1e-07,1e-07,1e-07,1e-07,1e-07,1e-07,1e-07,1e-07,1e-07,1e-07,1e-07,1e-07,1e-07,1e-07,1e-07,1e-07,1e-07,1e-07,1e-07,1e-07,1e-07,1e-07,1e-07,1e-07,1e-07,1e-07,1e-07,1e-07,1e-07,1e-07,1e-07,1e-07,1e-07,1e-07,1e-07,1e-07,1e-07,0.9999999,1e-07
2022-08-18 17:39:46,1e-07,1e-07,1e-07,1e-07,1e-07,1e-07,1e-07,1e-07,1e-07,1e-07,1e-07,1e-07,1e-07,1e-07,1e-07,1e-07,1e-07,1e-07,1e-07,1e-07,1e-07,1e-07,1e-07,1e-07,1e-07,1e-07,1e-07,1e-07,1e-07,1e-07,1e-07,1e-07,1e-07,1e-07,1e-07,1e-07,1e-07,0.9999999,1e-07
2022-08-18 17:39:47,1e-07,1e-07,1e-07,1e-07,1e-07,1e-07,1e-07,1e-07,1e-07,1e-07,1e-07,1e-07,1e-07,1e-07,1e-07,1e-07,1e-07,1e-07,1e-07,1e-07,1e-07,1e-07,1e-07,1e-07,1e-07,1e-07,1e-07,1e-07,1e-07,1e-07,1e-07,1e-07,1e-07,1e-07,1e-07,1e-07,1e-07,0.9999999,1e-07
2022-08-18 17:39:48,1e-07,1e-07,1e-07,1e-07,1e-07,1e-07,1e-07,1e-07,1e-07,1e-07,1e-07,1e-07,1e-07,1e-07,1e-07,1e-07,1e-07,1e-07,1e-07,1e-07,1e-07,1e-07,1e-07,1e-07,1e-07,1e-07,1e-07,1e-07,1e-07,1e-07,1e-07,1e-07,1e-07,1e-07,1e-07,1e-07,1e-07,0.9999999,1e-07
2022-08-18 17:39:49,1e-07,1e-07,1e-07,1e-07,1e-07,1e-07,1e-07,1e-07,1e-07,1e-07,1e-07,1e-07,1e-07,1e-07,1e-07,1e-07,1e-07,1e-07,1e-07,1e-07,1e-07,1e-07,1e-07,1e-07,1e-07,1e-07,1e-07,1e-07,1e-07,1e-07,1e-07,1e-07,1e-07,1e-07,1e-07,1e-07,1e-07,0.9999999,1e-07
2022-08-18 17:39:50,1e-07,1e-07,1e-07,1e-07,1e-07,1e-07,1e-07,1e-07,1e-07,1e-07,1e-07,1e-07,1e-07,1e-07,1e-07,1e-07,1e-07,1e-07,1e-07,1e-07,1e-07,1e-07,1e-07,1e-07,1e-07,1e-07,1e-07,1e-07,1e-07,1e-07,1e-07,1e-07,1e-07,1e-07,1e-07,1e-07,1e-07,0.9999999,1e-07
2022-08-18 17:39:51,1e-07,1e-07,1e-07,1e-07,1e-07,1e-07,1e-07,1e-07,1e-07,1e-07,1e-07,1e-07,1e-07,1e-07,1e-07,1e-07,1e-07,1e-07,1e-07,1e-07,1e-07,1e-07,1e-07,1e-07,1e-07,1e-07,1e-07,1e-07,1e-07,1e-07,1e-07,1e-07,1e-07,1e-07,1e-07,1e-07,1e-07,0.9999999,1e-07
2022-08-18 17:39:52,1e-07,1e-07,1e-07,1e-07,1e-07,1e-07,1e-07,1e-07,1e-07,1e-07,1e-07,1e-07,1e-07,1e-07,1e-07,1e-07,1e-07,1e-07,1e-07,1e-07,1e-07,1e-07,1e-07,1e-07,1e-07,1e-07,1e-07,1e-07,1e-07,1e-07,1e-07,1e-07,1e-07,1e-07,1e-07,1e-07,1e-07,0.9999999,1e-07
2022-08-18 17:39:53,1e-07,1e-07,1e-07,1e-07,1e-07,1e-07,1e-07,1e-07,1e-07,1e-07,1e-07,1e-07,1e-07,1e-07,1e-07,1e-07,1e-07,1e-07,1e-07,1e-07,1e-07,1e-07,1e-07,1e-07,1e-07,1e-07,1e-07,1e-07,1e-07,1e-07,1e-07,1e-07,1e-07,1e-07,1e-07,1e-07,1e-07,0.9999999,1e-07
2022-08-18 17:39:54,1e-07,1e-07,1e-07,1e-07,1e-07,1e-07,1e-07,1e-07,1e-07,1e-07,1e-07,1e-07,1e-07,1e-07,1e-07,1e-07,1e-07,1e-07,1e-07,1e-07,1e-07,1e-07,1e-07,1e-07,1e-07,1e-07,1e-07,1e-07,1e-07,1e-07,1e-07,1e-07,1e-07,1e-07,1e-07,1e-07,1e-07,0.9999999,1e-07
2022-08-18 17:39:55,1e-07,1e-07,1e-07,1e-07,1e-07,1e-07,1e-07,1e-07,1e-07,1e-07,1e-07,1e-07,1e-07,1e-07,1e-07,1e-07,1e-07,1e-07,1e-07,1e-07,1e-07,1e-07,1e-07,1e-07,1e-07,1e-07,1e-07,1e-07,1e-07,1e-07,1e-07,1e-07,1e-07,1e-07,1e-07,1e-07,1e-07,0.9999999,1e-07
2022-08-18 17:39:56,1e-07,1e-07,1e-07,1e-07,1e-07,1e-07,1e-07,1e-07,1e-07,1e-07,1e-07,1e-07,1e-07,1e-07,1e-07,1e-07,1e-07,1e-07,1e-07,1e-07,1e-07,1e-07,1e-07,1e-07,1e-07,1e-07,1e-07,1e-07,1e-07,1e-07,1e-07,1e-07,1e-07,1e-07,1e-07,1e-07,1e-07,0.9999999,1e-07
2022-08-18 17:39:57,1e-07,1e-07,1e-07,1e-07,1e-07,1e-07,1e-07,1e-07,1e-07,1e-07,1e-07,1e-07,1e-07,1e-07,1e-07,1e-07,1e-07,1e-07,1e-07,1e-07,1e-07,1e-07,1e-07,1e-07,1e-07,1e-07,1e-07,1e-07,1e-07,1e-07,1e-07,1e-07,1e-07,1e-07,1e-07,1e-07,1e-07,0.9999999,1e-07
2022-08-18 17:39:58,1e-07,1e-07,1e-07,1e-07,1e-07,1e-07,1e-07,1e-07,1e-07,1e-07,1e-07,1e-07,1e-07,1e-07,1e-07,1e-07,1e-07,1e-07,1e-07,1e-07,1e-07,1e-07,1e-07,1e-07,1e-07,1e-07,1e-07,1e-07,1e-07,1e-07,1e-07,1e-07,1e-07,1e-07,1e-07,1e-07,1e-07,0.9999999,1e-07
2022-08-18 17:39:59,1e-07,1e-07,1e-07,1e-07,1e-07,1e-07,1e-07,1e-07,1e-07,1e-07,1e-07,1e-07,1e-07,1e-07,1e-07,1e-07,1e-07,1e-07,1e-07,1e-07,1e-07,1e-07,1e-07,1e-07,1e-07,1e-07,1e-07,1e-07,1e-07,1e-07,1e-07,1e-07,1e-07,1e-07,1e-07,1e-07,1e-07,0.9999999,1e-07
2022-08-18 18:46:00,1e-07,1e-07,1e-07,1e-07,1e-07,1e-07,1e-07,1e-07,1e-07,1e-07,0.9999999,1e-07,1e-07,1e-07,1e-07,1e-07,1e-07,1e-07,1e-07,1e-07,1e-07,1e-07,0.9999999,1e-07,1e-07,1e-07,1e-07,1e-07,1e-07,1e-07,1e-07,1e-07,1e-07,1e-07,1e-07,1e-07,1e-07,1e-07,1e-07
2022-08-18 18:46:01,1e-07,1e-07,1e-07,1e-07,1e-07,1e-07,1e-07,1e-07,1e-07,1e-07,0.9999999,1e-07,1e-07,1e-07,1e-07,1e-07,1e-07,1e-07,1e-07,1e-07,1e-07,1e-07,0.9999999,1e-07,1e-07,1e-07,1e-07,1e-07,1e-07,1e-07,1e-07,1e-07,1e-07,1e-07,1e-07,1e-07,1e-07,1e-07,1e-07
2022-08-18 18:46:02,1e-07,1e-07,1e-07,1e-07,1e-07,1e-07,1e-07,1e-07,1e-07,1e-07,0.9999999,1e-07,1e-07,1e-07,1e-07,1e-07,1e-07,1e-07,1e-07,1e-07,1e-07,1e-07,0.9999999,1e-07,1e-07,1e-07,1e-07,1e-07,1e-07,1e-07,1e-07,1e-07,1e-07,1e-07,1e-07,1e-07,1e-07,1e-07,1e-07
2022-08-18 18:46:03,1e-07,1e-07,1e-07,1e-07,1e-07,1e-07,1e-07,1e-07,1e-07,1e-07,0.9999999,1e-07,1e-07,1e-07,1e-07,1e-07,1e-07,1e-07,1e-07,1e-07,1e-07,1e-07,0.9999999,1e-07,1e-07,1e-07,1e-07,1e-07,1e-07,1e-07,1e-07,1e-07,1e-07,1e-07,1e-07,1e-07,1e-07,1e-07,1e-07
2022-08-18 18:46:04,1e-07,1e-07,1e-07,1e-07,1e-07,1e-07,1e-07,1e-07,1e-07,1e-07,0.9999999,1e-07,1e-07,1e-07,1e-07,1e-07,1e-07,1e-07,1e-07,1e-07,1e-07,1e-07,0.9999999,1e-07,1e-07,1e-07,1e-07,1e-07,1e-07,1e-07,1e-07,1e-07,1e-07,1e-07,1e-07,1e-07,1e-07,1e-07,1e-07
2022-08-18 18:46:05,1e-07,1e-07,1e-07,1e-07,1e-07,1e-07,1e-07,1e-07,1e-07,1e-07,0.9999999,1e-07,1e-07,1e-07,1e-07,1e-07,1e-07,1e-07,1e-07,1e-07,1e-07,1e-07,0.9999999,1e-07,1e-07,1e-07,1e-07,1e-07,1e-07,1e-07,1e-07,1e-07,1e-07,1e-07,1e-07,1e-07,1e-07,1e-07,1e-07
2022-08-18 18:46:06,1e-07,1e-07,1e-07,1e-07,1e-07,1e-07,1e-07,1e-07,1e-07,1e-07,0.9999999,1e-07,1e-07,1e-07,1e-07,1e-07,1e-07,1e-07,1e-07,1e-07,1e-07,1e-07,0.9999999,1e-07,1e-07,1e-07,1e-07,1e-07,1e-07,1e-07,1e-07,1e-07,1e-07,1e-07,1e-07,1e-07,1e-07,1e-07,1e-07
2022-08-18 18:46:07,1e-07,1e-07,1e-07,1e-07,1e-07,1e-07,1e-07,1e-07,1e-07,1e-07,0.9999999,1e-07,1e-07,1e-07,1e-07,1e-07,1e-07,1e-07,1e-07,1e-07,1e-07,1e-07,0.9999999,1e-07,1e-07,1e-07,1e-07,1e-07,1e-07,1e-07,1e-07,1e-07,1e-07,1e-07,1e-07,1e-07,1e-07,1e-07,1e-07
2022-08-18 18:46:08,1e-07,1e-07,1e-07,1e-07,1e-07,1e-07,1e-07,1e-07,1e-07,1e-07,0.9999999,1e-07,1e-07,1e-07,1e-07,1e-07,1e-07,1e-07,1e-07,1e-07,1e-07,1e-07,0.9999999,1e-07,1e-07,1e-07,1e-07,1e-07,1e-07,1e-07,1e-07,1e-07,1e-07,1e-07,1e-07,1e-07,1e-07,1e-07,1e-07
2022-08-18 18:46:09,1e-07,1e-07,1e-07,1e-07,1e-07,1e-07,1e-07,1e-07,1e-07,1e-07,0.9999999,1e-07,1e-07,1e-07,1e-07,1e-07,1e-07,1e-07,1e-07,1e-07,1e-07,1e-07,0.9999999,1e-07,1e-07,1e-07,1e-07,1e-07,1e-07,1e-07,1e-07,1e-07,1e-07,1e-07,1e-07,1e-07,1e-07,1e-07,1e-07
2022-08-18 18:46:10,1e-07,1e-07,1e-07,1e-07,1e-07,1e-07,1e-07,1e-07,1e-07,1e-07,0.9999999,1e-07,1e-07,1e-07,1e-07,1e-07,1e-07,1e-07,1e-07,1e-07,1e-07,1e-07,0.9999999,1e-07,1e-07,1e-07,1e-07,1e-07,1e-07,1e-07,1e-07,1e-07,1e-07,1e-07,1e-07,1e-07,1e-07,1e-07,1e-07
2022-08-18 18:46:11,1e-07,1e-07,1e-07,1e-07,1e-07,1e-07,1e-07,1e-07,1e-07,1e-07,0.9999999,1e-07,1e-07,1e-07,1e-07,1e-07,1e-07,1e-07,1e-07,1e-07,1e-07,1e-07,0.9999999,1e-07,1e-07,1e-07,1e-07,1e-07,1e-07,1e-07,1e-07,1e-07,1e-07,1e-07,1e-07,1e-07,1e-07,1e-07,1e-07
2022-08-18 18:46:12,1e-07,1e-07,1e-07,1e-07,1e-07,1e-07,1e-07,1e-07,1e-07,1e-07,0.9999999,1e-07,1e-07,1e-07,1e-07,1e-07,1e-07,1e-07,1e-07,1e-07,1e-07,1e-07,0.9999999,1e-07,1e-07,1e-07,1e-07,1e-07,1e-07,1e-07,1e-07,1e-07,1e-07,1e-07,1e-07,1e-07,1e-07,1e-07,1e-07
2022-08-18 18:46:13,1e-07,1e-07,1e-07,1e-07,1e-07,1e-07,1e-07,1e-07,1e-07,1e-07,0.9999999,1e-07,1e-07,1e-07,1e-07,1e-07,1e-07,1e-07,1e-07,1e-07,1e-07,1e-07,0.9999999,1e-07,1e-07,1e-07,1e-07,1e-07,1e-07,1e-07,1e-07,1e-07,1e-07,1e-07,1e-07,1e-07,1e-07,1e-07,1e-07
2022-08-18 18:46:14,1e-07,1e-07,1e-07,1e-07,1e-07,1e-07,1e-07,1e-07,1e-07,1e-07,0.9999999,1e-07,1e-07,1e-07,1e-07,1e-07,1e-07,1e-07,1e-07,1e-07,1e-07,1e-07,0.9999999,1e-07,1e-07,1e-07,1e-07,1e-07,1e-07,1e-07,1e-07,1e-07,1e-07,1e-07,1e-07,1e-07,1e-07,1e-07,1e-07
2022-08-18 18:46:15,1e-07,1e-07,1e-07,1e-07,1e-07,1e-07,1e-07,1e-07,1e-07,1e-07,0.9999999,1e-07,1e-07,1e-07,1e-07,1e-07,1e-07,1e-07,1e-07,1e-07,1e-07,1e-07,0.9999999,1e-07,1e-07,1e-07,1e-07,1e-07,1e-07,1e-07,1e-07,1e-07,1e-07,1e-07,1e-07,1e-07,1e-07,1e-07,1e-07
2022-08-18 18:46:16,1e-07,1e-07,1e-07,1e-07,1e-07,1e-07,1e-07,1e-07,1e-07,1e-07,0.9999999,1e-07,1e-07,1e-07,1e-07,1e-07,1e-07,1e-07,1e-07,1e-07,1e-07,1e-07,0.9999999,1e-07,1e-07,1e-07,1e-07,1e-07,1e-07,1e-07,1e-07,1e-07,1e-07,1e-07,1e-07,1e-07,1e-07,1e-07,1e-07
2022-08-18 18:46:17,1e-07,1e-07,1e-07,1e-07,1e-07,1e-07,1e-07,1e-07,1e-07,1e-07,0.9999999,1e-07,1e-07,1e-07,1e-07,1e-07,1e-07,1e-07,1e-07,1e-07,1e-07,1e-07,0.9999999,1e-07,1e-07,1e-07,1e-07,1e-07,1e-07,1e-07,1e-07,1e-07,1e-07,1e-07,1e-07,1e-07,1e-07,1e-07,1e-07
2022-08-18 18:46:18,1e-07,1e-07,1e-07,1e-07,1e-07,1e-07,1e-07,1e-07,1e-07,1e-07,0.9999999,1e-07,1e-07,1e-07,1e-07,1e-07,1e-07,1e-07,1e-07,1e-07,1e-07,1e-07,0.9999999,1e-07,1e-07,1e-07,1e-07,1e-07,1e-07,1e-07,1e-07,1e-07,1e-07,1e-07,1e-07,1e-07,1e-07,1e-07,1e-07
2022-08-18 18:46:19,1e-07,1e-07,1e-07,1e-07,1e-07,1e-07,1e-07,1e-07,1e-07,1e-07,0.9999999,1e-07,1e-07,1e-07,1e-07,1e-07,1e-07,1e-07,1e-07,1e-07,1e-07,1e-07,0.9999999,1e-07,1e-07,1e-07,1e-07,1e-07,1e-07,1e-07,1e-07,1e-07,1e-07,1e-07,1e-07,1e-07,1e-07,1e-07,1e-07
2022-08-18 18:46:20,1e-07,1e-07,1e-07,1e-07,1e-07,1e-07,1e-07,1e-07,1e-07,1e-07,0.9999999,1e-07,1e-07,1e-07,1e-07,1e-07,1e-07,1e-07,1e-07,1e-07,1e-07,1e-07,0.9999999,1e-07,1e-07,1e-07,1e-07,1e-07,1e-07,1e-07,1e-07,1e-07,1e-07,1e-07,1e-07,1e-07,1e-07,1e-07,1e-07
2022-08-18 18:46:21,1e-07,1e-07,1e-07,1e-07,1e-07,1e-07,1e-07,1e-07,1e-07,1e-07,0.9999999,1e-07,1e-07,1e-07,1e-07,1e-07,1e-07,1e-07,1e-07,1e-07,1e-07,1e-07,0.9999999,1e-07,1e-07,1e-07,1e-07,1e-07,1e-07,1e-07,1e-07,1e-07,1e-07,1e-07,1e-07,1e-07,1e-07,1e-07,1e-07
2022-08-18 18:46:22,1e-07,1e-07,1e-07,1e-07,1e-07,1e-07,1e-07,1e-07,1e-07,1e-07,0.9999999,1e-07,1e-07,1e-07,1e-07,1e-07,1e-07,1e-07,1e-07,1e-07,1e-07,1e-07,0.9999999,1e-07,1e-07,1e-07,1e-07,1e-07,1e-07,1e-07,1e-07,1e-07,1e-07,1e-07,1e-07,1e-07,1e-07,1e-07,1e-07
2022-08-18 18:46:23,1e-07,1e-07,1e-07,1e-07,1e-07,1e-07,1e-07,1e-07,1e-07,1e-07,0.9999999,1e-07,1e-07,1e-07,1e-07,1e-07,1e-07,1e-07,1e-07,1e-07,1e-07,1e-07,0.9999999,1e-07,1e-07,1e-07,1e-07,1e-07,1e-07,1e-07,1e-07,1e-07,1e-07,1e-07,1e-07,1e-07,1e-07,1e-07,1e-07
2022-08-18 18:46:24,1e-07,1e-07,1e-07,1e-07,1e-07,1e-07,1e-07,1e-07,1e-07,1e-07,0.9999999,1e-07,1e-07,1e-07,1e-07,1e-07,1e-07,1e-07,1e-07,1e-07,1e-07,1e-07,0.9999999,1e-07,1e-07,1e-07,1e-07,1e-07,1e-07,1e-07,1e-07,1e-07,1e-07,1e-07,1e-07,1e-07,1e-07,1e-07,1e-07
2022-08-18 18:46:25,1e-07,1e-07,1e-07,1e-07,1e-07,1e-07,1e-07,1e-07,1e-07,1e-07,0.9999999,1e-07,1e-07,1e-07,1e-07,1e-07,1e-07,1e-07,1e-07,1e-07,1e-07,1e-07,0.9999999,1e-07,1e-07,1e-07,1e-07,1e-07,1e-07,1e-07,1e-07,1e-07,1e-07,1e-07,1e-07,1e-07,1e-07,1e-07,1e-07
2022-08-18 18:46:26,1e-07,1e-07,1e-07,1e-07,1e-07,1e-07,1e-07,1e-07,1e-07,1e-07,0.9999999,1e-07,1e-07,1e-07,1e-07,1e-07,1e-07,1e-07,1e-07,1e-07,1e-07,1e-07,0.9999999,1e-07,1e-07,1e-07,1e-07,1e-07,1e-07,1e-07,1e-07,1e-07,1e-07,1e-07,1e-07,1e-07,1e-07,1e-07,1e-07
2022-08-18 18:46:27,1e-07,1e-07,1e-07,1e-07,1e-07,1e-07,1e-07,1e-07,1e-07,1e-07,0.9999999,1e-07,1e-07,1e-07,1e-07,1e-07,1e-07,1e-07,1e-07,1e-07,1e-07,1e-07,0.9999999,1e-07,1e-07,1e-07,1e-07,1e-07,1e-07,1e-07,1e-07,1e-07,1e-07,1e-07,1e-07,1e-07,1e-07,1e-07,1e-07
2022-08-18 18:46:28,1e-07,1e-07,1e-07,1e-07,1e-07,1e-07,1e-07,1e-07,1e-07,1e-07,0.9999999,1e-07,1e-07,1e-07,1e-07,1e-07,1e-07,1e-07,1e-07,1e-07,1e-07,1e-07,0.9999999,1e-07,1e-07,1e-07,1e-07,1e-07,1e-07,1e-07,1e-07,1e-07,1e-07,1e-07,1e-07,1e-07,1e-07,1e-07,1e-07
2022-08-18 18:46:29,1e-07,1e-07,1e-07,1e-07,1e-07,1e-07,1e-07,1e-07,1e-07,1e-07,0.9999999,1e-07,1e-07,1e-07,1e-07,1e-07,1e-07,1e-07,1e-07,1e-07,1e-07,1e-07,0.9999999,1e-07,1e-07,1e-07,1e-07,1e-07,1e-07,1e-07,1e-07,1e-07,1e-07,1e-07,1e-07,1e-07,1e-07,1e-07,1e-07
2022-08-18 18:46:30,1e-07,1e-07,1e-07,1e-07,1e-07,1e-07,1e-07,1e-07,1e-07,1e-07,0.9999999,1e-07,1e-07,1e-07,1e-07,1e-07,1e-07,1e-07,1e-07,1e-07,1e-07,1e-07,0.9999999,1e-07,1e-07,1e-07,1e-07,1e-07,1e-07,1e-07,1e-07,1e-07,1e-07,1e-07,1e-07,1e-07,1e-07,1e-07,1e-07
2022-08-18 18:46:31,1e-07,1e-07,1e-07,1e-07,1e-07,1e-07,1e-07,1e-07,1e-07,1e-07,0.9999999,1e-07,1e-07,1e-07,1e-07,1e-07,1e-07,1e-07,1e-07,1e-07,1e-07,1e-07,0.9999999,1e-07,1e-07,1e-07,1e-07,1e-07,1e-07,1e-07,1e-07,1e-07,1e-07,1e-07,1e-07,1e-07,1e-07,1e-07,1e-07
2022-08-18 18:46:32,1e-07,1e-07,1e-07,1e-07,1e-07,1e-07,1e-07,1e-07,1e-07,1e-07,0.9999999,1e-07,1e-07,1e-07,1e-07,1e-07,1e-07,1e-07,1e-07,1e-07,1e-07,1e-07,0.9999999,1e-07,1e-07,1e-07,1e-07,1e-07,1e-07,1e-07,1e-07,1e-07,1e-07,1e-07,1e-07,1e-07,1e-07,1e-07,1e-07
2022-08-18 18:46:33,1e-07,1e-07,1e-07,1e-07,1e-07,1e-07,1e-07,1e-07,1e-07,1e-07,0.9999999,1e-07,1e-07,1e-07,1e-07,1e-07,1e-07,1e-07,1e-07,1e-07,1e-07,1e-07,0.9999999,1e-07,1e-07,1e-07,1e-07,1e-07,1e-07,1e-07,1e-07,1e-07,1e-07,1e-07,1e-07,1e-07,1e-07,1e-07,1e-07
2022-08-18 18:46:34,1e-07,1e-07,1e-07,1e-07,1e-07,1e-07,1e-07,1e-07,1e-07,1e-07,0.9999999,1e-07,1e-07,1e-07,1e-07,1e-07,1e-07,1e-07,1e-07,1e-07,1e-07,1e-07,0.9999999,1e-07,1e-07,1e-07,1e-07,1e-07,1e-07,1e-07,1e-07,1e-07,1e-07,1e-07,1e-07,1e-07,1e-07,1e-07,1e-07
2022-08-18 18:46:35,1e-07,1e-07,1e-07,1e-07,1e-07,1e-07,1e-07,1e-07,1e-07,1e-07,0.9999999,1e-07,1e-07,1e-07,1e-07,1e-07,1e-07,1e-07,1e-07,1e-07,1e-07,1e-07,0.9999999,1e-07,1e-07,1e-07,1e-07,1e-07,1e-07,1e-07,1e-07,1e-07,1e-07,1e-07,1e-07,1e-07,1e-07,1e-07,1e-07
2022-08-18 18:46:36,1e-07,1e-07,1e-07,1e-07,1e-07,1e-07,1e-07,1e-07,1e-07,1e-07,0.9999999,1e-07,1e-07,1e-07,1e-07,1e-07,1e-07,1e-07,1e-07,1e-07,1e-07,1e-07,0.9999999,1e-07,1e-07,1e-07,1e-07,1e-07,1e-07,1e-07,1e-07,1e-07,1e-07,1e-07,1e-07,1e-07,1e-07,1e-07,1e-07
2022-08-18 18:46:37,1e-07,1e-07,1e-07,1e-07,1e-07,1e-07,1e-07,1e-07,1e-07,1e-07,0.9999999,1e-07,1e-07,1e-07,1e-07,1e-07,1e-07,1e-07,1e-07,1e-07,1e-07,1e-07,0.9999999,1e-07,1e-07,1e-07,1e-07,1e-07,1e-07,1e-07,1e-07,1e-07,1e-07,1e-07,1e-07,1e-07,1e-07,1e-07,1e-07
2022-08-18 18:46:38,1e-07,1e-07,1e-07,1e-07,1e-07,1e-07,1e-07,1e-07,1e-07,1e-07,0.9999999,1e-07,1e-07,1e-07,1e-07,1e-07,1e-07,1e-07,1e-07,1e-07,1e-07,1e-07,0.9999999,1e-07,1e-07,1e-07,1e-07,1e-07,1e-07,1e-07,1e-07,1e-07,1e-07,1e-07,1e-07,1e-07,1e-07,1e-07,1e-07
2022-08-18 18:46:39,1e-07,1e-07,1e-07,1e-07,1e-07,1e-07,1e-07,1e-07,1e-07,1e-07,0.9999999,1e-07,1e-07,1e-07,1e-07,1e-07,1e-07,1e-07,1e-07,1e-07,1e-07,1e-07,0.9999999,1e-07,1e-07,1e-07,1e-07,1e-07,1e-07,1e-07,1e-07,1e-07,1e-07,1e-07,1e-07,1e-07,1e-07,1e-07,1e-07
2022-08-18 18:46:40,1e-07,1e-07,1e-07,1e-07,1e-07,1e-07,1e-07,1e-07,1e-07,1e-07,0.9999999,1e-07,1e-07,1e-07,1e-07,1e-07,1e-07,1e-07,1e-07,1e-07,1e-07,1e-07,0.9999999,1e-07,1e-07,1e-07,1e-07,1e-07,1e-07,1e-07,1e-07,1e-07,1e-07,1e-07,1e-07,1e-07,1e-07,1e-07,1e-07
2022-08-18 18:46:41,1e-07,1e-07,1e-07,1e-07,1e-07,1e-07,1e-07,1e-07,1e-07,1e-07,0.9999999,1e-07,1e-07,1e-07,1e-07,1e-07,1e-07,1e-07,1e-07,1e-07,1e-07,1e-07,0.9999999,1e-07,1e-07,1e-07,1e-07,1e-07,1e-07,1e-07,1e-07,1e-07,1e-07,1e-07,1e-07,1e-07,1e-07,1e-07,1e-07
2022-08-18 18:46:42,1e-07,1e-07,1e-07,1e-07,1e-07,1e-07,1e-07,1e-07,1e-07,1e-07,0.9999999,1e-07,1e-07,1e-07,1e-07,1e-07,1e-07,1e-07,1e-07,1e-07,1e-07,1e-07,0.9999999,1e-07,1e-07,1e-07,1e-07,1e-07,1e-07,1e-07,1e-07,1e-07,1e-07,1e-07,1e-07,1e-07,1e-07,1e-07,1e-07
2022-08-18 18:46:43,1e-07,1e-07,1e-07,1e-07,1e-07,1e-07,1e-07,1e-07,1e-07,1e-07,0.9999999,1e-07,1e-07,1e-07,1e-07,1e-07,1e-07,1e-07,1e-07,1e-07,1e-07,1e-07,0.9999999,1e-07,1e-07,1e-07,1e-07,1e-07,1e-07,1e-07,1e-07,1e-07,1e-07,1e-07,1e-07,1e-07,1e-07,1e-07,1e-07
2022-08-18 18:46:44,1e-07,1e-07,1e-07,1e-07,1e-07,1e-07,1e-07,1e-07,1e-07,1e-07,0.9999999,1e-07,1e-07,1e-07,1e-07,1e-07,1e-07,1e-07,1e-07,1e-07,1e-07,1e-07,0.9999999,1e-07,1e-07,1e-07,1e-07,1e-07,1e-07,1e-07,1e-07,1e-07,1e-07,1e-07,1e-07,1e-07,1e-07,1e-07,1e-07
2022-08-18 18:46:45,1e-07,1e-07,1e-07,1e-07,1e-07,1e-07,1e-07,1e-07,1e-07,1e-07,0.9999999,1e-07,1e-07,1e-07,1e-07,1e-07,1e-07,1e-07,1e-07,1e-07,1e-07,1e-07,0.9999999,1e-07,1e-07,1e-07,1e-07,1e-07,1e-07,1e-07,1e-07,1e-07,1e-07,1e-07,1e-07,1e-07,1e-07,1e-07,1e-07
2022-08-18 18:46:46,1e-07,1e-07,1e-07,1e-07,1e-07,1e-07,1e-07,1e-07,1e-07,1e-07,0.9999999,1e-07,1e-07,1e-07,1e-07,1e-07,1e-07,1e-07,1e-07,1e-07,1e-07,1e-07,0.9999999,1e-07,1e-07,1e-07,1e-07,1e-07,1e-07,1e-07,1e-07,1e-07,1e-07,1e-07,1e-07,1e-07,1e-07,1e-07,1e-07
2022-08-18 18:46:47,1e-07,1e-07,1e-07,1e-07,1e-07,1e-07,1e-07,1e-07,1e-07,1e-07,0.9999999,1e-07,1e-07,1e-07,1e-07,1e-07,1e-07,1e-07,1e-07,1e-07,1e-07,1e-07,0.9999999,1e-07,1e-07,1e-07,1e-07,1e-07,1e-07,1e-07,1e-07,1e-07,1e-07,1e-07,1e-07,1e-07,1e-07,1e-07,1e-07
2022-08-18 18:46:48,1e-07,1e-07,1e-07,1e-07,1e-07,1e-07,1e-07,1e-07,1e-07,1e-07,0.9999999,1e-07,1e-07,1e-07,1e-07,1e-07,1e-07,1e-07,1e-07,1e-07,1e-07,1e-07,0.9999999,1e-07,1e-07,1e-07,1e-07,1e-07,1e-07,1e-07,1e-07,1e-07,1e-07,1e-07,1e-07,1e-07,1e-07,1e-07,1e-07
2022-08-18 18:46:49,1e-07,1e-07,1e-07,1e-07,1e-07,1e-07,1e-07,1e-07,1e-07,1e-07,0.9999999,1e-07,1e-07,1e-07,1e-07,1e-07,1e-07,1e-07,1e-07,1e-07,1e-07,1e-07,0.9999999,1e-07,1e-07,1e-07,1e-07,1e-07,1e-07,1e-07,1e-07,1e-07,1e-07,1e-07,1e-07,1e-07,1e-07,1e-07,1e-07
2022-08-18 18:46:50,1e-07,1e-07,1e-07,1e-07,1e-07,1e-07,1e-07,1e-07,1e-07,1e-07,0.9999999,1e-07,1e-07,1e-07,1e-07,1e-07,1e-07,1e-07,1e-07,1e-07,1e-07,1e-07,0.9999999,1e-07,1e-07,1e-07,1e-07,1e-07,1e-07,1e-07,1e-07,1e-07,1e-07,1e-07,1e-07,1e-07,1e-07,1e-07,1e-07
2022-08-18 18:46:51,1e-07,1e-07,1e-07,1e-07,1e-07,1e-07,1e-07,1e-07,1e-07,1e-07,0.9999999,1e-07,1e-07,1e-07,1e-07,1e-07,1e-07,1e-07,1e-07,1e-07,1e-07,1e-07,0.9999999,1e-07,1e-07,1e-07,1e-07,1e-07,1e-07,1e-07,1e-07,1e-07,1e-07,1e-07,1e-07,1e-07,1e-07,1e-07,1e-07
2022-08-18 18:46:52,1e-07,1e-07,1e-07,1e-07,1e-07,1e-07,1e-07,1e-07,1e-07,1e-07,0.9999999,1e-07,1e-07,1e-07,1e-07,1e-07,1e-07,1e-07,1e-07,1e-07,1e-07,1e-07,0.9999999,1e-07,1e-07,1e-07,1e-07,1e-07,1e-07,1e-07,1e-07,1e-07,1e-07,1e-07,1e-07,1e-07,1e-07,1e-07,1e-07
2022-08-18 18:46:53,1e-07,1e-07,1e-07,1e-07,1e-07,1e-07,1e-07,1e-07,1e-07,1e-07,0.9999999,1e-07,1e-07,1e-07,1e-07,1e-07,1e-07,1e-07,1e-07,1e-07,1e-07,1e-07,0.9999999,1e-07,1e-07,1e-07,1e-07,1e-07,1e-07,1e-07,1e-07,1e-07,1e-07,1e-07,1e-07,1e-07,1e-07,1e-07,1e-07
2022-08-18 18:46:54,1e-07,1e-07,1e-07,1e-07,1e-07,1e-07,1e-07,1e-07,1e-07,1e-07,0.9999999,1e-07,1e-07,1e-07,1e-07,1e-07,1e-07,1e-07,1e-07,1e-07,1e-07,1e-07,0.9999999,1e-07,1e-07,1e-07,1e-07,1e-07,1e-07,1e-07,1e-07,1e-07,1e-07,1e-07,1e-07,1e-07,1e-07,1e-07,1e-07
2022-08-18 18:46:55,1e-07,1e-07,1e-07,1e-07,1e-07,1e-07,1e-07,1e-07,1e-07,1e-07,0.9999999,1e-07,1e-07,1e-07,1e-07,1e-07,1e-07,1e-07,1e-07,1e-07,1e-07,1e-07,0.9999999,1e-07,1e-07,1e-07,1e-07,1e-07,1e-07,1e-07,1e-07,1e-07,1e-07,1e-07,1e-07,1e-07,1e-07,1e-07,1e-07
2022-08-18 18:46:56,1e-07,1e-07,1e-07,1e-07,1e-07,1e-07,1e-07,1e-07,1e-07,1e-07,0.9999999,1e-07,1e-07,1e-07,1e-07,1e-07,1e-07,1e-07,1e-07,1e-07,1e-07,1e-07,0.9999999,1e-07,1e-07,1e-07,1e-07,1e-07,1e-07,1e-07,1e-07,1e-07,1e-07,1e-07,1e-07,1e-07,1e-07,1e-07,1e-07
2022-08-18 18:46:57,1e-07,1e-07,1e-07,1e-07,1e-07,1e-07,1e-07,1e-07,1e-07,1e-07,0.9999999,1e-07,1e-07,1e-07,1e-07,1e-07,1e-07,1e-07,1e-07,1e-07,1e-07,1e-07,0.9999999,1e-07,1e-07,1e-07,1e-07,1e-07,1e-07,1e-07,1e-07,1e-07,1e-07,1e-07,1e-07,1e-07,1e-07,1e-07,1e-07
2022-08-18 18:46:58,1e-07,1e-07,1e-07,1e-07,1e-07,1e-07,1e-07,1e-07,1e-07,1e-07,0.9999999,1e-07,1e-07,1e-07,1e-07,1e-07,1e-07,1e-07,1e-07,1e-07,1e-07,1e-07,0.9999999,1e-07,1e-07,1e-07,1e-07,1e-07,1e-07,1e-07,1e-07,1e-07,1e-07,1e-07,1e-07,1e-07,1e-07,1e-07,1e-07
2022-08-18 18:46:59,1e-07,1e-07,1e-07,1e-07,1e-07,1e-07,1e-07,1e-07,1e-07,1e-07,0.9999999,1e-07,1e-07,1e-07,1e-07,1e-07,1e-07,1e-07,1e-07,1e-07,1e-07,1e-07,0.9999999,1e-07,1e-07,1e-07,1e-07,1e-07,1e-07,1e-07,1e-07,1e-07,1e-07,1e-07,1e-07,1e-07,1e-07,1e-07,1e-07
2022-08-18 19:22:00,1e-07,1e-07,1e-07,1e-07,1e-07,1e-07,1e-07,1e-07,1e-07,1e-07,1e-07,1e-07,0.9999999,1e-07,1e-07,1e-07,1e-07,1e-07,1e-07,1e-07,1e-07,1e-07,1e-07,1e-07,1e-07,0.9999999,1e-07,1e-07,1e-07,1e-07,1e-07,1e-07,1e-07,1e-07,1e-07,1e-07,1e-07,1e-07,1e-07
2022-08-18 19:22:01,1e-07,1e-07,1e-07,1e-07,1e-07,1e-07,1e-07,1e-07,1e-07,1e-07,1e-07,1e-07,0.9999999,1e-07,1e-07,1e-07,1e-07,1e-07,1e-07,1e-07,1e-07,1e-07,1e-07,1e-07,1e-07,0.9999999,1e-07,1e-07,1e-07,1e-07,1e-07,1e-07,1e-07,1e-07,1e-07,1e-07,1e-07,1e-07,1e-07
2022-08-18 19:22:02,1e-07,1e-07,1e-07,1e-07,1e-07,1e-07,1e-07,1e-07,1e-07,1e-07,1e-07,1e-07,0.9999999,1e-07,1e-07,1e-07,1e-07,1e-07,1e-07,1e-07,1e-07,1e-07,1e-07,1e-07,1e-07,0.9999999,1e-07,1e-07,1e-07,1e-07,1e-07,1e-07,1e-07,1e-07,1e-07,1e-07,1e-07,1e-07,1e-07
2022-08-18 19:22:03,1e-07,1e-07,1e-07,1e-07,1e-07,1e-07,1e-07,1e-07,1e-07,1e-07,1e-07,1e-07,0.9999999,1e-07,1e-07,1e-07,1e-07,1e-07,1e-07,1e-07,1e-07,1e-07,1e-07,1e-07,1e-07,0.9999999,1e-07,1e-07,1e-07,1e-07,1e-07,1e-07,1e-07,1e-07,1e-07,1e-07,1e-07,1e-07,1e-07
2022-08-18 19:22:04,1e-07,1e-07,1e-07,1e-07,1e-07,1e-07,1e-07,1e-07,1e-07,1e-07,1e-07,1e-07,0.9999999,1e-07,1e-07,1e-07,1e-07,1e-07,1e-07,1e-07,1e-07,1e-07,1e-07,1e-07,1e-07,0.9999999,1e-07,1e-07,1e-07,1e-07,1e-07,1e-07,1e-07,1e-07,1e-07,1e-07,1e-07,1e-07,1e-07
2022-08-18 19:22:05,1e-07,1e-07,1e-07,1e-07,1e-07,1e-07,1e-07,1e-07,1e-07,1e-07,1e-07,1e-07,0.9999999,1e-07,1e-07,1e-07,1e-07,1e-07,1e-07,1e-07,1e-07,1e-07,1e-07,1e-07,1e-07,0.9999999,1e-07,1e-07,1e-07,1e-07,1e-07,1e-07,1e-07,1e-07,1e-07,1e-07,1e-07,1e-07,1e-07
2022-08-18 19:22:06,1e-07,1e-07,1e-07,1e-07,1e-07,1e-07,1e-07,1e-07,1e-07,1e-07,1e-07,1e-07,0.9999999,1e-07,1e-07,1e-07,1e-07,1e-07,1e-07,1e-07,1e-07,1e-07,1e-07,1e-07,1e-07,0.9999999,1e-07,1e-07,1e-07,1e-07,1e-07,1e-07,1e-07,1e-07,1e-07,1e-07,1e-07,1e-07,1e-07
2022-08-18 19:22:07,1e-07,1e-07,1e-07,1e-07,1e-07,1e-07,1e-07,1e-07,1e-07,1e-07,1e-07,1e-07,0.9999999,1e-07,1e-07,1e-07,1e-07,1e-07,1e-07,1e-07,1e-07,1e-07,1e-07,1e-07,1e-07,0.9999999,1e-07,1e-07,1e-07,1e-07,1e-07,1e-07,1e-07,1e-07,1e-07,1e-07,1e-07,1e-07,1e-07
2022-08-18 19:22:08,1e-07,1e-07,1e-07,1e-07,1e-07,1e-07,1e-07,1e-07,1e-07,1e-07,1e-07,1e-07,0.9999999,1e-07,1e-07,1e-07,1e-07,1e-07,1e-07,1e-07,1e-07,1e-07,1e-07,1e-07,1e-07,0.9999999,1e-07,1e-07,1e-07,1e-07,1e-07,1e-07,1e-07,1e-07,1e-07,1e-07,1e-07,1e-07,1e-07
2022-08-18 19:22:09,1e-07,1e-07,1e-07,1e-07,1e-07,1e-07,1e-07,1e-07,1e-07,1e-07,1e-07,1e-07,0.9999999,1e-07,1e-07,1e-07,1e-07,1e-07,1e-07,1e-07,1e-07,1e-07,1e-07,1e-07,1e-07,0.9999999,1e-07,1e-07,1e-07,1e-07,1e-07,1e-07,1e-07,1e-07,1e-07,1e-07,1e-07,1e-07,1e-07
2022-08-18 19:22:10,1e-07,1e-07,1e-07,1e-07,1e-07,1e-07,1e-07,1e-07,1e-07,1e-07,1e-07,1e-07,0.9999999,1e-07,1e-07,1e-07,1e-07,1e-07,1e-07,1e-07,1e-07,1e-07,1e-07,1e-07,1e-07,0.9999999,1e-07,1e-07,1e-07,1e-07,1e-07,1e-07,1e-07,1e-07,1e-07,1e-07,1e-07,1e-07,1e-07
2022-08-18 19:22:11,1e-07,1e-07,1e-07,1e-07,1e-07,1e-07,1e-07,1e-07,1e-07,1e-07,1e-07,1e-07,0.9999999,1e-07,1e-07,1e-07,1e-07,1e-07,1e-07,1e-07,1e-07,1e-07,1e-07,1e-07,1e-07,0.9999999,1e-07,1e-07,1e-07,1e-07,1e-07,1e-07,1e-07,1e-07,1e-07,1e-07,1e-07,1e-07,1e-07
2022-08-18 19:22:12,1e-07,1e-07,1e-07,1e-07,1e-07,1e-07,1e-07,1e-07,1e-07,1e-07,1e-07,1e-07,0.9999999,1e-07,1e-07,1e-07,1e-07,1e-07,1e-07,1e-07,1e-07,1e-07,1e-07,1e-07,1e-07,0.9999999,1e-07,1e-07,1e-07,1e-07,1e-07,1e-07,1e-07,1e-07,1e-07,1e-07,1e-07,1e-07,1e-07
2022-08-18 19:22:13,1e-07,1e-07,1e-07,1e-07,1e-07,1e-07,1e-07,1e-07,1e-07,1e-07,1e-07,1e-07,0.9999999,1e-07,1e-07,1e-07,1e-07,1e-07,1e-07,1e-07,1e-07,1e-07,1e-07,1e-07,1e-07,0.9999999,1e-07,1e-07,1e-07,1e-07,1e-07,1e-07,1e-07,1e-07,1e-07,1e-07,1e-07,1e-07,1e-07
2022-08-18 19:22:14,1e-07,1e-07,1e-07,1e-07,1e-07,1e-07,1e-07,1e-07,1e-07,1e-07,1e-07,1e-07,0.9999999,1e-07,1e-07,1e-07,1e-07,1e-07,1e-07,1e-07,1e-07,1e-07,1e-07,1e-07,1e-07,0.9999999,1e-07,1e-07,1e-07,1e-07,1e-07,1e-07,1e-07,1e-07,1e-07,1e-07,1e-07,1e-07,1e-07
2022-08-18 19:22:15,1e-07,1e-07,1e-07,1e-07,1e-07,1e-07,1e-07,1e-07,1e-07,1e-07,1e-07,1e-07,0.9999999,1e-07,1e-07,1e-07,1e-07,1e-07,1e-07,1e-07,1e-07,1e-07,1e-07,1e-07,1e-07,0.9999999,1e-07,1e-07,1e-07,1e-07,1e-07,1e-07,1e-07,1e-07,1e-07,1e-07,1e-07,1e-07,1e-07
2022-08-18 19:22:16,1e-07,1e-07,1e-07,1e-07,1e-07,1e-07,1e-07,1e-07,1e-07,1e-07,1e-07,1e-07,0.9999999,1e-07,1e-07,1e-07,1e-07,1e-07,1e-07,1e-07,1e-07,1e-07,1e-07,1e-07,1e-07,0.9999999,1e-07,1e-07,1e-07,1e-07,1e-07,1e-07,1e-07,1e-07,1e-07,1e-07,1e-07,1e-07,1e-07
2022-08-18 19:22:17,1e-07,1e-07,1e-07,1e-07,1e-07,1e-07,1e-07,1e-07,1e-07,1e-07,1e-07,1e-07,0.9999999,1e-07,1e-07,1e-07,1e-07,1e-07,1e-07,1e-07,1e-07,1e-07,1e-07,1e-07,1e-07,0.9999999,1e-07,1e-07,1e-07,1e-07,1e-07,1e-07,1e-07,1e-07,1e-07,1e-07,1e-07,1e-07,1e-07
2022-08-18 19:22:18,1e-07,1e-07,1e-07,1e-07,1e-07,1e-07,1e-07,1e-07,1e-07,1e-07,1e-07,1e-07,0.9999999,1e-07,1e-07,1e-07,1e-07,1e-07,1e-07,1e-07,1e-07,1e-07,1e-07,1e-07,1e-07,0.9999999,1e-07,1e-07,1e-07,1e-07,1e-07,1e-07,1e-07,1e-07,1e-07,1e-07,1e-07,1e-07,1e-07
2022-08-18 19:22:19,1e-07,1e-07,1e-07,1e-07,1e-07,1e-07,1e-07,1e-07,1e-07,1e-07,1e-07,1e-07,0.9999999,1e-07,1e-07,1e-07,1e-07,1e-07,1e-07,1e-07,1e-07,1e-07,1e-07,1e-07,1e-07,0.9999999,1e-07,1e-07,1e-07,1e-07,1e-07,1e-07,1e-07,1e-07,1e-07,1e-07,1e-07,1e-07,1e-07
2022-08-18 19:22:20,1e-07,1e-07,1e-07,1e-07,1e-07,1e-07,1e-07,1e-07,1e-07,1e-07,1e-07,1e-07,0.9999999,1e-07,1e-07,1e-07,1e-07,1e-07,1e-07,1e-07,1e-07,1e-07,1e-07,1e-07,1e-07,0.9999999,1e-07,1e-07,1e-07,1e-07,1e-07,1e-07,1e-07,1e-07,1e-07,1e-07,1e-07,1e-07,1e-07
2022-08-18 19:22:21,1e-07,1e-07,1e-07,1e-07,1e-07,1e-07,1e-07,1e-07,1e-07,1e-07,1e-07,1e-07,0.9999999,1e-07,1e-07,1e-07,1e-07,1e-07,1e-07,1e-07,1e-07,1e-07,1e-07,1e-07,1e-07,0.9999999,1e-07,1e-07,1e-07,1e-07,1e-07,1e-07,1e-07,1e-07,1e-07,1e-07,1e-07,1e-07,1e-07
2022-08-18 19:22:22,1e-07,1e-07,1e-07,1e-07,1e-07,1e-07,1e-07,1e-07,1e-07,1e-07,1e-07,1e-07,0.9999999,1e-07,1e-07,1e-07,1e-07,1e-07,1e-07,1e-07,1e-07,1e-07,1e-07,1e-07,1e-07,0.9999999,1e-07,1e-07,1e-07,1e-07,1e-07,1e-07,1e-07,1e-07,1e-07,1e-07,1e-07,1e-07,1e-07
2022-08-18 19:22:23,1e-07,1e-07,1e-07,1e-07,1e-07,1e-07,1e-07,1e-07,1e-07,1e-07,1e-07,1e-07,0.9999999,1e-07,1e-07,1e-07,1e-07,1e-07,1e-07,1e-07,1e-07,1e-07,1e-07,1e-07,1e-07,0.9999999,1e-07,1e-07,1e-07,1e-07,1e-07,1e-07,1e-07,1e-07,1e-07,1e-07,1e-07,1e-07,1e-07
2022-08-18 19:22:24,1e-07,1e-07,1e-07,1e-07,1e-07,1e-07,1e-07,1e-07,1e-07,1e-07,1e-07,1e-07,0.9999999,1e-07,1e-07,1e-07,1e-07,1e-07,1e-07,1e-07,1e-07,1e-07,1e-07,1e-07,1e-07,0.9999999,1e-07,1e-07,1e-07,1e-07,1e-07,1e-07,1e-07,1e-07,1e-07,1e-07,1e-07,1e-07,1e-07
2022-08-18 19:22:25,1e-07,1e-07,1e-07,1e-07,1e-07,1e-07,1e-07,1e-07,1e-07,1e-07,1e-07,1e-07,0.9999999,1e-07,1e-07,1e-07,1e-07,1e-07,1e-07,1e-07,1e-07,1e-07,1e-07,1e-07,1e-07,0.9999999,1e-07,1e-07,1e-07,1e-07,1e-07,1e-07,1e-07,1e-07,1e-07,1e-07,1e-07,1e-07,1e-07
2022-08-18 19:22:26,1e-07,1e-07,1e-07,1e-07,1e-07,1e-07,1e-07,1e-07,1e-07,1e-07,1e-07,1e-07,0.9999999,1e-07,1e-07,1e-07,1e-07,1e-07,1e-07,1e-07,1e-07,1e-07,1e-07,1e-07,1e-07,0.9999999,1e-07,1e-07,1e-07,1e-07,1e-07,1e-07,1e-07,1e-07,1e-07,1e-07,1e-07,1e-07,1e-07
2022-08-18 19:22:27,1e-07,1e-07,1e-07,1e-07,1e-07,1e-07,1e-07,1e-07,1e-07,1e-07,1e-07,1e-07,0.9999999,1e-07,1e-07,1e-07,1e-07,1e-07,1e-07,1e-07,1e-07,1e-07,1e-07,1e-07,1e-07,0.9999999,1e-07,1e-07,1e-07,1e-07,1e-07,1e-07,1e-07,1e-07,1e-07,1e-07,1e-07,1e-07,1e-07
2022-08-18 19:22:28,1e-07,1e-07,1e-07,1e-07,1e-07,1e-07,1e-07,1e-07,1e-07,1e-07,1e-07,1e-07,0.9999999,1e-07,1e-07,1e-07,1e-07,1e-07,1e-07,1e-07,1e-07,1e-07,1e-07,1e-07,1e-07,0.9999999,1e-07,1e-07,1e-07,1e-07,1e-07,1e-07,1e-07,1e-07,1e-07,1e-07,1e-07,1e-07,1e-07
2022-08-18 19:22:29,1e-07,1e-07,1e-07,1e-07,1e-07,1e-07,1e-07,1e-07,1e-07,1e-07,1e-07,1e-07,0.9999999,1e-07,1e-07,1e-07,1e-07,1e-07,1e-07,1e-07,1e-07,1e-07,1e-07,1e-07,1e-07,0.9999999,1e-07,1e-07,1e-07,1e-07,1e-07,1e-07,1e-07,1e-07,1e-07,1e-07,1e-07,1e-07,1e-07
2022-08-18 19:22:30,1e-07,1e-07,1e-07,1e-07,1e-07,1e-07,1e-07,1e-07,1e-07,1e-07,1e-07,1e-07,0.9999999,1e-07,1e-07,1e-07,1e-07,1e-07,1e-07,1e-07,1e-07,1e-07,1e-07,1e-07,1e-07,0.9999999,1e-07,1e-07,1e-07,1e-07,1e-07,1e-07,1e-07,1e-07,1e-07,1e-07,1e-07,1e-07,1e-07
2022-08-18 19:22:31,1e-07,1e-07,1e-07,1e-07,1e-07,1e-07,1e-07,1e-07,1e-07,1e-07,1e-07,1e-07,0.9999999,1e-07,1e-07,1e-07,1e-07,1e-07,1e-07,1e-07,1e-07,1e-07,1e-07,1e-07,1e-07,0.9999999,1e-07,1e-07,1e-07,1e-07,1e-07,1e-07,1e-07,1e-07,1e-07,1e-07,1e-07,1e-07,1e-07
2022-08-18 19:22:32,1e-07,1e-07,1e-07,1e-07,1e-07,1e-07,1e-07,1e-07,1e-07,1e-07,1e-07,1e-07,0.9999999,1e-07,1e-07,1e-07,1e-07,1e-07,1e-07,1e-07,1e-07,1e-07,1e-07,1e-07,1e-07,0.9999999,1e-07,1e-07,1e-07,1e-07,1e-07,1e-07,1e-07,1e-07,1e-07,1e-07,1e-07,1e-07,1e-07
2022-08-18 19:22:33,1e-07,1e-07,1e-07,1e-07,1e-07,1e-07,1e-07,1e-07,1e-07,1e-07,1e-07,1e-07,0.9999999,1e-07,1e-07,1e-07,1e-07,1e-07,1e-07,1e-07,1e-07,1e-07,1e-07,1e-07,1e-07,0.9999999,1e-07,1e-07,1e-07,1e-07,1e-07,1e-07,1e-07,1e-07,1e-07,1e-07,1e-07,1e-07,1e-07
2022-08-18 19:22:34,1e-07,1e-07,1e-07,1e-07,1e-07,1e-07,1e-07,1e-07,1e-07,1e-07,1e-07,1e-07,0.9999999,1e-07,1e-07,1e-07,1e-07,1e-07,1e-07,1e-07,1e-07,1e-07,1e-07,1e-07,1e-07,0.9999999,1e-07,1e-07,1e-07,1e-07,1e-07,1e-07,1e-07,1e-07,1e-07,1e-07,1e-07,1e-07,1e-07
2022-08-18 19:22:35,1e-07,1e-07,1e-07,1e-07,1e-07,1e-07,1e-07,1e-07,1e-07,1e-07,1e-07,1e-07,0.9999999,1e-07,1e-07,1e-07,1e-07,1e-07,1e-07,1e-07,1e-07,1e-07,1e-07,1e-07,1e-07,0.9999999,1e-07,1e-07,1e-07,1e-07,1e-07,1e-07,1e-07,1e-07,1e-07,1e-07,1e-07,1e-07,1e-07
2022-08-18 19:22:36,1e-07,1e-07,1e-07,1e-07,1e-07,1e-07,1e-07,1e-07,1e-07,1e-07,1e-07,1e-07,0.9999999,1e-07,1e-07,1e-07,1e-07,1e-07,1e-07,1e-07,1e-07,1e-07,1e-07,1e-07,1e-07,0.9999999,1e-07,1e-07,1e-07,1e-07,1e-07,1e-07,1e-07,1e-07,1e-07,1e-07,1e-07,1e-07,1e-07
2022-08-18 19:22:37,1e-07,1e-07,1e-07,1e-07,1e-07,1e-07,1e-07,1e-07,1e-07,1e-07,1e-07,1e-07,0.9999999,1e-07,1e-07,1e-07,1e-07,1e-07,1e-07,1e-07,1e-07,1e-07,1e-07,1e-07,1e-07,0.9999999,1e-07,1e-07,1e-07,1e-07,1e-07,1e-07,1e-07,1e-07,1e-07,1e-07,1e-07,1e-07,1e-07
2022-08-18 19:22:38,1e-07,1e-07,1e-07,1e-07,1e-07,1e-07,1e-07,1e-07,1e-07,1e-07,1e-07,1e-07,0.9999999,1e-07,1e-07,1e-07,1e-07,1e-07,1e-07,1e-07,1e-07,1e-07,1e-07,1e-07,1e-07,0.9999999,1e-07,1e-07,1e-07,1e-07,1e-07,1e-07,1e-07,1e-07,1e-07,1e-07,1e-07,1e-07,1e-07
2022-08-18 19:22:39,1e-07,1e-07,1e-07,1e-07,1e-07,1e-07,1e-07,1e-07,1e-07,1e-07,1e-07,1e-07,0.9999999,1e-07,1e-07,1e-07,1e-07,1e-07,1e-07,1e-07,1e-07,1e-07,1e-07,1e-07,1e-07,0.9999999,1e-07,1e-07,1e-07,1e-07,1e-07,1e-07,1e-07,1e-07,1e-07,1e-07,1e-07,1e-07,1e-07
2022-08-18 19:22:40,1e-07,1e-07,1e-07,1e-07,1e-07,1e-07,1e-07,1e-07,1e-07,1e-07,1e-07,1e-07,0.9999999,1e-07,1e-07,1e-07,1e-07,1e-07,1e-07,1e-07,1e-07,1e-07,1e-07,1e-07,1e-07,0.9999999,1e-07,1e-07,1e-07,1e-07,1e-07,1e-07,1e-07,1e-07,1e-07,1e-07,1e-07,1e-07,1e-07
2022-08-18 19:22:41,1e-07,1e-07,1e-07,1e-07,1e-07,1e-07,1e-07,1e-07,1e-07,1e-07,1e-07,1e-07,0.9999999,1e-07,1e-07,1e-07,1e-07,1e-07,1e-07,1e-07,1e-07,1e-07,1e-07,1e-07,1e-07,0.9999999,1e-07,1e-07,1e-07,1e-07,1e-07,1e-07,1e-07,1e-07,1e-07,1e-07,1e-07,1e-07,1e-07
2022-08-18 19:22:42,1e-07,1e-07,1e-07,1e-07,1e-07,1e-07,1e-07,1e-07,1e-07,1e-07,1e-07,1e-07,0.9999999,1e-07,1e-07,1e-07,1e-07,1e-07,1e-07,1e-07,1e-07,1e-07,1e-07,1e-07,1e-07,0.9999999,1e-07,1e-07,1e-07,1e-07,1e-07,1e-07,1e-07,1e-07,1e-07,1e-07,1e-07,1e-07,1e-07
2022-08-18 19:22:43,1e-07,1e-07,1e-07,1e-07,1e-07,1e-07,1e-07,1e-07,1e-07,1e-07,1e-07,1e-07,0.9999999,1e-07,1e-07,1e-07,1e-07,1e-07,1e-07,1e-07,1e-07,1e-07,1e-07,1e-07,1e-07,0.9999999,1e-07,1e-07,1e-07,1e-07,1e-07,1e-07,1e-07,1e-07,1e-07,1e-07,1e-07,1e-07,1e-07
2022-08-18 19:22:44,1e-07,1e-07,1e-07,1e-07,1e-07,1e-07,1e-07,1e-07,1e-07,1e-07,1e-07,1e-07,0.9999999,1e-07,1e-07,1e-07,1e-07,1e-07,1e-07,1e-07,1e-07,1e-07,1e-07,1e-07,1e-07,0.9999999,1e-07,1e-07,1e-07,1e-07,1e-07,1e-07,1e-07,1e-07,1e-07,1e-07,1e-07,1e-07,1e-07
2022-08-18 19:22:45,1e-07,1e-07,1e-07,1e-07,1e-07,1e-07,1e-07,1e-07,1e-07,1e-07,1e-07,1e-07,0.9999999,1e-07,1e-07,1e-07,1e-07,1e-07,1e-07,1e-07,1e-07,1e-07,1e-07,1e-07,1e-07,0.9999999,1e-07,1e-07,1e-07,1e-07,1e-07,1e-07,1e-07,1e-07,1e-07,1e-07,1e-07,1e-07,1e-07
2022-08-18 19:22:46,1e-07,1e-07,1e-07,1e-07,1e-07,1e-07,1e-07,1e-07,1e-07,1e-07,1e-07,1e-07,0.9999999,1e-07,1e-07,1e-07,1e-07,1e-07,1e-07,1e-07,1e-07,1e-07,1e-07,1e-07,1e-07,0.9999999,1e-07,1e-07,1e-07,1e-07,1e-07,1e-07,1e-07,1e-07,1e-07,1e-07,1e-07,1e-07,1e-07
2022-08-18 19:22:47,1e-07,1e-07,1e-07,1e-07,1e-07,1e-07,1e-07,1e-07,1e-07,1e-07,1e-07,1e-07,0.9999999,1e-07,1e-07,1e-07,1e-07,1e-07,1e-07,1e-07,1e-07,1e-07,1e-07,1e-07,1e-07,0.9999999,1e-07,1e-07,1e-07,1e-07,1e-07,1e-07,1e-07,1e-07,1e-07,1e-07,1e-07,1e-07,1e-07
2022-08-18 19:22:48,1e-07,1e-07,1e-07,1e-07,1e-07,1e-07,1e-07,1e-07,1e-07,1e-07,1e-07,1e-07,0.9999999,1e-07,1e-07,1e-07,1e-07,1e-07,1e-07,1e-07,1e-07,1e-07,1e-07,1e-07,1e-07,0.9999999,1e-07,1e-07,1e-07,1e-07,1e-07,1e-07,1e-07,1e-07,1e-07,1e-07,1e-07,1e-07,1e-07
2022-08-18 19:22:49,1e-07,1e-07,1e-07,1e-07,1e-07,1e-07,1e-07,1e-07,1e-07,1e-07,1e-07,1e-07,0.9999999,1e-07,1e-07,1e-07,1e-07,1e-07,1e-07,1e-07,1e-07,1e-07,1e-07,1e-07,1e-07,0.9999999,1e-07,1e-07,1e-07,1e-07,1e-07,1e-07,1e-07,1e-07,1e-07,1e-07,1e-07,1e-07,1e-07
2022-08-18 19:22:50,1e-07,1e-07,1e-07,1e-07,1e-07,1e-07,1e-07,1e-07,1e-07,1e-07,1e-07,1e-07,0.9999999,1e-07,1e-07,1e-07,1e-07,1e-07,1e-07,1e-07,1e-07,1e-07,1e-07,1e-07,1e-07,0.9999999,1e-07,1e-07,1e-07,1e-07,1e-07,1e-07,1e-07,1e-07,1e-07,1e-07,1e-07,1e-07,1e-07
2022-08-18 19:22:51,1e-07,1e-07,1e-07,1e-07,1e-07,1e-07,1e-07,1e-07,1e-07,1e-07,1e-07,1e-07,0.9999999,1e-07,1e-07,1e-07,1e-07,1e-07,1e-07,1e-07,1e-07,1e-07,1e-07,1e-07,1e-07,0.9999999,1e-07,1e-07,1e-07,1e-07,1e-07,1e-07,1e-07,1e-07,1e-07,1e-07,1e-07,1e-07,1e-07
2022-08-18 19:22:52,1e-07,1e-07,1e-07,1e-07,1e-07,1e-07,1e-07,1e-07,1e-07,1e-07,1e-07,1e-07,0.9999999,1e-07,1e-07,1e-07,1e-07,1e-07,1e-07,1e-07,1e-07,1e-07,1e-07,1e-07,1e-07,0.9999999,1e-07,1e-07,1e-07,1e-07,1e-07,1e-07,1e-07,1e-07,1e-07,1e-07,1e-07,1e-07,1e-07
2022-08-18 19:22:53,1e-07,1e-07,1e-07,1e-07,1e-07,1e-07,1e-07,1e-07,1e-07,1e-07,1e-07,1e-07,0.9999999,1e-07,1e-07,1e-07,1e-07,1e-07,1e-07,1e-07,1e-07,1e-07,1e-07,1e-07,1e-07,0.9999999,1e-07,1e-07,1e-07,1e-07,1e-07,1e-07,1e-07,1e-07,1e-07,1e-07,1e-07,1e-07,1e-07
2022-08-18 19:22:54,1e-07,1e-07,1e-07,1e-07,1e-07,1e-07,1e-07,1e-07,1e-07,1e-07,1e-07,1e-07,0.9999999,1e-07,1e-07,1e-07,1e-07,1e-07,1e-07,1e-07,1e-07,1e-07,1e-07,1e-07,1e-07,0.9999999,1e-07,1e-07,1e-07,1e-07,1e-07,1e-07,1e-07,1e-07,1e-07,1e-07,1e-07,1e-07,1e-07
2022-08-18 19:22:55,1e-07,1e-07,1e-07,1e-07,1e-07,1e-07,1e-07,1e-07,1e-07,1e-07,1e-07,1e-07,0.9999999,1e-07,1e-07,1e-07,1e-07,1e-07,1e-07,1e-07,1e-07,1e-07,1e-07,1e-07,1e-07,0.9999999,1e-07,1e-07,1e-07,1e-07,1e-07,1e-07,1e-07,1e-07,1e-07,1e-07,1e-07,1e-07,1e-07
2022-08-18 19:22:56,1e-07,1e-07,1e-07,1e-07,1e-07,1e-07,1e-07,1e-07,1e-07,1e-07,1e-07,1e-07,0.9999999,1e-07,1e-07,1e-07,1e-07,1e-07,1e-07,1e-07,1e-07,1e-07,1e-07,1e-07,1e-07,0.9999999,1e-07,1e-07,1e-07,1e-07,1e-07,1e-07,1e-07,1e-07,1e-07,1e-07,1e-07,1e-07,1e-07
2022-08-18 19:22:57,1e-07,1e-07,1e-07,1e-07,1e-07,1e-07,1e-07,1e-07,1e-07,1e-07,1e-07,1e-07,0.9999999,1e-07,1e-07,1e-07,1e-07,1e-07,1e-07,1e-07,1e-07,1e-07,1e-07,1e-07,1e-07,0.9999999,1e-07,1e-07,1e-07,1e-07,1e-07,1e-07,1e-07,1e-07,1e-07,1e-07,1e-07,1e-07,1e-07
2022-08-18 19:22:58,1e-07,1e-07,1e-07,1e-07,1e-07,1e-07,1e-07,1e-07,1e-07,1e-07,1e-07,1e-07,0.9999999,1e-07,1e-07,1e-07,1e-07,1e-07,1e-07,1e-07,1e-07,1e-07,1e-07,1e-07,1e-07,0.9999999,1e-07,1e-07,1e-07,1e-07,1e-07,1e-07,1e-07,1e-07,1e-07,1e-07,1e-07,1e-07,1e-07
2022-08-18 19:22:59,1e-07,1e-07,1e-07,1e-07,1e-07,1e-07,1e-07,1e-07,1e-07,1e-07,1e-07,1e-07,0.9999999,1e-07,1e-07,1e-07,1e-07,1e-07,1e-07,1e-07,1e-07,1e-07,1e-07,1e-07,1e-07,0.9999999,1e-07,1e-07,1e-07,1e-07,1e-07,1e-07,1e-07,1e-07,1e-07,1e-07,1e-07,1e-07,1e-07
2022-08-18 20:34:00,1e-07,1e-07,1e-07,0.9999999,1e-07,1e-07,1e-07,1e-07,0.9999999,1e-07,1e-07,1e-07,1e-07,1e-07,1e-07,1e-07,1e-07,1e-07,1e-07,1e-07,1e-07,1e-07,1e-07,1e-07,1e-07,1e-07,1e-07,1e-07,1e-07,1e-07,1e-07,1e-07,1e-07,1e-07,1e-07,1e-07,1e-07,1e-07,1e-07
2022-08-18 20:34:01,1e-07,1e-07,1e-07,0.9999999,1e-07,1e-07,1e-07,1e-07,0.9999999,1e-07,1e-07,1e-07,1e-07,1e-07,1e-07,1e-07,1e-07,1e-07,1e-07,1e-07,1e-07,1e-07,1e-07,1e-07,1e-07,1e-07,1e-07,1e-07,1e-07,1e-07,1e-07,1e-07,1e-07,1e-07,1e-07,1e-07,1e-07,1e-07,1e-07
2022-08-18 20:34:02,1e-07,1e-07,1e-07,0.9999999,1e-07,1e-07,1e-07,1e-07,0.9999999,1e-07,1e-07,1e-07,1e-07,1e-07,1e-07,1e-07,1e-07,1e-07,1e-07,1e-07,1e-07,1e-07,1e-07,1e-07,1e-07,1e-07,1e-07,1e-07,1e-07,1e-07,1e-07,1e-07,1e-07,1e-07,1e-07,1e-07,1e-07,1e-07,1e-07
2022-08-18 20:34:03,1e-07,1e-07,1e-07,0.9999999,1e-07,1e-07,1e-07,1e-07,0.9999999,1e-07,1e-07,1e-07,1e-07,1e-07,1e-07,1e-07,1e-07,1e-07,1e-07,1e-07,1e-07,1e-07,1e-07,1e-07,1e-07,1e-07,1e-07,1e-07,1e-07,1e-07,1e-07,1e-07,1e-07,1e-07,1e-07,1e-07,1e-07,1e-07,1e-07
2022-08-18 20:34:04,1e-07,1e-07,1e-07,0.9999999,1e-07,1e-07,1e-07,1e-07,0.9999999,1e-07,1e-07,1e-07,1e-07,1e-07,1e-07,1e-07,1e-07,1e-07,1e-07,1e-07,1e-07,1e-07,1e-07,1e-07,1e-07,1e-07,1e-07,1e-07,1e-07,1e-07,1e-07,1e-07,1e-07,1e-07,1e-07,1e-07,1e-07,1e-07,1e-07
2022-08-18 20:34:05,1e-07,1e-07,1e-07,0.9999999,1e-07,1e-07,1e-07,1e-07,0.9999999,1e-07,1e-07,1e-07,1e-07,1e-07,1e-07,1e-07,1e-07,1e-07,1e-07,1e-07,1e-07,1e-07,1e-07,1e-07,1e-07,1e-07,1e-07,1e-07,1e-07,1e-07,1e-07,1e-07,1e-07,1e-07,1e-07,1e-07,1e-07,1e-07,1e-07
2022-08-18 20:34:06,1e-07,1e-07,1e-07,0.9999999,1e-07,1e-07,1e-07,1e-07,0.9999999,1e-07,1e-07,1e-07,1e-07,1e-07,1e-07,1e-07,1e-07,1e-07,1e-07,1e-07,1e-07,1e-07,1e-07,1e-07,1e-07,1e-07,1e-07,1e-07,1e-07,1e-07,1e-07,1e-07,1e-07,1e-07,1e-07,1e-07,1e-07,1e-07,1e-07
2022-08-18 20:34:07,1e-07,1e-07,1e-07,0.9999999,1e-07,1e-07,1e-07,1e-07,0.9999999,1e-07,1e-07,1e-07,1e-07,1e-07,1e-07,1e-07,1e-07,1e-07,1e-07,1e-07,1e-07,1e-07,1e-07,1e-07,1e-07,1e-07,1e-07,1e-07,1e-07,1e-07,1e-07,1e-07,1e-07,1e-07,1e-07,1e-07,1e-07,1e-07,1e-07
2022-08-18 20:34:08,1e-07,1e-07,1e-07,0.9999999,1e-07,1e-07,1e-07,1e-07,0.9999999,1e-07,1e-07,1e-07,1e-07,1e-07,1e-07,1e-07,1e-07,1e-07,1e-07,1e-07,1e-07,1e-07,1e-07,1e-07,1e-07,1e-07,1e-07,1e-07,1e-07,1e-07,1e-07,1e-07,1e-07,1e-07,1e-07,1e-07,1e-07,1e-07,1e-07
2022-08-18 20:34:09,1e-07,1e-07,1e-07,0.9999999,1e-07,1e-07,1e-07,1e-07,0.9999999,1e-07,1e-07,1e-07,1e-07,1e-07,1e-07,1e-07,1e-07,1e-07,1e-07,1e-07,1e-07,1e-07,1e-07,1e-07,1e-07,1e-07,1e-07,1e-07,1e-07,1e-07,1e-07,1e-07,1e-07,1e-07,1e-07,1e-07,1e-07,1e-07,1e-07
2022-08-18 20:34:10,1e-07,1e-07,1e-07,0.9999999,1e-07,1e-07,1e-07,1e-07,0.9999999,1e-07,1e-07,1e-07,1e-07,1e-07,1e-07,1e-07,1e-07,1e-07,1e-07,1e-07,1e-07,1e-07,1e-07,1e-07,1e-07,1e-07,1e-07,1e-07,1e-07,1e-07,1e-07,1e-07,1e-07,1e-07,1e-07,1e-07,1e-07,1e-07,1e-07
2022-08-18 20:34:11,1e-07,1e-07,1e-07,0.9999999,1e-07,1e-07,1e-07,1e-07,0.9999999,1e-07,1e-07,1e-07,1e-07,1e-07,1e-07,1e-07,1e-07,1e-07,1e-07,1e-07,1e-07,1e-07,1e-07,1e-07,1e-07,1e-07,1e-07,1e-07,1e-07,1e-07,1e-07,1e-07,1e-07,1e-07,1e-07,1e-07,1e-07,1e-07,1e-07
2022-08-18 20:34:12,1e-07,1e-07,1e-07,0.9999999,1e-07,1e-07,1e-07,1e-07,0.9999999,1e-07,1e-07,1e-07,1e-07,1e-07,1e-07,1e-07,1e-07,1e-07,1e-07,1e-07,1e-07,1e-07,1e-07,1e-07,1e-07,1e-07,1e-07,1e-07,1e-07,1e-07,1e-07,1e-07,1e-07,1e-07,1e-07,1e-07,1e-07,1e-07,1e-07
2022-08-18 20:34:13,1e-07,1e-07,1e-07,0.9999999,1e-07,1e-07,1e-07,1e-07,0.9999999,1e-07,1e-07,1e-07,1e-07,1e-07,1e-07,1e-07,1e-07,1e-07,1e-07,1e-07,1e-07,1e-07,1e-07,1e-07,1e-07,1e-07,1e-07,1e-07,1e-07,1e-07,1e-07,1e-07,1e-07,1e-07,1e-07,1e-07,1e-07,1e-07,1e-07
2022-08-18 20:34:14,1e-07,1e-07,1e-07,0.9999999,1e-07,1e-07,1e-07,1e-07,0.9999999,1e-07,1e-07,1e-07,1e-07,1e-07,1e-07,1e-07,1e-07,1e-07,1e-07,1e-07,1e-07,1e-07,1e-07,1e-07,1e-07,1e-07,1e-07,1e-07,1e-07,1e-07,1e-07,1e-07,1e-07,1e-07,1e-07,1e-07,1e-07,1e-07,1e-07
2022-08-18 20:34:15,1e-07,1e-07,1e-07,0.9999999,1e-07,1e-07,1e-07,1e-07,0.9999999,1e-07,1e-07,1e-07,1e-07,1e-07,1e-07,1e-07,1e-07,1e-07,1e-07,1e-07,1e-07,1e-07,1e-07,1e-07,1e-07,1e-07,1e-07,1e-07,1e-07,1e-07,1e-07,1e-07,1e-07,1e-07,1e-07,1e-07,1e-07,1e-07,1e-07
2022-08-18 20:34:16,1e-07,1e-07,1e-07,0.9999999,1e-07,1e-07,1e-07,1e-07,0.9999999,1e-07,1e-07,1e-07,1e-07,1e-07,1e-07,1e-07,1e-07,1e-07,1e-07,1e-07,1e-07,1e-07,1e-07,1e-07,1e-07,1e-07,1e-07,1e-07,1e-07,1e-07,1e-07,1e-07,1e-07,1e-07,1e-07,1e-07,1e-07,1e-07,1e-07
2022-08-18 20:34:17,1e-07,1e-07,1e-07,0.9999999,1e-07,1e-07,1e-07,1e-07,0.9999999,1e-07,1e-07,1e-07,1e-07,1e-07,1e-07,1e-07,1e-07,1e-07,1e-07,1e-07,1e-07,1e-07,1e-07,1e-07,1e-07,1e-07,1e-07,1e-07,1e-07,1e-07,1e-07,1e-07,1e-07,1e-07,1e-07,1e-07,1e-07,1e-07,1e-07
2022-08-18 20:34:18,1e-07,1e-07,1e-07,0.9999999,1e-07,1e-07,1e-07,1e-07,0.9999999,1e-07,1e-07,1e-07,1e-07,1e-07,1e-07,1e-07,1e-07,1e-07,1e-07,1e-07,1e-07,1e-07,1e-07,1e-07,1e-07,1e-07,1e-07,1e-07,1e-07,1e-07,1e-07,1e-07,1e-07,1e-07,1e-07,1e-07,1e-07,1e-07,1e-07
2022-08-18 20:34:19,1e-07,1e-07,1e-07,0.9999999,1e-07,1e-07,1e-07,1e-07,0.9999999,1e-07,1e-07,1e-07,1e-07,1e-07,1e-07,1e-07,1e-07,1e-07,1e-07,1e-07,1e-07,1e-07,1e-07,1e-07,1e-07,1e-07,1e-07,1e-07,1e-07,1e-07,1e-07,1e-07,1e-07,1e-07,1e-07,1e-07,1e-07,1e-07,1e-07
2022-08-18 20:34:20,1e-07,1e-07,1e-07,0.9999999,1e-07,1e-07,1e-07,1e-07,0.9999999,1e-07,1e-07,1e-07,1e-07,1e-07,1e-07,1e-07,1e-07,1e-07,1e-07,1e-07,1e-07,1e-07,1e-07,1e-07,1e-07,1e-07,1e-07,1e-07,1e-07,1e-07,1e-07,1e-07,1e-07,1e-07,1e-07,1e-07,1e-07,1e-07,1e-07
2022-08-18 20:34:21,1e-07,1e-07,1e-07,0.9999999,1e-07,1e-07,1e-07,1e-07,0.9999999,1e-07,1e-07,1e-07,1e-07,1e-07,1e-07,1e-07,1e-07,1e-07,1e-07,1e-07,1e-07,1e-07,1e-07,1e-07,1e-07,1e-07,1e-07,1e-07,1e-07,1e-07,1e-07,1e-07,1e-07,1e-07,1e-07,1e-07,1e-07,1e-07,1e-07
2022-08-18 20:34:22,1e-07,1e-07,1e-07,0.9999999,1e-07,1e-07,1e-07,1e-07,0.9999999,1e-07,1e-07,1e-07,1e-07,1e-07,1e-07,1e-07,1e-07,1e-07,1e-07,1e-07,1e-07,1e-07,1e-07,1e-07,1e-07,1e-07,1e-07,1e-07,1e-07,1e-07,1e-07,1e-07,1e-07,1e-07,1e-07,1e-07,1e-07,1e-07,1e-07
2022-08-18 20:34:23,1e-07,1e-07,1e-07,0.9999999,1e-07,1e-07,1e-07,1e-07,0.9999999,1e-07,1e-07,1e-07,1e-07,1e-07,1e-07,1e-07,1e-07,1e-07,1e-07,1e-07,1e-07,1e-07,1e-07,1e-07,1e-07,1e-07,1e-07,1e-07,1e-07,1e-07,1e-07,1e-07,1e-07,1e-07,1e-07,1e-07,1e-07,1e-07,1e-07
2022-08-18 20:34:24,1e-07,1e-07,1e-07,0.9999999,1e-07,1e-07,1e-07,1e-07,0.9999999,1e-07,1e-07,1e-07,1e-07,1e-07,1e-07,1e-07,1e-07,1e-07,1e-07,1e-07,1e-07,1e-07,1e-07,1e-07,1e-07,1e-07,1e-07,1e-07,1e-07,1e-07,1e-07,1e-07,1e-07,1e-07,1e-07,1e-07,1e-07,1e-07,1e-07
2022-08-18 20:34:25,1e-07,1e-07,1e-07,0.9999999,1e-07,1e-07,1e-07,1e-07,0.9999999,1e-07,1e-07,1e-07,1e-07,1e-07,1e-07,1e-07,1e-07,1e-07,1e-07,1e-07,1e-07,1e-07,1e-07,1e-07,1e-07,1e-07,1e-07,1e-07,1e-07,1e-07,1e-07,1e-07,1e-07,1e-07,1e-07,1e-07,1e-07,1e-07,1e-07
2022-08-18 20:34:26,1e-07,1e-07,1e-07,0.9999999,1e-07,1e-07,1e-07,1e-07,0.9999999,1e-07,1e-07,1e-07,1e-07,1e-07,1e-07,1e-07,1e-07,1e-07,1e-07,1e-07,1e-07,1e-07,1e-07,1e-07,1e-07,1e-07,1e-07,1e-07,1e-07,1e-07,1e-07,1e-07,1e-07,1e-07,1e-07,1e-07,1e-07,1e-07,1e-07
2022-08-18 20:34:27,1e-07,1e-07,1e-07,0.9999999,1e-07,1e-07,1e-07,1e-07,0.9999999,1e-07,1e-07,1e-07,1e-07,1e-07,1e-07,1e-07,1e-07,1e-07,1e-07,1e-07,1e-07,1e-07,1e-07,1e-07,1e-07,1e-07,1e-07,1e-07,1e-07,1e-07,1e-07,1e-07,1e-07,1e-07,1e-07,1e-07,1e-07,1e-07,1e-07
2022-08-18 20:34:28,1e-07,1e-07,1e-07,0.9999999,1e-07,1e-07,1e-07,1e-07,0.9999999,1e-07,1e-07,1e-07,1e-07,1e-07,1e-07,1e-07,1e-07,1e-07,1e-07,1e-07,1e-07,1e-07,1e-07,1e-07,1e-07,1e-07,1e-07,1e-07,1e-07,1e-07,1e-07,1e-07,1e-07,1e-07,1e-07,1e-07,1e-07,1e-07,1e-07
2022-08-18 20:34:29,1e-07,1e-07,1e-07,0.9999999,1e-07,1e-07,1e-07,1e-07,0.9999999,1e-07,1e-07,1e-07,1e-07,1e-07,1e-07,1e-07,1e-07,1e-07,1e-07,1e-07,1e-07,1e-07,1e-07,1e-07,1e-07,1e-07,1e-07,1e-07,1e-07,1e-07,1e-07,1e-07,1e-07,1e-07,1e-07,1e-07,1e-07,1e-07,1e-07
2022-08-18 20:34:30,1e-07,1e-07,1e-07,0.9999999,1e-07,1e-07,1e-07,1e-07,0.9999999,1e-07,1e-07,1e-07,1e-07,1e-07,1e-07,1e-07,1e-07,1e-07,1e-07,1e-07,1e-07,1e-07,1e-07,1e-07,1e-07,1e-07,1e-07,1e-07,1e-07,1e-07,1e-07,1e-07,1e-07,1e-07,1e-07,1e-07,1e-07,1e-07,1e-07
2022-08-18 20:34:31,1e-07,1e-07,1e-07,0.9999999,1e-07,1e-07,1e-07,1e-07,0.9999999,1e-07,1e-07,1e-07,1e-07,1e-07,1e-07,1e-07,1e-07,1e-07,1e-07,1e-07,1e-07,1e-07,1e-07,1e-07,1e-07,1e-07,1e-07,1e-07,1e-07,1e-07,1e-07,1e-07,1e-07,1e-07,1e-07,1e-07,1e-07,1e-07,1e-07
2022-08-18 20:34:32,1e-07,1e-07,1e-07,0.9999999,1e-07,1e-07,1e-07,1e-07,0.9999999,1e-07,1e-07,1e-07,1e-07,1e-07,1e-07,1e-07,1e-07,1e-07,1e-07,1e-07,1e-07,1e-07,1e-07,1e-07,1e-07,1e-07,1e-07,1e-07,1e-07,1e-07,1e-07,1e-07,1e-07,1e-07,1e-07,1e-07,1e-07,1e-07,1e-07
2022-08-18 20:34:33,1e-07,1e-07,1e-07,0.9999999,1e-07,1e-07,1e-07,1e-07,0.9999999,1e-07,1e-07,1e-07,1e-07,1e-07,1e-07,1e-07,1e-07,1e-07,1e-07,1e-07,1e-07,1e-07,1e-07,1e-07,1e-07,1e-07,1e-07,1e-07,1e-07,1e-07,1e-07,1e-07,1e-07,1e-07,1e-07,1e-07,1e-07,1e-07,1e-07
2022-08-18 20:34:34,1e-07,1e-07,1e-07,0.9999999,1e-07,1e-07,1e-07,1e-07,0.9999999,1e-07,1e-07,1e-07,1e-07,1e-07,1e-07,1e-07,1e-07,1e-07,1e-07,1e-07,1e-07,1e-07,1e-07,1e-07,1e-07,1e-07,1e-07,1e-07,1e-07,1e-07,1e-07,1e-07,1e-07,1e-07,1e-07,1e-07,1e-07,1e-07,1e-07
2022-08-18 20:34:35,1e-07,1e-07,1e-07,0.9999999,1e-07,1e-07,1e-07,1e-07,0.9999999,1e-07,1e-07,1e-07,1e-07,1e-07,1e-07,1e-07,1e-07,1e-07,1e-07,1e-07,1e-07,1e-07,1e-07,1e-07,1e-07,1e-07,1e-07,1e-07,1e-07,1e-07,1e-07,1e-07,1e-07,1e-07,1e-07,1e-07,1e-07,1e-07,1e-07
2022-08-18 20:34:36,1e-07,1e-07,1e-07,0.9999999,1e-07,1e-07,1e-07,1e-07,0.9999999,1e-07,1e-07,1e-07,1e-07,1e-07,1e-07,1e-07,1e-07,1e-07,1e-07,1e-07,1e-07,1e-07,1e-07,1e-07,1e-07,1e-07,1e-07,1e-07,1e-07,1e-07,1e-07,1e-07,1e-07,1e-07,1e-07,1e-07,1e-07,1e-07,1e-07
2022-08-18 20:34:37,1e-07,1e-07,1e-07,0.9999999,1e-07,1e-07,1e-07,1e-07,0.9999999,1e-07,1e-07,1e-07,1e-07,1e-07,1e-07,1e-07,1e-07,1e-07,1e-07,1e-07,1e-07,1e-07,1e-07,1e-07,1e-07,1e-07,1e-07,1e-07,1e-07,1e-07,1e-07,1e-07,1e-07,1e-07,1e-07,1e-07,1e-07,1e-07,1e-07
2022-08-18 20:34:38,1e-07,1e-07,1e-07,0.9999999,1e-07,1e-07,1e-07,1e-07,0.9999999,1e-07,1e-07,1e-07,1e-07,1e-07,1e-07,1e-07,1e-07,1e-07,1e-07,1e-07,1e-07,1e-07,1e-07,1e-07,1e-07,1e-07,1e-07,1e-07,1e-07,1e-07,1e-07,1e-07,1e-07,1e-07,1e-07,1e-07,1e-07,1e-07,1e-07
2022-08-18 20:34:39,1e-07,1e-07,1e-07,0.9999999,1e-07,1e-07,1e-07,1e-07,0.9999999,1e-07,1e-07,1e-07,1e-07,1e-07,1e-07,1e-07,1e-07,1e-07,1e-07,1e-07,1e-07,1e-07,1e-07,1e-07,1e-07,1e-07,1e-07,1e-07,1e-07,1e-07,1e-07,1e-07,1e-07,1e-07,1e-07,1e-07,1e-07,1e-07,1e-07
2022-08-18 20:34:40,1e-07,1e-07,1e-07,0.9999999,1e-07,1e-07,1e-07,1e-07,0.9999999,1e-07,1e-07,1e-07,1e-07,1e-07,1e-07,1e-07,1e-07,1e-07,1e-07,1e-07,1e-07,1e-07,1e-07,1e-07,1e-07,1e-07,1e-07,1e-07,1e-07,1e-07,1e-07,1e-07,1e-07,1e-07,1e-07,1e-07,1e-07,1e-07,1e-07
2022-08-18 20:34:41,1e-07,1e-07,1e-07,0.9999999,1e-07,1e-07,1e-07,1e-07,0.9999999,1e-07,1e-07,1e-07,1e-07,1e-07,1e-07,1e-07,1e-07,1e-07,1e-07,1e-07,1e-07,1e-07,1e-07,1e-07,1e-07,1e-07,1e-07,1e-07,1e-07,1e-07,1e-07,1e-07,1e-07,1e-07,1e-07,1e-07,1e-07,1e-07,1e-07
2022-08-18 20:34:42,1e-07,1e-07,1e-07,0.9999999,1e-07,1e-07,1e-07,1e-07,0.9999999,1e-07,1e-07,1e-07,1e-07,1e-07,1e-07,1e-07,1e-07,1e-07,1e-07,1e-07,1e-07,1e-07,1e-07,1e-07,1e-07,1e-07,1e-07,1e-07,1e-07,1e-07,1e-07,1e-07,1e-07,1e-07,1e-07,1e-07,1e-07,1e-07,1e-07
2022-08-18 20:34:43,1e-07,1e-07,1e-07,0.9999999,1e-07,1e-07,1e-07,1e-07,0.9999999,1e-07,1e-07,1e-07,1e-07,1e-07,1e-07,1e-07,1e-07,1e-07,1e-07,1e-07,1e-07,1e-07,1e-07,1e-07,1e-07,1e-07,1e-07,1e-07,1e-07,1e-07,1e-07,1e-07,1e-07,1e-07,1e-07,1e-07,1e-07,1e-07,1e-07
2022-08-18 20:34:44,1e-07,1e-07,1e-07,0.9999999,1e-07,1e-07,1e-07,1e-07,0.9999999,1e-07,1e-07,1e-07,1e-07,1e-07,1e-07,1e-07,1e-07,1e-07,1e-07,1e-07,1e-07,1e-07,1e-07,1e-07,1e-07,1e-07,1e-07,1e-07,1e-07,1e-07,1e-07,1e-07,1e-07,1e-07,1e-07,1e-07,1e-07,1e-07,1e-07
2022-08-18 20:34:45,1e-07,1e-07,1e-07,0.9999999,1e-07,1e-07,1e-07,1e-07,0.9999999,1e-07,1e-07,1e-07,1e-07,1e-07,1e-07,1e-07,1e-07,1e-07,1e-07,1e-07,1e-07,1e-07,1e-07,1e-07,1e-07,1e-07,1e-07,1e-07,1e-07,1e-07,1e-07,1e-07,1e-07,1e-07,1e-07,1e-07,1e-07,1e-07,1e-07
2022-08-18 20:34:46,1e-07,1e-07,1e-07,0.9999999,1e-07,1e-07,1e-07,1e-07,0.9999999,1e-07,1e-07,1e-07,1e-07,1e-07,1e-07,1e-07,1e-07,1e-07,1e-07,1e-07,1e-07,1e-07,1e-07,1e-07,1e-07,1e-07,1e-07,1e-07,1e-07,1e-07,1e-07,1e-07,1e-07,1e-07,1e-07,1e-07,1e-07,1e-07,1e-07
2022-08-18 20:34:47,1e-07,1e-07,1e-07,0.9999999,1e-07,1e-07,1e-07,1e-07,0.9999999,1e-07,1e-07,1e-07,1e-07,1e-07,1e-07,1e-07,1e-07,1e-07,1e-07,1e-07,1e-07,1e-07,1e-07,1e-07,1e-07,1e-07,1e-07,1e-07,1e-07,1e-07,1e-07,1e-07,1e-07,1e-07,1e-07,1e-07,1e-07,1e-07,1e-07
2022-08-18 20:34:48,1e-07,1e-07,1e-07,0.9999999,1e-07,1e-07,1e-07,1e-07,0.9999999,1e-07,1e-07,1e-07,1e-07,1e-07,1e-07,1e-07,1e-07,1e-07,1e-07,1e-07,1e-07,1e-07,1e-07,1e-07,1e-07,1e-07,1e-07,1e-07,1e-07,1e-07,1e-07,1e-07,1e-07,1e-07,1e-07,1e-07,1e-07,1e-07,1e-07
2022-08-18 20:34:49,1e-07,1e-07,1e-07,0.9999999,1e-07,1e-07,1e-07,1e-07,0.9999999,1e-07,1e-07,1e-07,1e-07,1e-07,1e-07,1e-07,1e-07,1e-07,1e-07,1e-07,1e-07,1e-07,1e-07,1e-07,1e-07,1e-07,1e-07,1e-07,1e-07,1e-07,1e-07,1e-07,1e-07,1e-07,1e-07,1e-07,1e-07,1e-07,1e-07
2022-08-18 20:34:50,1e-07,1e-07,1e-07,0.9999999,1e-07,1e-07,1e-07,1e-07,0.9999999,1e-07,1e-07,1e-07,1e-07,1e-07,1e-07,1e-07,1e-07,1e-07,1e-07,1e-07,1e-07,1e-07,1e-07,1e-07,1e-07,1e-07,1e-07,1e-07,1e-07,1e-07,1e-07,1e-07,1e-07,1e-07,1e-07,1e-07,1e-07,1e-07,1e-07
2022-08-18 20:34:51,1e-07,1e-07,1e-07,0.9999999,1e-07,1e-07,1e-07,1e-07,0.9999999,1e-07,1e-07,1e-07,1e-07,1e-07,1e-07,1e-07,1e-07,1e-07,1e-07,1e-07,1e-07,1e-07,1e-07,1e-07,1e-07,1e-07,1e-07,1e-07,1e-07,1e-07,1e-07,1e-07,1e-07,1e-07,1e-07,1e-07,1e-07,1e-07,1e-07
2022-08-18 20:34:52,1e-07,1e-07,1e-07,0.9999999,1e-07,1e-07,1e-07,1e-07,0.9999999,1e-07,1e-07,1e-07,1e-07,1e-07,1e-07,1e-07,1e-07,1e-07,1e-07,1e-07,1e-07,1e-07,1e-07,1e-07,1e-07,1e-07,1e-07,1e-07,1e-07,1e-07,1e-07,1e-07,1e-07,1e-07,1e-07,1e-07,1e-07,1e-07,1e-07
2022-08-18 20:34:53,1e-07,1e-07,1e-07,0.9999999,1e-07,1e-07,1e-07,1e-07,0.9999999,1e-07,1e-07,1e-07,1e-07,1e-07,1e-07,1e-07,1e-07,1e-07,1e-07,1e-07,1e-07,1e-07,1e-07,1e-07,1e-07,1e-07,1e-07,1e-07,1e-07,1e-07,1e-07,1e-07,1e-07,1e-07,1e-07,1e-07,1e-07,1e-07,1e-07
2022-08-18 20:34:54,1e-07,1e-07,1e-07,0.9999999,1e-07,1e-07,1e-07,1e-07,0.9999999,1e-07,1e-07,1e-07,1e-07,1e-07,1e-07,1e-07,1e-07,1e-07,1e-07,1e-07,1e-07,1e-07,1e-07,1e-07,1e-07,1e-07,1e-07,1e-07,1e-07,1e-07,1e-07,1e-07,1e-07,1e-07,1e-07,1e-07,1e-07,1e-07,1e-07
2022-08-18 20:34:55,1e-07,1e-07,1e-07,0.9999999,1e-07,1e-07,1e-07,1e-07,0.9999999,1e-07,1e-07,1e-07,1e-07,1e-07,1e-07,1e-07,1e-07,1e-07,1e-07,1e-07,1e-07,1e-07,1e-07,1e-07,1e-07,1e-07,1e-07,1e-07,1e-07,1e-07,1e-07,1e-07,1e-07,1e-07,1e-07,1e-07,1e-07,1e-07,1e-07
2022-08-18 20:34:56,1e-07,1e-07,1e-07,0.9999999,1e-07,1e-07,1e-07,1e-07,0.9999999,1e-07,1e-07,1e-07,1e-07,1e-07,1e-07,1e-07,1e-07,1e-07,1e-07,1e-07,1e-07,1e-07,1e-07,1e-07,1e-07,1e-07,1e-07,1e-07,1e-07,1e-07,1e-07,1e-07,1e-07,1e-07,1e-07,1e-07,1e-07,1e-07,1e-07
2022-08-18 20:34:57,1e-07,1e-07,1e-07,0.9999999,1e-07,1e-07,1e-07,1e-07,0.9999999,1e-07,1e-07,1e-07,1e-07,1e-07,1e-07,1e-07,1e-07,1e-07,1e-07,1e-07,1e-07,1e-07,1e-07,1e-07,1e-07,1e-07,1e-07,1e-07,1e-07,1e-07,1e-07,1e-07,1e-07,1e-07,1e-07,1e-07,1e-07,1e-07,1e-07
2022-08-18 20:34:58,1e-07,1e-07,1e-07,0.9999999,1e-07,1e-07,1e-07,1e-07,0.9999999,1e-07,1e-07,1e-07,1e-07,1e-07,1e-07,1e-07,1e-07,1e-07,1e-07,1e-07,1e-07,1e-07,1e-07,1e-07,1e-07,1e-07,1e-07,1e-07,1e-07,1e-07,1e-07,1e-07,1e-07,1e-07,1e-07,1e-07,1e-07,1e-07,1e-07
2022-08-18 20:34:59,1e-07,1e-07,1e-07,0.9999999,1e-07,1e-07,1e-07,1e-07,0.9999999,1e-07,1e-07,1e-07,1e-07,1e-07,1e-07,1e-07,1e-07,1e-07,1e-07,1e-07,1e-07,1e-07,1e-07,1e-07,1e-07,1e-07,1e-07,1e-07,1e-07,1e-07,1e-07,1e-07,1e-07,1e-07,1e-07,1e-07,1e-07,1e-07,1e-07
2022-08-18 21:43:00,1e-07,1e-07,1e-07,1e-07,1e-07,1e-07,1e-07,0.9999999,1e-07,1e-07,0.9999999,1e-07,1e-07,1e-07,1e-07,1e-07,1e-07,1e-07,1e-07,1e-07,1e-07,1e-07,1e-07,1e-07,1e-07,1e-07,1e-07,1e-07,1e-07,1e-07,1e-07,1e-07,1e-07,1e-07,1e-07,1e-07,1e-07,1e-07,1e-07
2022-08-18 21:43:01,1e-07,1e-07,1e-07,1e-07,1e-07,1e-07,1e-07,0.9999999,1e-07,1e-07,0.9999999,1e-07,1e-07,1e-07,1e-07,1e-07,1e-07,1e-07,1e-07,1e-07,1e-07,1e-07,1e-07,1e-07,1e-07,1e-07,1e-07,1e-07,1e-07,1e-07,1e-07,1e-07,1e-07,1e-07,1e-07,1e-07,1e-07,1e-07,1e-07
2022-08-18 21:43:02,1e-07,1e-07,1e-07,1e-07,1e-07,1e-07,1e-07,0.9999999,1e-07,1e-07,0.9999999,1e-07,1e-07,1e-07,1e-07,1e-07,1e-07,1e-07,1e-07,1e-07,1e-07,1e-07,1e-07,1e-07,1e-07,1e-07,1e-07,1e-07,1e-07,1e-07,1e-07,1e-07,1e-07,1e-07,1e-07,1e-07,1e-07,1e-07,1e-07
2022-08-18 21:43:03,1e-07,1e-07,1e-07,1e-07,1e-07,1e-07,1e-07,0.9999999,1e-07,1e-07,0.9999999,1e-07,1e-07,1e-07,1e-07,1e-07,1e-07,1e-07,1e-07,1e-07,1e-07,1e-07,1e-07,1e-07,1e-07,1e-07,1e-07,1e-07,1e-07,1e-07,1e-07,1e-07,1e-07,1e-07,1e-07,1e-07,1e-07,1e-07,1e-07
2022-08-18 21:43:04,1e-07,1e-07,1e-07,1e-07,1e-07,1e-07,1e-07,0.9999999,1e-07,1e-07,0.9999999,1e-07,1e-07,1e-07,1e-07,1e-07,1e-07,1e-07,1e-07,1e-07,1e-07,1e-07,1e-07,1e-07,1e-07,1e-07,1e-07,1e-07,1e-07,1e-07,1e-07,1e-07,1e-07,1e-07,1e-07,1e-07,1e-07,1e-07,1e-07
2022-08-18 21:43:05,1e-07,1e-07,1e-07,1e-07,1e-07,1e-07,1e-07,0.9999999,1e-07,1e-07,0.9999999,1e-07,1e-07,1e-07,1e-07,1e-07,1e-07,1e-07,1e-07,1e-07,1e-07,1e-07,1e-07,1e-07,1e-07,1e-07,1e-07,1e-07,1e-07,1e-07,1e-07,1e-07,1e-07,1e-07,1e-07,1e-07,1e-07,1e-07,1e-07
2022-08-18 21:43:06,1e-07,1e-07,1e-07,1e-07,1e-07,1e-07,1e-07,0.9999999,1e-07,1e-07,0.9999999,1e-07,1e-07,1e-07,1e-07,1e-07,1e-07,1e-07,1e-07,1e-07,1e-07,1e-07,1e-07,1e-07,1e-07,1e-07,1e-07,1e-07,1e-07,1e-07,1e-07,1e-07,1e-07,1e-07,1e-07,1e-07,1e-07,1e-07,1e-07
2022-08-18 21:43:07,1e-07,1e-07,1e-07,1e-07,1e-07,1e-07,1e-07,0.9999999,1e-07,1e-07,0.9999999,1e-07,1e-07,1e-07,1e-07,1e-07,1e-07,1e-07,1e-07,1e-07,1e-07,1e-07,1e-07,1e-07,1e-07,1e-07,1e-07,1e-07,1e-07,1e-07,1e-07,1e-07,1e-07,1e-07,1e-07,1e-07,1e-07,1e-07,1e-07
2022-08-18 21:43:08,1e-07,1e-07,1e-07,1e-07,1e-07,1e-07,1e-07,0.9999999,1e-07,1e-07,0.9999999,1e-07,1e-07,1e-07,1e-07,1e-07,1e-07,1e-07,1e-07,1e-07,1e-07,1e-07,1e-07,1e-07,1e-07,1e-07,1e-07,1e-07,1e-07,1e-07,1e-07,1e-07,1e-07,1e-07,1e-07,1e-07,1e-07,1e-07,1e-07
2022-08-18 21:43:09,1e-07,1e-07,1e-07,1e-07,1e-07,1e-07,1e-07,0.9999999,1e-07,1e-07,0.9999999,1e-07,1e-07,1e-07,1e-07,1e-07,1e-07,1e-07,1e-07,1e-07,1e-07,1e-07,1e-07,1e-07,1e-07,1e-07,1e-07,1e-07,1e-07,1e-07,1e-07,1e-07,1e-07,1e-07,1e-07,1e-07,1e-07,1e-07,1e-07
2022-08-18 21:43:10,1e-07,1e-07,1e-07,1e-07,1e-07,1e-07,1e-07,0.9999999,1e-07,1e-07,0.9999999,1e-07,1e-07,1e-07,1e-07,1e-07,1e-07,1e-07,1e-07,1e-07,1e-07,1e-07,1e-07,1e-07,1e-07,1e-07,1e-07,1e-07,1e-07,1e-07,1e-07,1e-07,1e-07,1e-07,1e-07,1e-07,1e-07,1e-07,1e-07
2022-08-18 21:43:11,1e-07,1e-07,1e-07,1e-07,1e-07,1e-07,1e-07,0.9999999,1e-07,1e-07,0.9999999,1e-07,1e-07,1e-07,1e-07,1e-07,1e-07,1e-07,1e-07,1e-07,1e-07,1e-07,1e-07,1e-07,1e-07,1e-07,1e-07,1e-07,1e-07,1e-07,1e-07,1e-07,1e-07,1e-07,1e-07,1e-07,1e-07,1e-07,1e-07
2022-08-18 21:43:12,1e-07,1e-07,1e-07,1e-07,1e-07,1e-07,1e-07,0.9999999,1e-07,1e-07,0.9999999,1e-07,1e-07,1e-07,1e-07,1e-07,1e-07,1e-07,1e-07,1e-07,1e-07,1e-07,1e-07,1e-07,1e-07,1e-07,1e-07,1e-07,1e-07,1e-07,1e-07,1e-07,1e-07,1e-07,1e-07,1e-07,1e-07,1e-07,1e-07
2022-08-18 21:43:13,1e-07,1e-07,1e-07,1e-07,1e-07,1e-07,1e-07,0.9999999,1e-07,1e-07,0.9999999,1e-07,1e-07,1e-07,1e-07,1e-07,1e-07,1e-07,1e-07,1e-07,1e-07,1e-07,1e-07,1e-07,1e-07,1e-07,1e-07,1e-07,1e-07,1e-07,1e-07,1e-07,1e-07,1e-07,1e-07,1e-07,1e-07,1e-07,1e-07
2022-08-18 21:43:14,1e-07,1e-07,1e-07,1e-07,1e-07,1e-07,1e-07,0.9999999,1e-07,1e-07,0.9999999,1e-07,1e-07,1e-07,1e-07,1e-07,1e-07,1e-07,1e-07,1e-07,1e-07,1e-07,1e-07,1e-07,1e-07,1e-07,1e-07,1e-07,1e-07,1e-07,1e-07,1e-07,1e-07,1e-07,1e-07,1e-07,1e-07,1e-07,1e-07
2022-08-18 21:43:15,1e-07,1e-07,1e-07,1e-07,1e-07,1e-07,1e-07,0.9999999,1e-07,1e-07,0.9999999,1e-07,1e-07,1e-07,1e-07,1e-07,1e-07,1e-07,1e-07,1e-07,1e-07,1e-07,1e-07,1e-07,1e-07,1e-07,1e-07,1e-07,1e-07,1e-07,1e-07,1e-07,1e-07,1e-07,1e-07,1e-07,1e-07,1e-07,1e-07
2022-08-18 21:43:16,1e-07,1e-07,1e-07,1e-07,1e-07,1e-07,1e-07,0.9999999,1e-07,1e-07,0.9999999,1e-07,1e-07,1e-07,1e-07,1e-07,1e-07,1e-07,1e-07,1e-07,1e-07,1e-07,1e-07,1e-07,1e-07,1e-07,1e-07,1e-07,1e-07,1e-07,1e-07,1e-07,1e-07,1e-07,1e-07,1e-07,1e-07,1e-07,1e-07
2022-08-18 21:43:17,1e-07,1e-07,1e-07,1e-07,1e-07,1e-07,1e-07,0.9999999,1e-07,1e-07,0.9999999,1e-07,1e-07,1e-07,1e-07,1e-07,1e-07,1e-07,1e-07,1e-07,1e-07,1e-07,1e-07,1e-07,1e-07,1e-07,1e-07,1e-07,1e-07,1e-07,1e-07,1e-07,1e-07,1e-07,1e-07,1e-07,1e-07,1e-07,1e-07
2022-08-18 21:43:18,1e-07,1e-07,1e-07,1e-07,1e-07,1e-07,1e-07,0.9999999,1e-07,1e-07,0.9999999,1e-07,1e-07,1e-07,1e-07,1e-07,1e-07,1e-07,1e-07,1e-07,1e-07,1e-07,1e-07,1e-07,1e-07,1e-07,1e-07,1e-07,1e-07,1e-07,1e-07,1e-07,1e-07,1e-07,1e-07,1e-07,1e-07,1e-07,1e-07
2022-08-18 21:43:19,1e-07,1e-07,1e-07,1e-07,1e-07,1e-07,1e-07,0.9999999,1e-07,1e-07,0.9999999,1e-07,1e-07,1e-07,1e-07,1e-07,1e-07,1e-07,1e-07,1e-07,1e-07,1e-07,1e-07,1e-07,1e-07,1e-07,1e-07,1e-07,1e-07,1e-07,1e-07,1e-07,1e-07,1e-07,1e-07,1e-07,1e-07,1e-07,1e-07
2022-08-18 21:43:20,1e-07,1e-07,1e-07,1e-07,1e-07,1e-07,1e-07,0.9999999,1e-07,1e-07,0.9999999,1e-07,1e-07,1e-07,1e-07,1e-07,1e-07,1e-07,1e-07,1e-07,1e-07,1e-07,1e-07,1e-07,1e-07,1e-07,1e-07,1e-07,1e-07,1e-07,1e-07,1e-07,1e-07,1e-07,1e-07,1e-07,1e-07,1e-07,1e-07
2022-08-18 21:43:21,1e-07,1e-07,1e-07,1e-07,1e-07,1e-07,1e-07,0.9999999,1e-07,1e-07,0.9999999,1e-07,1e-07,1e-07,1e-07,1e-07,1e-07,1e-07,1e-07,1e-07,1e-07,1e-07,1e-07,1e-07,1e-07,1e-07,1e-07,1e-07,1e-07,1e-07,1e-07,1e-07,1e-07,1e-07,1e-07,1e-07,1e-07,1e-07,1e-07
2022-08-18 21:43:22,1e-07,1e-07,1e-07,1e-07,1e-07,1e-07,1e-07,0.9999999,1e-07,1e-07,0.9999999,1e-07,1e-07,1e-07,1e-07,1e-07,1e-07,1e-07,1e-07,1e-07,1e-07,1e-07,1e-07,1e-07,1e-07,1e-07,1e-07,1e-07,1e-07,1e-07,1e-07,1e-07,1e-07,1e-07,1e-07,1e-07,1e-07,1e-07,1e-07
2022-08-18 21:43:23,1e-07,1e-07,1e-07,1e-07,1e-07,1e-07,1e-07,0.9999999,1e-07,1e-07,0.9999999,1e-07,1e-07,1e-07,1e-07,1e-07,1e-07,1e-07,1e-07,1e-07,1e-07,1e-07,1e-07,1e-07,1e-07,1e-07,1e-07,1e-07,1e-07,1e-07,1e-07,1e-07,1e-07,1e-07,1e-07,1e-07,1e-07,1e-07,1e-07
2022-08-18 21:43:24,1e-07,1e-07,1e-07,1e-07,1e-07,1e-07,1e-07,0.9999999,1e-07,1e-07,0.9999999,1e-07,1e-07,1e-07,1e-07,1e-07,1e-07,1e-07,1e-07,1e-07,1e-07,1e-07,1e-07,1e-07,1e-07,1e-07,1e-07,1e-07,1e-07,1e-07,1e-07,1e-07,1e-07,1e-07,1e-07,1e-07,1e-07,1e-07,1e-07
2022-08-18 21:43:25,1e-07,1e-07,1e-07,1e-07,1e-07,1e-07,1e-07,0.9999999,1e-07,1e-07,0.9999999,1e-07,1e-07,1e-07,1e-07,1e-07,1e-07,1e-07,1e-07,1e-07,1e-07,1e-07,1e-07,1e-07,1e-07,1e-07,1e-07,1e-07,1e-07,1e-07,1e-07,1e-07,1e-07,1e-07,1e-07,1e-07,1e-07,1e-07,1e-07
2022-08-18 21:43:26,1e-07,1e-07,1e-07,1e-07,1e-07,1e-07,1e-07,0.9999999,1e-07,1e-07,0.9999999,1e-07,1e-07,1e-07,1e-07,1e-07,1e-07,1e-07,1e-07,1e-07,1e-07,1e-07,1e-07,1e-07,1e-07,1e-07,1e-07,1e-07,1e-07,1e-07,1e-07,1e-07,1e-07,1e-07,1e-07,1e-07,1e-07,1e-07,1e-07
2022-08-18 21:43:27,1e-07,1e-07,1e-07,1e-07,1e-07,1e-07,1e-07,0.9999999,1e-07,1e-07,0.9999999,1e-07,1e-07,1e-07,1e-07,1e-07,1e-07,1e-07,1e-07,1e-07,1e-07,1e-07,1e-07,1e-07,1e-07,1e-07,1e-07,1e-07,1e-07,1e-07,1e-07,1e-07,1e-07,1e-07,1e-07,1e-07,1e-07,1e-07,1e-07
2022-08-18 21:43:28,1e-07,1e-07,1e-07,1e-07,1e-07,1e-07,1e-07,0.9999999,1e-07,1e-07,0.9999999,1e-07,1e-07,1e-07,1e-07,1e-07,1e-07,1e-07,1e-07,1e-07,1e-07,1e-07,1e-07,1e-07,1e-07,1e-07,1e-07,1e-07,1e-07,1e-07,1e-07,1e-07,1e-07,1e-07,1e-07,1e-07,1e-07,1e-07,1e-07
2022-08-18 21:43:29,1e-07,1e-07,1e-07,1e-07,1e-07,1e-07,1e-07,0.9999999,1e-07,1e-07,0.9999999,1e-07,1e-07,1e-07,1e-07,1e-07,1e-07,1e-07,1e-07,1e-07,1e-07,1e-07,1e-07,1e-07,1e-07,1e-07,1e-07,1e-07,1e-07,1e-07,1e-07,1e-07,1e-07,1e-07,1e-07,1e-07,1e-07,1e-07,1e-07
2022-08-18 21:43:30,1e-07,1e-07,1e-07,1e-07,1e-07,1e-07,1e-07,0.9999999,1e-07,1e-07,0.9999999,1e-07,1e-07,1e-07,1e-07,1e-07,1e-07,1e-07,1e-07,1e-07,1e-07,1e-07,1e-07,1e-07,1e-07,1e-07,1e-07,1e-07,1e-07,1e-07,1e-07,1e-07,1e-07,1e-07,1e-07,1e-07,1e-07,1e-07,1e-07
2022-08-18 21:43:31,1e-07,1e-07,1e-07,1e-07,1e-07,1e-07,1e-07,0.9999999,1e-07,1e-07,0.9999999,1e-07,1e-07,1e-07,1e-07,1e-07,1e-07,1e-07,1e-07,1e-07,1e-07,1e-07,1e-07,1e-07,1e-07,1e-07,1e-07,1e-07,1e-07,1e-07,1e-07,1e-07,1e-07,1e-07,1e-07,1e-07,1e-07,1e-07,1e-07
2022-08-18 21:43:32,1e-07,1e-07,1e-07,1e-07,1e-07,1e-07,1e-07,0.9999999,1e-07,1e-07,0.9999999,1e-07,1e-07,1e-07,1e-07,1e-07,1e-07,1e-07,1e-07,1e-07,1e-07,1e-07,1e-07,1e-07,1e-07,1e-07,1e-07,1e-07,1e-07,1e-07,1e-07,1e-07,1e-07,1e-07,1e-07,1e-07,1e-07,1e-07,1e-07
2022-08-18 21:43:33,1e-07,1e-07,1e-07,1e-07,1e-07,1e-07,1e-07,0.9999999,1e-07,1e-07,0.9999999,1e-07,1e-07,1e-07,1e-07,1e-07,1e-07,1e-07,1e-07,1e-07,1e-07,1e-07,1e-07,1e-07,1e-07,1e-07,1e-07,1e-07,1e-07,1e-07,1e-07,1e-07,1e-07,1e-07,1e-07,1e-07,1e-07,1e-07,1e-07
2022-08-18 21:43:34,1e-07,1e-07,1e-07,1e-07,1e-07,1e-07,1e-07,0.9999999,1e-07,1e-07,0.9999999,1e-07,1e-07,1e-07,1e-07,1e-07,1e-07,1e-07,1e-07,1e-07,1e-07,1e-07,1e-07,1e-07,1e-07,1e-07,1e-07,1e-07,1e-07,1e-07,1e-07,1e-07,1e-07,1e-07,1e-07,1e-07,1e-07,1e-07,1e-07
2022-08-18 21:43:35,1e-07,1e-07,1e-07,1e-07,1e-07,1e-07,1e-07,0.9999999,1e-07,1e-07,0.9999999,1e-07,1e-07,1e-07,1e-07,1e-07,1e-07,1e-07,1e-07,1e-07,1e-07,1e-07,1e-07,1e-07,1e-07,1e-07,1e-07,1e-07,1e-07,1e-07,1e-07,1e-07,1e-07,1e-07,1e-07,1e-07,1e-07,1e-07,1e-07
2022-08-18 21:43:36,1e-07,1e-07,1e-07,1e-07,1e-07,1e-07,1e-07,0.9999999,1e-07,1e-07,0.9999999,1e-07,1e-07,1e-07,1e-07,1e-07,1e-07,1e-07,1e-07,1e-07,1e-07,1e-07,1e-07,1e-07,1e-07,1e-07,1e-07,1e-07,1e-07,1e-07,1e-07,1e-07,1e-07,1e-07,1e-07,1e-07,1e-07,1e-07,1e-07
2022-08-18 21:43:37,1e-07,1e-07,1e-07,1e-07,1e-07,1e-07,1e-07,0.9999999,1e-07,1e-07,0.9999999,1e-07,1e-07,1e-07,1e-07,1e-07,1e-07,1e-07,1e-07,1e-07,1e-07,1e-07,1e-07,1e-07,1e-07,1e-07,1e-07,1e-07,1e-07,1e-07,1e-07,1e-07,1e-07,1e-07,1e-07,1e-07,1e-07,1e-07,1e-07
2022-08-18 21:43:38,1e-07,1e-07,1e-07,1e-07,1e-07,1e-07,1e-07,0.9999999,1e-07,1e-07,0.9999999,1e-07,1e-07,1e-07,1e-07,1e-07,1e-07,1e-07,1e-07,1e-07,1e-07,1e-07,1e-07,1e-07,1e-07,1e-07,1e-07,1e-07,1e-07,1e-07,1e-07,1e-07,1e-07,1e-07,1e-07,1e-07,1e-07,1e-07,1e-07
2022-08-18 21:43:39,1e-07,1e-07,1e-07,1e-07,1e-07,1e-07,1e-07,0.9999999,1e-07,1e-07,0.9999999,1e-07,1e-07,1e-07,1e-07,1e-07,1e-07,1e-07,1e-07,1e-07,1e-07,1e-07,1e-07,1e-07,1e-07,1e-07,1e-07,1e-07,1e-07,1e-07,1e-07,1e-07,1e-07,1e-07,1e-07,1e-07,1e-07,1e-07,1e-07
2022-08-18 21:43:40,1e-07,1e-07,1e-07,1e-07,1e-07,1e-07,1e-07,0.9999999,1e-07,1e-07,0.9999999,1e-07,1e-07,1e-07,1e-07,1e-07,1e-07,1e-07,1e-07,1e-07,1e-07,1e-07,1e-07,1e-07,1e-07,1e-07,1e-07,1e-07,1e-07,1e-07,1e-07,1e-07,1e-07,1e-07,1e-07,1e-07,1e-07,1e-07,1e-07
2022-08-18 21:43:41,1e-07,1e-07,1e-07,1e-07,1e-07,1e-07,1e-07,0.9999999,1e-07,1e-07,0.9999999,1e-07,1e-07,1e-07,1e-07,1e-07,1e-07,1e-07,1e-07,1e-07,1e-07,1e-07,1e-07,1e-07,1e-07,1e-07,1e-07,1e-07,1e-07,1e-07,1e-07,1e-07,1e-07,1e-07,1e-07,1e-07,1e-07,1e-07,1e-07
2022-08-18 21:43:42,1e-07,1e-07,1e-07,1e-07,1e-07,1e-07,1e-07,0.9999999,1e-07,1e-07,0.9999999,1e-07,1e-07,1e-07,1e-07,1e-07,1e-07,1e-07,1e-07,1e-07,1e-07,1e-07,1e-07,1e-07,1e-07,1e-07,1e-07,1e-07,1e-07,1e-07,1e-07,1e-07,1e-07,1e-07,1e-07,1e-07,1e-07,1e-07,1e-07
2022-08-18 21:43:43,1e-07,1e-07,1e-07,1e-07,1e-07,1e-07,1e-07,0.9999999,1e-07,1e-07,0.9999999,1e-07,1e-07,1e-07,1e-07,1e-07,1e-07,1e-07,1e-07,1e-07,1e-07,1e-07,1e-07,1e-07,1e-07,1e-07,1e-07,1e-07,1e-07,1e-07,1e-07,1e-07,1e-07,1e-07,1e-07,1e-07,1e-07,1e-07,1e-07
2022-08-18 21:43:44,1e-07,1e-07,1e-07,1e-07,1e-07,1e-07,1e-07,0.9999999,1e-07,1e-07,0.9999999,1e-07,1e-07,1e-07,1e-07,1e-07,1e-07,1e-07,1e-07,1e-07,1e-07,1e-07,1e-07,1e-07,1e-07,1e-07,1e-07,1e-07,1e-07,1e-07,1e-07,1e-07,1e-07,1e-07,1e-07,1e-07,1e-07,1e-07,1e-07
2022-08-18 21:43:45,1e-07,1e-07,1e-07,1e-07,1e-07,1e-07,1e-07,0.9999999,1e-07,1e-07,0.9999999,1e-07,1e-07,1e-07,1e-07,1e-07,1e-07,1e-07,1e-07,1e-07,1e-07,1e-07,1e-07,1e-07,1e-07,1e-07,1e-07,1e-07,1e-07,1e-07,1e-07,1e-07,1e-07,1e-07,1e-07,1e-07,1e-07,1e-07,1e-07
2022-08-18 21:43:46,1e-07,1e-07,1e-07,1e-07,1e-07,1e-07,1e-07,0.9999999,1e-07,1e-07,0.9999999,1e-07,1e-07,1e-07,1e-07,1e-07,1e-07,1e-07,1e-07,1e-07,1e-07,1e-07,1e-07,1e-07,1e-07,1e-07,1e-07,1e-07,1e-07,1e-07,1e-07,1e-07,1e-07,1e-07,1e-07,1e-07,1e-07,1e-07,1e-07
2022-08-18 21:43:47,1e-07,1e-07,1e-07,1e-07,1e-07,1e-07,1e-07,0.9999999,1e-07,1e-07,0.9999999,1e-07,1e-07,1e-07,1e-07,1e-07,1e-07,1e-07,1e-07,1e-07,1e-07,1e-07,1e-07,1e-07,1e-07,1e-07,1e-07,1e-07,1e-07,1e-07,1e-07,1e-07,1e-07,1e-07,1e-07,1e-07,1e-07,1e-07,1e-07
2022-08-18 21:43:48,1e-07,1e-07,1e-07,1e-07,1e-07,1e-07,1e-07,0.9999999,1e-07,1e-07,0.9999999,1e-07,1e-07,1e-07,1e-07,1e-07,1e-07,1e-07,1e-07,1e-07,1e-07,1e-07,1e-07,1e-07,1e-07,1e-07,1e-07,1e-07,1e-07,1e-07,1e-07,1e-07,1e-07,1e-07,1e-07,1e-07,1e-07,1e-07,1e-07
2022-08-18 21:43:49,1e-07,1e-07,1e-07,1e-07,1e-07,1e-07,1e-07,0.9999999,1e-07,1e-07,0.9999999,1e-07,1e-07,1e-07,1e-07,1e-07,1e-07,1e-07,1e-07,1e-07,1e-07,1e-07,1e-07,1e-07,1e-07,1e-07,1e-07,1e-07,1e-07,1e-07,1e-07,1e-07,1e-07,1e-07,1e-07,1e-07,1e-07,1e-07,1e-07
2022-08-18 21:43:50,1e-07,1e-07,1e-07,1e-07,1e-07,1e-07,1e-07,0.9999999,1e-07,1e-07,0.9999999,1e-07,1e-07,1e-07,1e-07,1e-07,1e-07,1e-07,1e-07,1e-07,1e-07,1e-07,1e-07,1e-07,1e-07,1e-07,1e-07,1e-07,1e-07,1e-07,1e-07,1e-07,1e-07,1e-07,1e-07,1e-07,1e-07,1e-07,1e-07
2022-08-18 21:43:51,1e-07,1e-07,1e-07,1e-07,1e-07,1e-07,1e-07,0.9999999,1e-07,1e-07,0.9999999,1e-07,1e-07,1e-07,1e-07,1e-07,1e-07,1e-07,1e-07,1e-07,1e-07,1e-07,1e-07,1e-07,1e-07,1e-07,1e-07,1e-07,1e-07,1e-07,1e-07,1e-07,1e-07,1e-07,1e-07,1e-07,1e-07,1e-07,1e-07
2022-08-18 21:43:52,1e-07,1e-07,1e-07,1e-07,1e-07,1e-07,1e-07,0.9999999,1e-07,1e-07,0.9999999,1e-07,1e-07,1e-07,1e-07,1e-07,1e-07,1e-07,1e-07,1e-07,1e-07,1e-07,1e-07,1e-07,1e-07,1e-07,1e-07,1e-07,1e-07,1e-07,1e-07,1e-07,1e-07,1e-07,1e-07,1e-07,1e-07,1e-07,1e-07
2022-08-18 21:43:53,1e-07,1e-07,1e-07,1e-07,1e-07,1e-07,1e-07,0.9999999,1e-07,1e-07,0.9999999,1e-07,1e-07,1e-07,1e-07,1e-07,1e-07,1e-07,1e-07,1e-07,1e-07,1e-07,1e-07,1e-07,1e-07,1e-07,1e-07,1e-07,1e-07,1e-07,1e-07,1e-07,1e-07,1e-07,1e-07,1e-07,1e-07,1e-07,1e-07
2022-08-18 21:43:54,1e-07,1e-07,1e-07,1e-07,1e-07,1e-07,1e-07,0.9999999,1e-07,1e-07,0.9999999,1e-07,1e-07,1e-07,1e-07,1e-07,1e-07,1e-07,1e-07,1e-07,1e-07,1e-07,1e-07,1e-07,1e-07,1e-07,1e-07,1e-07,1e-07,1e-07,1e-07,1e-07,1e-07,1e-07,1e-07,1e-07,1e-07,1e-07,1e-07
2022-08-18 21:43:55,1e-07,1e-07,1e-07,1e-07,1e-07,1e-07,1e-07,0.9999999,1e-07,1e-07,0.9999999,1e-07,1e-07,1e-07,1e-07,1e-07,1e-07,1e-07,1e-07,1e-07,1e-07,1e-07,1e-07,1e-07,1e-07,1e-07,1e-07,1e-07,1e-07,1e-07,1e-07,1e-07,1e-07,1e-07,1e-07,1e-07,1e-07,1e-07,1e-07
2022-08-18 21:43:56,1e-07,1e-07,1e-07,1e-07,1e-07,1e-07,1e-07,0.9999999,1e-07,1e-07,0.9999999,1e-07,1e-07,1e-07,1e-07,1e-07,1e-07,1e-07,1e-07,1e-07,1e-07,1e-07,1e-07,1e-07,1e-07,1e-07,1e-07,1e-07,1e-07,1e-07,1e-07,1e-07,1e-07,1e-07,1e-07,1e-07,1e-07,1e-07,1e-07
2022-08-18 21:43:57,1e-07,1e-07,1e-07,1e-07,1e-07,1e-07,1e-07,0.9999999,1e-07,1e-07,0.9999999,1e-07,1e-07,1e-07,1e-07,1e-07,1e-07,1e-07,1e-07,1e-07,1e-07,1e-07,1e-07,1e-07,1e-07,1e-07,1e-07,1e-07,1e-07,1e-07,1e-07,1e-07,1e-07,1e-07,1e-07,1e-07,1e-07,1e-07,1e-07
2022-08-18 21:43:58,1e-07,1e-07,1e-07,1e-07,1e-07,1e-07,1e-07,0.9999999,1e-07,1e-07,0.9999999,1e-07,1e-07,1e-07,1e-07,1e-07,1e-07,1e-07,1e-07,1e-07,1e-07,1e-07,1e-07,1e-07,1e-07,1e-07,1e-07,1e-07,1e-07,1e-07,1e-07,1e-07,1e-07,1e-07,1e-07,1e-07,1e-07,1e-07,1e-07
2022-08-18 21:43:59,1e-07,1e-07,1e-07,1e-07,1e-07,1e-07,1e-07,0.9999999,1e-07,1e-07,0.9999999,1e-07,1e-07,1e-07,1e-07,1e-07,1e-07,1e-07,1e-07,1e-07,1e-07,1e-07,1e-07,1e-07,1e-07,1e-07,1e-07,1e-07,1e-07,1e-07,1e-07,1e-07,1e-07,1e-07,1e-07,1e-07,1e-07,1e-07,1e-07
2022-08-18 23:17:00,1e-07,1e-07,1e-07,1e-07,0.9999999,1e-07,1e-07,1e-07,1e-07,1e-07,1e-07,1e-07,1e-07,1e-07,1e-07,1e-07,1e-07,1e-07,1e-07,1e-07,1e-07,1e-07,1e-07,1e-07,0.9999999,1e-07,1e-07,1e-07,1e-07,1e-07,1e-07,1e-07,1e-07,1e-07,1e-07,1e-07,1e-07,1e-07,1e-07
2022-08-18 23:17:01,1e-07,1e-07,1e-07,1e-07,0.9999999,1e-07,1e-07,1e-07,1e-07,1e-07,1e-07,1e-07,1e-07,1e-07,1e-07,1e-07,1e-07,1e-07,1e-07,1e-07,1e-07,1e-07,1e-07,1e-07,0.9999999,1e-07,1e-07,1e-07,1e-07,1e-07,1e-07,1e-07,1e-07,1e-07,1e-07,1e-07,1e-07,1e-07,1e-07
2022-08-18 23:17:02,1e-07,1e-07,1e-07,1e-07,0.9999999,1e-07,1e-07,1e-07,1e-07,1e-07,1e-07,1e-07,1e-07,1e-07,1e-07,1e-07,1e-07,1e-07,1e-07,1e-07,1e-07,1e-07,1e-07,1e-07,0.9999999,1e-07,1e-07,1e-07,1e-07,1e-07,1e-07,1e-07,1e-07,1e-07,1e-07,1e-07,1e-07,1e-07,1e-07
2022-08-18 23:17:03,1e-07,1e-07,1e-07,1e-07,0.9999999,1e-07,1e-07,1e-07,1e-07,1e-07,1e-07,1e-07,1e-07,1e-07,1e-07,1e-07,1e-07,1e-07,1e-07,1e-07,1e-07,1e-07,1e-07,1e-07,0.9999999,1e-07,1e-07,1e-07,1e-07,1e-07,1e-07,1e-07,1e-07,1e-07,1e-07,1e-07,1e-07,1e-07,1e-07
2022-08-18 23:17:04,1e-07,1e-07,1e-07,1e-07,0.9999999,1e-07,1e-07,1e-07,1e-07,1e-07,1e-07,1e-07,1e-07,1e-07,1e-07,1e-07,1e-07,1e-07,1e-07,1e-07,1e-07,1e-07,1e-07,1e-07,0.9999999,1e-07,1e-07,1e-07,1e-07,1e-07,1e-07,1e-07,1e-07,1e-07,1e-07,1e-07,1e-07,1e-07,1e-07
2022-08-18 23:17:05,1e-07,1e-07,1e-07,1e-07,0.9999999,1e-07,1e-07,1e-07,1e-07,1e-07,1e-07,1e-07,1e-07,1e-07,1e-07,1e-07,1e-07,1e-07,1e-07,1e-07,1e-07,1e-07,1e-07,1e-07,0.9999999,1e-07,1e-07,1e-07,1e-07,1e-07,1e-07,1e-07,1e-07,1e-07,1e-07,1e-07,1e-07,1e-07,1e-07
2022-08-18 23:17:06,1e-07,1e-07,1e-07,1e-07,0.9999999,1e-07,1e-07,1e-07,1e-07,1e-07,1e-07,1e-07,1e-07,1e-07,1e-07,1e-07,1e-07,1e-07,1e-07,1e-07,1e-07,1e-07,1e-07,1e-07,0.9999999,1e-07,1e-07,1e-07,1e-07,1e-07,1e-07,1e-07,1e-07,1e-07,1e-07,1e-07,1e-07,1e-07,1e-07
2022-08-18 23:17:07,1e-07,1e-07,1e-07,1e-07,0.9999999,1e-07,1e-07,1e-07,1e-07,1e-07,1e-07,1e-07,1e-07,1e-07,1e-07,1e-07,1e-07,1e-07,1e-07,1e-07,1e-07,1e-07,1e-07,1e-07,0.9999999,1e-07,1e-07,1e-07,1e-07,1e-07,1e-07,1e-07,1e-07,1e-07,1e-07,1e-07,1e-07,1e-07,1e-07
2022-08-18 23:17:08,1e-07,1e-07,1e-07,1e-07,0.9999999,1e-07,1e-07,1e-07,1e-07,1e-07,1e-07,1e-07,1e-07,1e-07,1e-07,1e-07,1e-07,1e-07,1e-07,1e-07,1e-07,1e-07,1e-07,1e-07,0.9999999,1e-07,1e-07,1e-07,1e-07,1e-07,1e-07,1e-07,1e-07,1e-07,1e-07,1e-07,1e-07,1e-07,1e-07
2022-08-18 23:17:09,1e-07,1e-07,1e-07,1e-07,0.9999999,1e-07,1e-07,1e-07,1e-07,1e-07,1e-07,1e-07,1e-07,1e-07,1e-07,1e-07,1e-07,1e-07,1e-07,1e-07,1e-07,1e-07,1e-07,1e-07,0.9999999,1e-07,1e-07,1e-07,1e-07,1e-07,1e-07,1e-07,1e-07,1e-07,1e-07,1e-07,1e-07,1e-07,1e-07
2022-08-18 23:17:10,1e-07,1e-07,1e-07,1e-07,0.9999999,1e-07,1e-07,1e-07,1e-07,1e-07,1e-07,1e-07,1e-07,1e-07,1e-07,1e-07,1e-07,1e-07,1e-07,1e-07,1e-07,1e-07,1e-07,1e-07,0.9999999,1e-07,1e-07,1e-07,1e-07,1e-07,1e-07,1e-07,1e-07,1e-07,1e-07,1e-07,1e-07,1e-07,1e-07
2022-08-18 23:17:11,1e-07,1e-07,1e-07,1e-07,0.9999999,1e-07,1e-07,1e-07,1e-07,1e-07,1e-07,1e-07,1e-07,1e-07,1e-07,1e-07,1e-07,1e-07,1e-07,1e-07,1e-07,1e-07,1e-07,1e-07,0.9999999,1e-07,1e-07,1e-07,1e-07,1e-07,1e-07,1e-07,1e-07,1e-07,1e-07,1e-07,1e-07,1e-07,1e-07
2022-08-18 23:17:12,1e-07,1e-07,1e-07,1e-07,0.9999999,1e-07,1e-07,1e-07,1e-07,1e-07,1e-07,1e-07,1e-07,1e-07,1e-07,1e-07,1e-07,1e-07,1e-07,1e-07,1e-07,1e-07,1e-07,1e-07,0.9999999,1e-07,1e-07,1e-07,1e-07,1e-07,1e-07,1e-07,1e-07,1e-07,1e-07,1e-07,1e-07,1e-07,1e-07
2022-08-18 23:17:13,1e-07,1e-07,1e-07,1e-07,0.9999999,1e-07,1e-07,1e-07,1e-07,1e-07,1e-07,1e-07,1e-07,1e-07,1e-07,1e-07,1e-07,1e-07,1e-07,1e-07,1e-07,1e-07,1e-07,1e-07,0.9999999,1e-07,1e-07,1e-07,1e-07,1e-07,1e-07,1e-07,1e-07,1e-07,1e-07,1e-07,1e-07,1e-07,1e-07
2022-08-18 23:17:14,1e-07,1e-07,1e-07,1e-07,0.9999999,1e-07,1e-07,1e-07,1e-07,1e-07,1e-07,1e-07,1e-07,1e-07,1e-07,1e-07,1e-07,1e-07,1e-07,1e-07,1e-07,1e-07,1e-07,1e-07,0.9999999,1e-07,1e-07,1e-07,1e-07,1e-07,1e-07,1e-07,1e-07,1e-07,1e-07,1e-07,1e-07,1e-07,1e-07
2022-08-18 23:17:15,1e-07,1e-07,1e-07,1e-07,0.9999999,1e-07,1e-07,1e-07,1e-07,1e-07,1e-07,1e-07,1e-07,1e-07,1e-07,1e-07,1e-07,1e-07,1e-07,1e-07,1e-07,1e-07,1e-07,1e-07,0.9999999,1e-07,1e-07,1e-07,1e-07,1e-07,1e-07,1e-07,1e-07,1e-07,1e-07,1e-07,1e-07,1e-07,1e-07
2022-08-18 23:17:16,1e-07,1e-07,1e-07,1e-07,0.9999999,1e-07,1e-07,1e-07,1e-07,1e-07,1e-07,1e-07,1e-07,1e-07,1e-07,1e-07,1e-07,1e-07,1e-07,1e-07,1e-07,1e-07,1e-07,1e-07,0.9999999,1e-07,1e-07,1e-07,1e-07,1e-07,1e-07,1e-07,1e-07,1e-07,1e-07,1e-07,1e-07,1e-07,1e-07
2022-08-18 23:17:17,1e-07,1e-07,1e-07,1e-07,0.9999999,1e-07,1e-07,1e-07,1e-07,1e-07,1e-07,1e-07,1e-07,1e-07,1e-07,1e-07,1e-07,1e-07,1e-07,1e-07,1e-07,1e-07,1e-07,1e-07,0.9999999,1e-07,1e-07,1e-07,1e-07,1e-07,1e-07,1e-07,1e-07,1e-07,1e-07,1e-07,1e-07,1e-07,1e-07
2022-08-18 23:17:18,1e-07,1e-07,1e-07,1e-07,0.9999999,1e-07,1e-07,1e-07,1e-07,1e-07,1e-07,1e-07,1e-07,1e-07,1e-07,1e-07,1e-07,1e-07,1e-07,1e-07,1e-07,1e-07,1e-07,1e-07,0.9999999,1e-07,1e-07,1e-07,1e-07,1e-07,1e-07,1e-07,1e-07,1e-07,1e-07,1e-07,1e-07,1e-07,1e-07
2022-08-18 23:17:19,1e-07,1e-07,1e-07,1e-07,0.9999999,1e-07,1e-07,1e-07,1e-07,1e-07,1e-07,1e-07,1e-07,1e-07,1e-07,1e-07,1e-07,1e-07,1e-07,1e-07,1e-07,1e-07,1e-07,1e-07,0.9999999,1e-07,1e-07,1e-07,1e-07,1e-07,1e-07,1e-07,1e-07,1e-07,1e-07,1e-07,1e-07,1e-07,1e-07
2022-08-18 23:17:20,1e-07,1e-07,1e-07,1e-07,0.9999999,1e-07,1e-07,1e-07,1e-07,1e-07,1e-07,1e-07,1e-07,1e-07,1e-07,1e-07,1e-07,1e-07,1e-07,1e-07,1e-07,1e-07,1e-07,1e-07,0.9999999,1e-07,1e-07,1e-07,1e-07,1e-07,1e-07,1e-07,1e-07,1e-07,1e-07,1e-07,1e-07,1e-07,1e-07
2022-08-18 23:17:21,1e-07,1e-07,1e-07,1e-07,0.9999999,1e-07,1e-07,1e-07,1e-07,1e-07,1e-07,1e-07,1e-07,1e-07,1e-07,1e-07,1e-07,1e-07,1e-07,1e-07,1e-07,1e-07,1e-07,1e-07,0.9999999,1e-07,1e-07,1e-07,1e-07,1e-07,1e-07,1e-07,1e-07,1e-07,1e-07,1e-07,1e-07,1e-07,1e-07
2022-08-18 23:17:22,1e-07,1e-07,1e-07,1e-07,0.9999999,1e-07,1e-07,1e-07,1e-07,1e-07,1e-07,1e-07,1e-07,1e-07,1e-07,1e-07,1e-07,1e-07,1e-07,1e-07,1e-07,1e-07,1e-07,1e-07,0.9999999,1e-07,1e-07,1e-07,1e-07,1e-07,1e-07,1e-07,1e-07,1e-07,1e-07,1e-07,1e-07,1e-07,1e-07
2022-08-18 23:17:23,1e-07,1e-07,1e-07,1e-07,0.9999999,1e-07,1e-07,1e-07,1e-07,1e-07,1e-07,1e-07,1e-07,1e-07,1e-07,1e-07,1e-07,1e-07,1e-07,1e-07,1e-07,1e-07,1e-07,1e-07,0.9999999,1e-07,1e-07,1e-07,1e-07,1e-07,1e-07,1e-07,1e-07,1e-07,1e-07,1e-07,1e-07,1e-07,1e-07
2022-08-18 23:17:24,1e-07,1e-07,1e-07,1e-07,0.9999999,1e-07,1e-07,1e-07,1e-07,1e-07,1e-07,1e-07,1e-07,1e-07,1e-07,1e-07,1e-07,1e-07,1e-07,1e-07,1e-07,1e-07,1e-07,1e-07,0.9999999,1e-07,1e-07,1e-07,1e-07,1e-07,1e-07,1e-07,1e-07,1e-07,1e-07,1e-07,1e-07,1e-07,1e-07
2022-08-18 23:17:25,1e-07,1e-07,1e-07,1e-07,0.9999999,1e-07,1e-07,1e-07,1e-07,1e-07,1e-07,1e-07,1e-07,1e-07,1e-07,1e-07,1e-07,1e-07,1e-07,1e-07,1e-07,1e-07,1e-07,1e-07,0.9999999,1e-07,1e-07,1e-07,1e-07,1e-07,1e-07,1e-07,1e-07,1e-07,1e-07,1e-07,1e-07,1e-07,1e-07
2022-08-18 23:17:26,1e-07,1e-07,1e-07,1e-07,0.9999999,1e-07,1e-07,1e-07,1e-07,1e-07,1e-07,1e-07,1e-07,1e-07,1e-07,1e-07,1e-07,1e-07,1e-07,1e-07,1e-07,1e-07,1e-07,1e-07,0.9999999,1e-07,1e-07,1e-07,1e-07,1e-07,1e-07,1e-07,1e-07,1e-07,1e-07,1e-07,1e-07,1e-07,1e-07
2022-08-18 23:17:27,1e-07,1e-07,1e-07,1e-07,0.9999999,1e-07,1e-07,1e-07,1e-07,1e-07,1e-07,1e-07,1e-07,1e-07,1e-07,1e-07,1e-07,1e-07,1e-07,1e-07,1e-07,1e-07,1e-07,1e-07,0.9999999,1e-07,1e-07,1e-07,1e-07,1e-07,1e-07,1e-07,1e-07,1e-07,1e-07,1e-07,1e-07,1e-07,1e-07
2022-08-18 23:17:28,1e-07,1e-07,1e-07,1e-07,0.9999999,1e-07,1e-07,1e-07,1e-07,1e-07,1e-07,1e-07,1e-07,1e-07,1e-07,1e-07,1e-07,1e-07,1e-07,1e-07,1e-07,1e-07,1e-07,1e-07,0.9999999,1e-07,1e-07,1e-07,1e-07,1e-07,1e-07,1e-07,1e-07,1e-07,1e-07,1e-07,1e-07,1e-07,1e-07
2022-08-18 23:17:29,1e-07,1e-07,1e-07,1e-07,0.9999999,1e-07,1e-07,1e-07,1e-07,1e-07,1e-07,1e-07,1e-07,1e-07,1e-07,1e-07,1e-07,1e-07,1e-07,1e-07,1e-07,1e-07,1e-07,1e-07,0.9999999,1e-07,1e-07,1e-07,1e-07,1e-07,1e-07,1e-07,1e-07,1e-07,1e-07,1e-07,1e-07,1e-07,1e-07
2022-08-18 23:17:30,1e-07,1e-07,1e-07,1e-07,0.9999999,1e-07,1e-07,1e-07,1e-07,1e-07,1e-07,1e-07,1e-07,1e-07,1e-07,1e-07,1e-07,1e-07,1e-07,1e-07,1e-07,1e-07,1e-07,1e-07,0.9999999,1e-07,1e-07,1e-07,1e-07,1e-07,1e-07,1e-07,1e-07,1e-07,1e-07,1e-07,1e-07,1e-07,1e-07
2022-08-18 23:17:31,1e-07,1e-07,1e-07,1e-07,0.9999999,1e-07,1e-07,1e-07,1e-07,1e-07,1e-07,1e-07,1e-07,1e-07,1e-07,1e-07,1e-07,1e-07,1e-07,1e-07,1e-07,1e-07,1e-07,1e-07,0.9999999,1e-07,1e-07,1e-07,1e-07,1e-07,1e-07,1e-07,1e-07,1e-07,1e-07,1e-07,1e-07,1e-07,1e-07
2022-08-18 23:17:32,1e-07,1e-07,1e-07,1e-07,0.9999999,1e-07,1e-07,1e-07,1e-07,1e-07,1e-07,1e-07,1e-07,1e-07,1e-07,1e-07,1e-07,1e-07,1e-07,1e-07,1e-07,1e-07,1e-07,1e-07,0.9999999,1e-07,1e-07,1e-07,1e-07,1e-07,1e-07,1e-07,1e-07,1e-07,1e-07,1e-07,1e-07,1e-07,1e-07
2022-08-18 23:17:33,1e-07,1e-07,1e-07,1e-07,0.9999999,1e-07,1e-07,1e-07,1e-07,1e-07,1e-07,1e-07,1e-07,1e-07,1e-07,1e-07,1e-07,1e-07,1e-07,1e-07,1e-07,1e-07,1e-07,1e-07,0.9999999,1e-07,1e-07,1e-07,1e-07,1e-07,1e-07,1e-07,1e-07,1e-07,1e-07,1e-07,1e-07,1e-07,1e-07
2022-08-18 23:17:34,1e-07,1e-07,1e-07,1e-07,0.9999999,1e-07,1e-07,1e-07,1e-07,1e-07,1e-07,1e-07,1e-07,1e-07,1e-07,1e-07,1e-07,1e-07,1e-07,1e-07,1e-07,1e-07,1e-07,1e-07,0.9999999,1e-07,1e-07,1e-07,1e-07,1e-07,1e-07,1e-07,1e-07,1e-07,1e-07,1e-07,1e-07,1e-07,1e-07
2022-08-18 23:17:35,1e-07,1e-07,1e-07,1e-07,0.9999999,1e-07,1e-07,1e-07,1e-07,1e-07,1e-07,1e-07,1e-07,1e-07,1e-07,1e-07,1e-07,1e-07,1e-07,1e-07,1e-07,1e-07,1e-07,1e-07,0.9999999,1e-07,1e-07,1e-07,1e-07,1e-07,1e-07,1e-07,1e-07,1e-07,1e-07,1e-07,1e-07,1e-07,1e-07
2022-08-18 23:17:36,1e-07,1e-07,1e-07,1e-07,0.9999999,1e-07,1e-07,1e-07,1e-07,1e-07,1e-07,1e-07,1e-07,1e-07,1e-07,1e-07,1e-07,1e-07,1e-07,1e-07,1e-07,1e-07,1e-07,1e-07,0.9999999,1e-07,1e-07,1e-07,1e-07,1e-07,1e-07,1e-07,1e-07,1e-07,1e-07,1e-07,1e-07,1e-07,1e-07
2022-08-18 23:17:37,1e-07,1e-07,1e-07,1e-07,0.9999999,1e-07,1e-07,1e-07,1e-07,1e-07,1e-07,1e-07,1e-07,1e-07,1e-07,1e-07,1e-07,1e-07,1e-07,1e-07,1e-07,1e-07,1e-07,1e-07,0.9999999,1e-07,1e-07,1e-07,1e-07,1e-07,1e-07,1e-07,1e-07,1e-07,1e-07,1e-07,1e-07,1e-07,1e-07
2022-08-18 23:17:38,1e-07,1e-07,1e-07,1e-07,0.9999999,1e-07,1e-07,1e-07,1e-07,1e-07,1e-07,1e-07,1e-07,1e-07,1e-07,1e-07,1e-07,1e-07,1e-07,1e-07,1e-07,1e-07,1e-07,1e-07,0.9999999,1e-07,1e-07,1e-07,1e-07,1e-07,1e-07,1e-07,1e-07,1e-07,1e-07,1e-07,1e-07,1e-07,1e-07
2022-08-18 23:17:39,1e-07,1e-07,1e-07,1e-07,0.9999999,1e-07,1e-07,1e-07,1e-07,1e-07,1e-07,1e-07,1e-07,1e-07,1e-07,1e-07,1e-07,1e-07,1e-07,1e-07,1e-07,1e-07,1e-07,1e-07,0.9999999,1e-07,1e-07,1e-07,1e-07,1e-07,1e-07,1e-07,1e-07,1e-07,1e-07,1e-07,1e-07,1e-07,1e-07
2022-08-18 23:17:40,1e-07,1e-07,1e-07,1e-07,0.9999999,1e-07,1e-07,1e-07,1e-07,1e-07,1e-07,1e-07,1e-07,1e-07,1e-07,1e-07,1e-07,1e-07,1e-07,1e-07,1e-07,1e-07,1e-07,1e-07,0.9999999,1e-07,1e-07,1e-07,1e-07,1e-07,1e-07,1e-07,1e-07,1e-07,1e-07,1e-07,1e-07,1e-07,1e-07
2022-08-18 23:17:41,1e-07,1e-07,1e-07,1e-07,0.9999999,1e-07,1e-07,1e-07,1e-07,1e-07,1e-07,1e-07,1e-07,1e-07,1e-07,1e-07,1e-07,1e-07,1e-07,1e-07,1e-07,1e-07,1e-07,1e-07,0.9999999,1e-07,1e-07,1e-07,1e-07,1e-07,1e-07,1e-07,1e-07,1e-07,1e-07,1e-07,1e-07,1e-07,1e-07
2022-08-18 23:17:42,1e-07,1e-07,1e-07,1e-07,0.9999999,1e-07,1e-07,1e-07,1e-07,1e-07,1e-07,1e-07,1e-07,1e-07,1e-07,1e-07,1e-07,1e-07,1e-07,1e-07,1e-07,1e-07,1e-07,1e-07,0.9999999,1e-07,1e-07,1e-07,1e-07,1e-07,1e-07,1e-07,1e-07,1e-07,1e-07,1e-07,1e-07,1e-07,1e-07
2022-08-18 23:17:43,1e-07,1e-07,1e-07,1e-07,0.9999999,1e-07,1e-07,1e-07,1e-07,1e-07,1e-07,1e-07,1e-07,1e-07,1e-07,1e-07,1e-07,1e-07,1e-07,1e-07,1e-07,1e-07,1e-07,1e-07,0.9999999,1e-07,1e-07,1e-07,1e-07,1e-07,1e-07,1e-07,1e-07,1e-07,1e-07,1e-07,1e-07,1e-07,1e-07
2022-08-18 23:17:44,1e-07,1e-07,1e-07,1e-07,0.9999999,1e-07,1e-07,1e-07,1e-07,1e-07,1e-07,1e-07,1e-07,1e-07,1e-07,1e-07,1e-07,1e-07,1e-07,1e-07,1e-07,1e-07,1e-07,1e-07,0.9999999,1e-07,1e-07,1e-07,1e-07,1e-07,1e-07,1e-07,1e-07,1e-07,1e-07,1e-07,1e-07,1e-07,1e-07
2022-08-18 23:17:45,1e-07,1e-07,1e-07,1e-07,0.9999999,1e-07,1e-07,1e-07,1e-07,1e-07,1e-07,1e-07,1e-07,1e-07,1e-07,1e-07,1e-07,1e-07,1e-07,1e-07,1e-07,1e-07,1e-07,1e-07,0.9999999,1e-07,1e-07,1e-07,1e-07,1e-07,1e-07,1e-07,1e-07,1e-07,1e-07,1e-07,1e-07,1e-07,1e-07
2022-08-18 23:17:46,1e-07,1e-07,1e-07,1e-07,0.9999999,1e-07,1e-07,1e-07,1e-07,1e-07,1e-07,1e-07,1e-07,1e-07,1e-07,1e-07,1e-07,1e-07,1e-07,1e-07,1e-07,1e-07,1e-07,1e-07,0.9999999,1e-07,1e-07,1e-07,1e-07,1e-07,1e-07,1e-07,1e-07,1e-07,1e-07,1e-07,1e-07,1e-07,1e-07
2022-08-18 23:17:47,1e-07,1e-07,1e-07,1e-07,0.9999999,1e-07,1e-07,1e-07,1e-07,1e-07,1e-07,1e-07,1e-07,1e-07,1e-07,1e-07,1e-07,1e-07,1e-07,1e-07,1e-07,1e-07,1e-07,1e-07,0.9999999,1e-07,1e-07,1e-07,1e-07,1e-07,1e-07,1e-07,1e-07,1e-07,1e-07,1e-07,1e-07,1e-07,1e-07
2022-08-18 23:17:48,1e-07,1e-07,1e-07,1e-07,0.9999999,1e-07,1e-07,1e-07,1e-07,1e-07,1e-07,1e-07,1e-07,1e-07,1e-07,1e-07,1e-07,1e-07,1e-07,1e-07,1e-07,1e-07,1e-07,1e-07,0.9999999,1e-07,1e-07,1e-07,1e-07,1e-07,1e-07,1e-07,1e-07,1e-07,1e-07,1e-07,1e-07,1e-07,1e-07
2022-08-18 23:17:49,1e-07,1e-07,1e-07,1e-07,0.9999999,1e-07,1e-07,1e-07,1e-07,1e-07,1e-07,1e-07,1e-07,1e-07,1e-07,1e-07,1e-07,1e-07,1e-07,1e-07,1e-07,1e-07,1e-07,1e-07,0.9999999,1e-07,1e-07,1e-07,1e-07,1e-07,1e-07,1e-07,1e-07,1e-07,1e-07,1e-07,1e-07,1e-07,1e-07
2022-08-18 23:17:50,1e-07,1e-07,1e-07,1e-07,0.9999999,1e-07,1e-07,1e-07,1e-07,1e-07,1e-07,1e-07,1e-07,1e-07,1e-07,1e-07,1e-07,1e-07,1e-07,1e-07,1e-07,1e-07,1e-07,1e-07,0.9999999,1e-07,1e-07,1e-07,1e-07,1e-07,1e-07,1e-07,1e-07,1e-07,1e-07,1e-07,1e-07,1e-07,1e-07
2022-08-18 23:17:51,1e-07,1e-07,1e-07,1e-07,0.9999999,1e-07,1e-07,1e-07,1e-07,1e-07,1e-07,1e-07,1e-07,1e-07,1e-07,1e-07,1e-07,1e-07,1e-07,1e-07,1e-07,1e-07,1e-07,1e-07,0.9999999,1e-07,1e-07,1e-07,1e-07,1e-07,1e-07,1e-07,1e-07,1e-07,1e-07,1e-07,1e-07,1e-07,1e-07
2022-08-18 23:17:52,1e-07,1e-07,1e-07,1e-07,0.9999999,1e-07,1e-07,1e-07,1e-07,1e-07,1e-07,1e-07,1e-07,1e-07,1e-07,1e-07,1e-07,1e-07,1e-07,1e-07,1e-07,1e-07,1e-07,1e-07,0.9999999,1e-07,1e-07,1e-07,1e-07,1e-07,1e-07,1e-07,1e-07,1e-07,1e-07,1e-07,1e-07,1e-07,1e-07
2022-08-18 23:17:53,1e-07,1e-07,1e-07,1e-07,0.9999999,1e-07,1e-07,1e-07,1e-07,1e-07,1e-07,1e-07,1e-07,1e-07,1e-07,1e-07,1e-07,1e-07,1e-07,1e-07,1e-07,1e-07,1e-07,1e-07,0.9999999,1e-07,1e-07,1e-07,1e-07,1e-07,1e-07,1e-07,1e-07,1e-07,1e-07,1e-07,1e-07,1e-07,1e-07
2022-08-18 23:17:54,1e-07,1e-07,1e-07,1e-07,0.9999999,1e-07,1e-07,1e-07,1e-07,1e-07,1e-07,1e-07,1e-07,1e-07,1e-07,1e-07,1e-07,1e-07,1e-07,1e-07,1e-07,1e-07,1e-07,1e-07,0.9999999,1e-07,1e-07,1e-07,1e-07,1e-07,1e-07,1e-07,1e-07,1e-07,1e-07,1e-07,1e-07,1e-07,1e-07
2022-08-18 23:17:55,1e-07,1e-07,1e-07,1e-07,0.9999999,1e-07,1e-07,1e-07,1e-07,1e-07,1e-07,1e-07,1e-07,1e-07,1e-07,1e-07,1e-07,1e-07,1e-07,1e-07,1e-07,1e-07,1e-07,1e-07,0.9999999,1e-07,1e-07,1e-07,1e-07,1e-07,1e-07,1e-07,1e-07,1e-07,1e-07,1e-07,1e-07,1e-07,1e-07
2022-08-18 23:17:56,1e-07,1e-07,1e-07,1e-07,0.9999999,1e-07,1e-07,1e-07,1e-07,1e-07,1e-07,1e-07,1e-07,1e-07,1e-07,1e-07,1e-07,1e-07,1e-07,1e-07,1e-07,1e-07,1e-07,1e-07,0.9999999,1e-07,1e-07,1e-07,1e-07,1e-07,1e-07,1e-07,1e-07,1e-07,1e-07,1e-07,1e-07,1e-07,1e-07
2022-08-18 23:17:57,1e-07,1e-07,1e-07,1e-07,0.9999999,1e-07,1e-07,1e-07,1e-07,1e-07,1e-07,1e-07,1e-07,1e-07,1e-07,1e-07,1e-07,1e-07,1e-07,1e-07,1e-07,1e-07,1e-07,1e-07,0.9999999,1e-07,1e-07,1e-07,1e-07,1e-07,1e-07,1e-07,1e-07,1e-07,1e-07,1e-07,1e-07,1e-07,1e-07
2022-08-18 23:17:58,1e-07,1e-07,1e-07,1e-07,0.9999999,1e-07,1e-07,1e-07,1e-07,1e-07,1e-07,1e-07,1e-07,1e-07,1e-07,1e-07,1e-07,1e-07,1e-07,1e-07,1e-07,1e-07,1e-07,1e-07,0.9999999,1e-07,1e-07,1e-07,1e-07,1e-07,1e-07,1e-07,1e-07,1e-07,1e-07,1e-07,1e-07,1e-07,1e-07
2022-08-18 23:17:59,1e-07,1e-07,1e-07,1e-07,0.9999999,1e-07,1e-07,1e-07,1e-07,1e-07,1e-07,1e-07,1e-07,1e-07,1e-07,1e-07,1e-07,1e-07,1e-07,1e-07,1e-07,1e-07,1e-07,1e-07,0.9999999,1e-07,1e-07,1e-07,1e-07,1e-07,1e-07,1e-07,1e-07,1e-07,1e-07,1e-07,1e-07,1e-07,1e-07
2022-08-19 01:24:00,0.9999999,1e-07,1e-07,1e-07,1e-07,1e-07,1e-07,1e-07,1e-07,1e-07,1e-07,1e-07,1e-07,1e-07,1e-07,1e-07,1e-07,1e-07,1e-07,1e-07,1e-07,1e-07,1e-07,1e-07,1e-07,1e-07,1e-07,1e-07,1e-07,1e-07,0.9999999,1e-07,1e-07,1e-07,1e-07,1e-07,1e-07,1e-07,1e-07
2022-08-19 01:24:01,0.9999999,1e-07,1e-07,1e-07,1e-07,1e-07,1e-07,1e-07,1e-07,1e-07,1e-07,1e-07,1e-07,1e-07,1e-07,1e-07,1e-07,1e-07,1e-07,1e-07,1e-07,1e-07,1e-07,1e-07,1e-07,1e-07,1e-07,1e-07,1e-07,1e-07,0.9999999,1e-07,1e-07,1e-07,1e-07,1e-07,1e-07,1e-07,1e-07
2022-08-19 01:24:02,0.9999999,1e-07,1e-07,1e-07,1e-07,1e-07,1e-07,1e-07,1e-07,1e-07,1e-07,1e-07,1e-07,1e-07,1e-07,1e-07,1e-07,1e-07,1e-07,1e-07,1e-07,1e-07,1e-07,1e-07,1e-07,1e-07,1e-07,1e-07,1e-07,1e-07,0.9999999,1e-07,1e-07,1e-07,1e-07,1e-07,1e-07,1e-07,1e-07
2022-08-19 01:24:03,0.9999999,1e-07,1e-07,1e-07,1e-07,1e-07,1e-07,1e-07,1e-07,1e-07,1e-07,1e-07,1e-07,1e-07,1e-07,1e-07,1e-07,1e-07,1e-07,1e-07,1e-07,1e-07,1e-07,1e-07,1e-07,1e-07,1e-07,1e-07,1e-07,1e-07,0.9999999,1e-07,1e-07,1e-07,1e-07,1e-07,1e-07,1e-07,1e-07
2022-08-19 01:24:04,0.9999999,1e-07,1e-07,1e-07,1e-07,1e-07,1e-07,1e-07,1e-07,1e-07,1e-07,1e-07,1e-07,1e-07,1e-07,1e-07,1e-07,1e-07,1e-07,1e-07,1e-07,1e-07,1e-07,1e-07,1e-07,1e-07,1e-07,1e-07,1e-07,1e-07,0.9999999,1e-07,1e-07,1e-07,1e-07,1e-07,1e-07,1e-07,1e-07
2022-08-19 01:24:05,0.9999999,1e-07,1e-07,1e-07,1e-07,1e-07,1e-07,1e-07,1e-07,1e-07,1e-07,1e-07,1e-07,1e-07,1e-07,1e-07,1e-07,1e-07,1e-07,1e-07,1e-07,1e-07,1e-07,1e-07,1e-07,1e-07,1e-07,1e-07,1e-07,1e-07,0.9999999,1e-07,1e-07,1e-07,1e-07,1e-07,1e-07,1e-07,1e-07
2022-08-19 01:24:06,0.9999999,1e-07,1e-07,1e-07,1e-07,1e-07,1e-07,1e-07,1e-07,1e-07,1e-07,1e-07,1e-07,1e-07,1e-07,1e-07,1e-07,1e-07,1e-07,1e-07,1e-07,1e-07,1e-07,1e-07,1e-07,1e-07,1e-07,1e-07,1e-07,1e-07,0.9999999,1e-07,1e-07,1e-07,1e-07,1e-07,1e-07,1e-07,1e-07
2022-08-19 01:24:07,0.9999999,1e-07,1e-07,1e-07,1e-07,1e-07,1e-07,1e-07,1e-07,1e-07,1e-07,1e-07,1e-07,1e-07,1e-07,1e-07,1e-07,1e-07,1e-07,1e-07,1e-07,1e-07,1e-07,1e-07,1e-07,1e-07,1e-07,1e-07,1e-07,1e-07,0.9999999,1e-07,1e-07,1e-07,1e-07,1e-07,1e-07,1e-07,1e-07
2022-08-19 01:24:08,0.9999999,1e-07,1e-07,1e-07,1e-07,1e-07,1e-07,1e-07,1e-07,1e-07,1e-07,1e-07,1e-07,1e-07,1e-07,1e-07,1e-07,1e-07,1e-07,1e-07,1e-07,1e-07,1e-07,1e-07,1e-07,1e-07,1e-07,1e-07,1e-07,1e-07,0.9999999,1e-07,1e-07,1e-07,1e-07,1e-07,1e-07,1e-07,1e-07
2022-08-19 01:24:09,0.9999999,1e-07,1e-07,1e-07,1e-07,1e-07,1e-07,1e-07,1e-07,1e-07,1e-07,1e-07,1e-07,1e-07,1e-07,1e-07,1e-07,1e-07,1e-07,1e-07,1e-07,1e-07,1e-07,1e-07,1e-07,1e-07,1e-07,1e-07,1e-07,1e-07,0.9999999,1e-07,1e-07,1e-07,1e-07,1e-07,1e-07,1e-07,1e-07
2022-08-19 01:24:10,0.9999999,1e-07,1e-07,1e-07,1e-07,1e-07,1e-07,1e-07,1e-07,1e-07,1e-07,1e-07,1e-07,1e-07,1e-07,1e-07,1e-07,1e-07,1e-07,1e-07,1e-07,1e-07,1e-07,1e-07,1e-07,1e-07,1e-07,1e-07,1e-07,1e-07,0.9999999,1e-07,1e-07,1e-07,1e-07,1e-07,1e-07,1e-07,1e-07
2022-08-19 01:24:11,0.9999999,1e-07,1e-07,1e-07,1e-07,1e-07,1e-07,1e-07,1e-07,1e-07,1e-07,1e-07,1e-07,1e-07,1e-07,1e-07,1e-07,1e-07,1e-07,1e-07,1e-07,1e-07,1e-07,1e-07,1e-07,1e-07,1e-07,1e-07,1e-07,1e-07,0.9999999,1e-07,1e-07,1e-07,1e-07,1e-07,1e-07,1e-07,1e-07
2022-08-19 01:24:12,0.9999999,1e-07,1e-07,1e-07,1e-07,1e-07,1e-07,1e-07,1e-07,1e-07,1e-07,1e-07,1e-07,1e-07,1e-07,1e-07,1e-07,1e-07,1e-07,1e-07,1e-07,1e-07,1e-07,1e-07,1e-07,1e-07,1e-07,1e-07,1e-07,1e-07,0.9999999,1e-07,1e-07,1e-07,1e-07,1e-07,1e-07,1e-07,1e-07
2022-08-19 01:24:13,0.9999999,1e-07,1e-07,1e-07,1e-07,1e-07,1e-07,1e-07,1e-07,1e-07,1e-07,1e-07,1e-07,1e-07,1e-07,1e-07,1e-07,1e-07,1e-07,1e-07,1e-07,1e-07,1e-07,1e-07,1e-07,1e-07,1e-07,1e-07,1e-07,1e-07,0.9999999,1e-07,1e-07,1e-07,1e-07,1e-07,1e-07,1e-07,1e-07
2022-08-19 01:24:14,0.9999999,1e-07,1e-07,1e-07,1e-07,1e-07,1e-07,1e-07,1e-07,1e-07,1e-07,1e-07,1e-07,1e-07,1e-07,1e-07,1e-07,1e-07,1e-07,1e-07,1e-07,1e-07,1e-07,1e-07,1e-07,1e-07,1e-07,1e-07,1e-07,1e-07,0.9999999,1e-07,1e-07,1e-07,1e-07,1e-07,1e-07,1e-07,1e-07
2022-08-19 01:24:15,0.9999999,1e-07,1e-07,1e-07,1e-07,1e-07,1e-07,1e-07,1e-07,1e-07,1e-07,1e-07,1e-07,1e-07,1e-07,1e-07,1e-07,1e-07,1e-07,1e-07,1e-07,1e-07,1e-07,1e-07,1e-07,1e-07,1e-07,1e-07,1e-07,1e-07,0.9999999,1e-07,1e-07,1e-07,1e-07,1e-07,1e-07,1e-07,1e-07
2022-08-19 01:24:16,0.9999999,1e-07,1e-07,1e-07,1e-07,1e-07,1e-07,1e-07,1e-07,1e-07,1e-07,1e-07,1e-07,1e-07,1e-07,1e-07,1e-07,1e-07,1e-07,1e-07,1e-07,1e-07,1e-07,1e-07,1e-07,1e-07,1e-07,1e-07,1e-07,1e-07,0.9999999,1e-07,1e-07,1e-07,1e-07,1e-07,1e-07,1e-07,1e-07
2022-08-19 01:24:17,0.9999999,1e-07,1e-07,1e-07,1e-07,1e-07,1e-07,1e-07,1e-07,1e-07,1e-07,1e-07,1e-07,1e-07,1e-07,1e-07,1e-07,1e-07,1e-07,1e-07,1e-07,1e-07,1e-07,1e-07,1e-07,1e-07,1e-07,1e-07,1e-07,1e-07,0.9999999,1e-07,1e-07,1e-07,1e-07,1e-07,1e-07,1e-07,1e-07
2022-08-19 01:24:18,0.9999999,1e-07,1e-07,1e-07,1e-07,1e-07,1e-07,1e-07,1e-07,1e-07,1e-07,1e-07,1e-07,1e-07,1e-07,1e-07,1e-07,1e-07,1e-07,1e-07,1e-07,1e-07,1e-07,1e-07,1e-07,1e-07,1e-07,1e-07,1e-07,1e-07,0.9999999,1e-07,1e-07,1e-07,1e-07,1e-07,1e-07,1e-07,1e-07
2022-08-19 01:24:19,0.9999999,1e-07,1e-07,1e-07,1e-07,1e-07,1e-07,1e-07,1e-07,1e-07,1e-07,1e-07,1e-07,1e-07,1e-07,1e-07,1e-07,1e-07,1e-07,1e-07,1e-07,1e-07,1e-07,1e-07,1e-07,1e-07,1e-07,1e-07,1e-07,1e-07,0.9999999,1e-07,1e-07,1e-07,1e-07,1e-07,1e-07,1e-07,1e-07
2022-08-19 01:24:20,0.9999999,1e-07,1e-07,1e-07,1e-07,1e-07,1e-07,1e-07,1e-07,1e-07,1e-07,1e-07,1e-07,1e-07,1e-07,1e-07,1e-07,1e-07,1e-07,1e-07,1e-07,1e-07,1e-07,1e-07,1e-07,1e-07,1e-07,1e-07,1e-07,1e-07,0.9999999,1e-07,1e-07,1e-07,1e-07,1e-07,1e-07,1e-07,1e-07
2022-08-19 01:24:21,0.9999999,1e-07,1e-07,1e-07,1e-07,1e-07,1e-07,1e-07,1e-07,1e-07,1e-07,1e-07,1e-07,1e-07,1e-07,1e-07,1e-07,1e-07,1e-07,1e-07,1e-07,1e-07,1e-07,1e-07,1e-07,1e-07,1e-07,1e-07,1e-07,1e-07,0.9999999,1e-07,1e-07,1e-07,1e-07,1e-07,1e-07,1e-07,1e-07
2022-08-19 01:24:22,0.9999999,1e-07,1e-07,1e-07,1e-07,1e-07,1e-07,1e-07,1e-07,1e-07,1e-07,1e-07,1e-07,1e-07,1e-07,1e-07,1e-07,1e-07,1e-07,1e-07,1e-07,1e-07,1e-07,1e-07,1e-07,1e-07,1e-07,1e-07,1e-07,1e-07,0.9999999,1e-07,1e-07,1e-07,1e-07,1e-07,1e-07,1e-07,1e-07
2022-08-19 01:24:23,0.9999999,1e-07,1e-07,1e-07,1e-07,1e-07,1e-07,1e-07,1e-07,1e-07,1e-07,1e-07,1e-07,1e-07,1e-07,1e-07,1e-07,1e-07,1e-07,1e-07,1e-07,1e-07,1e-07,1e-07,1e-07,1e-07,1e-07,1e-07,1e-07,1e-07,0.9999999,1e-07,1e-07,1e-07,1e-07,1e-07,1e-07,1e-07,1e-07
2022-08-19 01:24:24,0.9999999,1e-07,1e-07,1e-07,1e-07,1e-07,1e-07,1e-07,1e-07,1e-07,1e-07,1e-07,1e-07,1e-07,1e-07,1e-07,1e-07,1e-07,1e-07,1e-07,1e-07,1e-07,1e-07,1e-07,1e-07,1e-07,1e-07,1e-07,1e-07,1e-07,0.9999999,1e-07,1e-07,1e-07,1e-07,1e-07,1e-07,1e-07,1e-07
2022-08-19 01:24:25,0.9999999,1e-07,1e-07,1e-07,1e-07,1e-07,1e-07,1e-07,1e-07,1e-07,1e-07,1e-07,1e-07,1e-07,1e-07,1e-07,1e-07,1e-07,1e-07,1e-07,1e-07,1e-07,1e-07,1e-07,1e-07,1e-07,1e-07,1e-07,1e-07,1e-07,0.9999999,1e-07,1e-07,1e-07,1e-07,1e-07,1e-07,1e-07,1e-07
2022-08-19 01:24:26,0.9999999,1e-07,1e-07,1e-07,1e-07,1e-07,1e-07,1e-07,1e-07,1e-07,1e-07,1e-07,1e-07,1e-07,1e-07,1e-07,1e-07,1e-07,1e-07,1e-07,1e-07,1e-07,1e-07,1e-07,1e-07,1e-07,1e-07,1e-07,1e-07,1e-07,0.9999999,1e-07,1e-07,1e-07,1e-07,1e-07,1e-07,1e-07,1e-07
2022-08-19 01:24:27,0.9999999,1e-07,1e-07,1e-07,1e-07,1e-07,1e-07,1e-07,1e-07,1e-07,1e-07,1e-07,1e-07,1e-07,1e-07,1e-07,1e-07,1e-07,1e-07,1e-07,1e-07,1e-07,1e-07,1e-07,1e-07,1e-07,1e-07,1e-07,1e-07,1e-07,0.9999999,1e-07,1e-07,1e-07,1e-07,1e-07,1e-07,1e-07,1e-07
2022-08-19 01:24:28,0.9999999,1e-07,1e-07,1e-07,1e-07,1e-07,1e-07,1e-07,1e-07,1e-07,1e-07,1e-07,1e-07,1e-07,1e-07,1e-07,1e-07,1e-07,1e-07,1e-07,1e-07,1e-07,1e-07,1e-07,1e-07,1e-07,1e-07,1e-07,1e-07,1e-07,0.9999999,1e-07,1e-07,1e-07,1e-07,1e-07,1e-07,1e-07,1e-07
2022-08-19 01:24:29,0.9999999,1e-07,1e-07,1e-07,1e-07,1e-07,1e-07,1e-07,1e-07,1e-07,1e-07,1e-07,1e-07,1e-07,1e-07,1e-07,1e-07,1e-07,1e-07,1e-07,1e-07,1e-07,1e-07,1e-07,1e-07,1e-07,1e-07,1e-07,1e-07,1e-07,0.9999999,1e-07,1e-07,1e-07,1e-07,1e-07,1e-07,1e-07,1e-07
2022-08-19 01:24:30,0.9999999,1e-07,1e-07,1e-07,1e-07,1e-07,1e-07,1e-07,1e-07,1e-07,1e-07,1e-07,1e-07,1e-07,1e-07,1e-07,1e-07,1e-07,1e-07,1e-07,1e-07,1e-07,1e-07,1e-07,1e-07,1e-07,1e-07,1e-07,1e-07,1e-07,0.9999999,1e-07,1e-07,1e-07,1e-07,1e-07,1e-07,1e-07,1e-07
2022-08-19 01:24:31,0.9999999,1e-07,1e-07,1e-07,1e-07,1e-07,1e-07,1e-07,1e-07,1e-07,1e-07,1e-07,1e-07,1e-07,1e-07,1e-07,1e-07,1e-07,1e-07,1e-07,1e-07,1e-07,1e-07,1e-07,1e-07,1e-07,1e-07,1e-07,1e-07,1e-07,0.9999999,1e-07,1e-07,1e-07,1e-07,1e-07,1e-07,1e-07,1e-07
2022-08-19 01:24:32,0.9999999,1e-07,1e-07,1e-07,1e-07,1e-07,1e-07,1e-07,1e-07,1e-07,1e-07,1e-07,1e-07,1e-07,1e-07,1e-07,1e-07,1e-07,1e-07,1e-07,1e-07,1e-07,1e-07,1e-07,1e-07,1e-07,1e-07,1e-07,1e-07,1e-07,0.9999999,1e-07,1e-07,1e-07,1e-07,1e-07,1e-07,1e-07,1e-07
2022-08-19 01:24:33,0.9999999,1e-07,1e-07,1e-07,1e-07,1e-07,1e-07,1e-07,1e-07,1e-07,1e-07,1e-07,1e-07,1e-07,1e-07,1e-07,1e-07,1e-07,1e-07,1e-07,1e-07,1e-07,1e-07,1e-07,1e-07,1e-07,1e-07,1e-07,1e-07,1e-07,0.9999999,1e-07,1e-07,1e-07,1e-07,1e-07,1e-07,1e-07,1e-07
2022-08-19 01:24:34,0.9999999,1e-07,1e-07,1e-07,1e-07,1e-07,1e-07,1e-07,1e-07,1e-07,1e-07,1e-07,1e-07,1e-07,1e-07,1e-07,1e-07,1e-07,1e-07,1e-07,1e-07,1e-07,1e-07,1e-07,1e-07,1e-07,1e-07,1e-07,1e-07,1e-07,0.9999999,1e-07,1e-07,1e-07,1e-07,1e-07,1e-07,1e-07,1e-07
2022-08-19 01:24:35,0.9999999,1e-07,1e-07,1e-07,1e-07,1e-07,1e-07,1e-07,1e-07,1e-07,1e-07,1e-07,1e-07,1e-07,1e-07,1e-07,1e-07,1e-07,1e-07,1e-07,1e-07,1e-07,1e-07,1e-07,1e-07,1e-07,1e-07,1e-07,1e-07,1e-07,0.9999999,1e-07,1e-07,1e-07,1e-07,1e-07,1e-07,1e-07,1e-07
2022-08-19 01:24:36,0.9999999,1e-07,1e-07,1e-07,1e-07,1e-07,1e-07,1e-07,1e-07,1e-07,1e-07,1e-07,1e-07,1e-07,1e-07,1e-07,1e-07,1e-07,1e-07,1e-07,1e-07,1e-07,1e-07,1e-07,1e-07,1e-07,1e-07,1e-07,1e-07,1e-07,0.9999999,1e-07,1e-07,1e-07,1e-07,1e-07,1e-07,1e-07,1e-07
2022-08-19 01:24:37,0.9999999,1e-07,1e-07,1e-07,1e-07,1e-07,1e-07,1e-07,1e-07,1e-07,1e-07,1e-07,1e-07,1e-07,1e-07,1e-07,1e-07,1e-07,1e-07,1e-07,1e-07,1e-07,1e-07,1e-07,1e-07,1e-07,1e-07,1e-07,1e-07,1e-07,0.9999999,1e-07,1e-07,1e-07,1e-07,1e-07,1e-07,1e-07,1e-07
2022-08-19 01:24:38,0.9999999,1e-07,1e-07,1e-07,1e-07,1e-07,1e-07,1e-07,1e-07,1e-07,1e-07,1e-07,1e-07,1e-07,1e-07,1e-07,1e-07,1e-07,1e-07,1e-07,1e-07,1e-07,1e-07,1e-07,1e-07,1e-07,1e-07,1e-07,1e-07,1e-07,0.9999999,1e-07,1e-07,1e-07,1e-07,1e-07,1e-07,1e-07,1e-07
2022-08-19 01:24:39,0.9999999,1e-07,1e-07,1e-07,1e-07,1e-07,1e-07,1e-07,1e-07,1e-07,1e-07,1e-07,1e-07,1e-07,1e-07,1e-07,1e-07,1e-07,1e-07,1e-07,1e-07,1e-07,1e-07,1e-07,1e-07,1e-07,1e-07,1e-07,1e-07,1e-07,0.9999999,1e-07,1e-07,1e-07,1e-07,1e-07,1e-07,1e-07,1e-07
2022-08-19 01:24:40,0.9999999,1e-07,1e-07,1e-07,1e-07,1e-07,1e-07,1e-07,1e-07,1e-07,1e-07,1e-07,1e-07,1e-07,1e-07,1e-07,1e-07,1e-07,1e-07,1e-07,1e-07,1e-07,1e-07,1e-07,1e-07,1e-07,1e-07,1e-07,1e-07,1e-07,0.9999999,1e-07,1e-07,1e-07,1e-07,1e-07,1e-07,1e-07,1e-07
2022-08-19 01:24:41,0.9999999,1e-07,1e-07,1e-07,1e-07,1e-07,1e-07,1e-07,1e-07,1e-07,1e-07,1e-07,1e-07,1e-07,1e-07,1e-07,1e-07,1e-07,1e-07,1e-07,1e-07,1e-07,1e-07,1e-07,1e-07,1e-07,1e-07,1e-07,1e-07,1e-07,0.9999999,1e-07,1e-07,1e-07,1e-07,1e-07,1e-07,1e-07,1e-07
2022-08-19 01:24:42,0.9999999,1e-07,1e-07,1e-07,1e-07,1e-07,1e-07,1e-07,1e-07,1e-07,1e-07,1e-07,1e-07,1e-07,1e-07,1e-07,1e-07,1e-07,1e-07,1e-07,1e-07,1e-07,1e-07,1e-07,1e-07,1e-07,1e-07,1e-07,1e-07,1e-07,0.9999999,1e-07,1e-07,1e-07,1e-07,1e-07,1e-07,1e-07,1e-07
2022-08-19 01:24:43,0.9999999,1e-07,1e-07,1e-07,1e-07,1e-07,1e-07,1e-07,1e-07,1e-07,1e-07,1e-07,1e-07,1e-07,1e-07,1e-07,1e-07,1e-07,1e-07,1e-07,1e-07,1e-07,1e-07,1e-07,1e-07,1e-07,1e-07,1e-07,1e-07,1e-07,0.9999999,1e-07,1e-07,1e-07,1e-07,1e-07,1e-07,1e-07,1e-07
2022-08-19 01:24:44,0.9999999,1e-07,1e-07,1e-07,1e-07,1e-07,1e-07,1e-07,1e-07,1e-07,1e-07,1e-07,1e-07,1e-07,1e-07,1e-07,1e-07,1e-07,1e-07,1e-07,1e-07,1e-07,1e-07,1e-07,1e-07,1e-07,1e-07,1e-07,1e-07,1e-07,0.9999999,1e-07,1e-07,1e-07,1e-07,1e-07,1e-07,1e-07,1e-07
2022-08-19 01:24:45,0.9999999,1e-07,1e-07,1e-07,1e-07,1e-07,1e-07,1e-07,1e-07,1e-07,1e-07,1e-07,1e-07,1e-07,1e-07,1e-07,1e-07,1e-07,1e-07,1e-07,1e-07,1e-07,1e-07,1e-07,1e-07,1e-07,1e-07,1e-07,1e-07,1e-07,0.9999999,1e-07,1e-07,1e-07,1e-07,1e-07,1e-07,1e-07,1e-07
2022-08-19 01:24:46,0.9999999,1e-07,1e-07,1e-07,1e-07,1e-07,1e-07,1e-07,1e-07,1e-07,1e-07,1e-07,1e-07,1e-07,1e-07,1e-07,1e-07,1e-07,1e-07,1e-07,1e-07,1e-07,1e-07,1e-07,1e-07,1e-07,1e-07,1e-07,1e-07,1e-07,0.9999999,1e-07,1e-07,1e-07,1e-07,1e-07,1e-07,1e-07,1e-07
2022-08-19 01:24:47,0.9999999,1e-07,1e-07,1e-07,1e-07,1e-07,1e-07,1e-07,1e-07,1e-07,1e-07,1e-07,1e-07,1e-07,1e-07,1e-07,1e-07,1e-07,1e-07,1e-07,1e-07,1e-07,1e-07,1e-07,1e-07,1e-07,1e-07,1e-07,1e-07,1e-07,0.9999999,1e-07,1e-07,1e-07,1e-07,1e-07,1e-07,1e-07,1e-07
2022-08-19 01:24:48,0.9999999,1e-07,1e-07,1e-07,1e-07,1e-07,1e-07,1e-07,1e-07,1e-07,1e-07,1e-07,1e-07,1e-07,1e-07,1e-07,1e-07,1e-07,1e-07,1e-07,1e-07,1e-07,1e-07,1e-07,1e-07,1e-07,1e-07,1e-07,1e-07,1e-07,0.9999999,1e-07,1e-07,1e-07,1e-07,1e-07,1e-07,1e-07,1e-07
2022-08-19 01:24:49,0.9999999,1e-07,1e-07,1e-07,1e-07,1e-07,1e-07,1e-07,1e-07,1e-07,1e-07,1e-07,1e-07,1e-07,1e-07,1e-07,1e-07,1e-07,1e-07,1e-07,1e-07,1e-07,1e-07,1e-07,1e-07,1e-07,1e-07,1e-07,1e-07,1e-07,0.9999999,1e-07,1e-07,1e-07,1e-07,1e-07,1e-07,1e-07,1e-07
2022-08-19 01:24:50,0.9999999,1e-07,1e-07,1e-07,1e-07,1e-07,1e-07,1e-07,1e-07,1e-07,1e-07,1e-07,1e-07,1e-07,1e-07,1e-07,1e-07,1e-07,1e-07,1e-07,1e-07,1e-07,1e-07,1e-07,1e-07,1e-07,1e-07,1e-07,1e-07,1e-07,0.9999999,1e-07,1e-07,1e-07,1e-07,1e-07,1e-07,1e-07,1e-07
2022-08-19 01:24:51,0.9999999,1e-07,1e-07,1e-07,1e-07,1e-07,1e-07,1e-07,1e-07,1e-07,1e-07,1e-07,1e-07,1e-07,1e-07,1e-07,1e-07,1e-07,1e-07,1e-07,1e-07,1e-07,1e-07,1e-07,1e-07,1e-07,1e-07,1e-07,1e-07,1e-07,0.9999999,1e-07,1e-07,1e-07,1e-07,1e-07,1e-07,1e-07,1e-07
2022-08-19 01:24:52,0.9999999,1e-07,1e-07,1e-07,1e-07,1e-07,1e-07,1e-07,1e-07,1e-07,1e-07,1e-07,1e-07,1e-07,1e-07,1e-07,1e-07,1e-07,1e-07,1e-07,1e-07,1e-07,1e-07,1e-07,1e-07,1e-07,1e-07,1e-07,1e-07,1e-07,0.9999999,1e-07,1e-07,1e-07,1e-07,1e-07,1e-07,1e-07,1e-07
2022-08-19 01:24:53,0.9999999,1e-07,1e-07,1e-07,1e-07,1e-07,1e-07,1e-07,1e-07,1e-07,1e-07,1e-07,1e-07,1e-07,1e-07,1e-07,1e-07,1e-07,1e-07,1e-07,1e-07,1e-07,1e-07,1e-07,1e-07,1e-07,1e-07,1e-07,1e-07,1e-07,0.9999999,1e-07,1e-07,1e-07,1e-07,1e-07,1e-07,1e-07,1e-07
2022-08-19 01:24:54,0.9999999,1e-07,1e-07,1e-07,1e-07,1e-07,1e-07,1e-07,1e-07,1e-07,1e-07,1e-07,1e-07,1e-07,1e-07,1e-07,1e-07,1e-07,1e-07,1e-07,1e-07,1e-07,1e-07,1e-07,1e-07,1e-07,1e-07,1e-07,1e-07,1e-07,0.9999999,1e-07,1e-07,1e-07,1e-07,1e-07,1e-07,1e-07,1e-07
2022-08-19 01:24:55,0.9999999,1e-07,1e-07,1e-07,1e-07,1e-07,1e-07,1e-07,1e-07,1e-07,1e-07,1e-07,1e-07,1e-07,1e-07,1e-07,1e-07,1e-07,1e-07,1e-07,1e-07,1e-07,1e-07,1e-07,1e-07,1e-07,1e-07,1e-07,1e-07,1e-07,0.9999999,1e-07,1e-07,1e-07,1e-07,1e-07,1e-07,1e-07,1e-07
2022-08-19 01:24:56,0.9999999,1e-07,1e-07,1e-07,1e-07,1e-07,1e-07,1e-07,1e-07,1e-07,1e-07,1e-07,1e-07,1e-07,1e-07,1e-07,1e-07,1e-07,1e-07,1e-07,1e-07,1e-07,1e-07,1e-07,1e-07,1e-07,1e-07,1e-07,1e-07,1e-07,0.9999999,1e-07,1e-07,1e-07,1e-07,1e-07,1e-07,1e-07,1e-07
2022-08-19 01:24:57,0.9999999,1e-07,1e-07,1e-07,1e-07,1e-07,1e-07,1e-07,1e-07,1e-07,1e-07,1e-07,1e-07,1e-07,1e-07,1e-07,1e-07,1e-07,1e-07,1e-07,1e-07,1e-07,1e-07,1e-07,1e-07,1e-07,1e-07,1e-07,1e-07,1e-07,0.9999999,1e-07,1e-07,1e-07,1e-07,1e-07,1e-07,1e-07,1e-07
2022-08-19 01:24:58,0.9999999,1e-07,1e-07,1e-07,1e-07,1e-07,1e-07,1e-07,1e-07,1e-07,1e-07,1e-07,1e-07,1e-07,1e-07,1e-07,1e-07,1e-07,1e-07,1e-07,1e-07,1e-07,1e-07,1e-07,1e-07,1e-07,1e-07,1e-07,1e-07,1e-07,0.9999999,1e-07,1e-07,1e-07,1e-07,1e-07,1e-07,1e-07,1e-07
2022-08-19 01:24:59,0.9999999,1e-07,1e-07,1e-07,1e-07,1e-07,1e-07,1e-07,1e-07,1e-07,1e-07,1e-07,1e-07,1e-07,1e-07,1e-07,1e-07,1e-07,1e-07,1e-07,1e-07,1e-07,1e-07,1e-07,1e-07,1e-07,1e-07,1e-07,1e-07,1e-07,0.9999999,1e-07,1e-07,1e-07,1e-07,1e-07,1e-07,1e-07,1e-07
2022-08-19 02:45:00,1e-07,0.9999999,1e-07,1e-07,1e-07,1e-07,1e-07,1e-07,1e-07,1e-07,1e-07,1e-07,1e-07,1e-07,1e-07,0.9999999,1e-07,1e-07,1e-07,1e-07,1e-07,1e-07,1e-07,1e-07,1e-07,1e-07,1e-07,1e-07,1e-07,1e-07,1e-07,1e-07,1e-07,1e-07,1e-07,1e-07,1e-07,1e-07,1e-07
2022-08-19 02:45:01,1e-07,0.9999999,1e-07,1e-07,1e-07,1e-07,1e-07,1e-07,1e-07,1e-07,1e-07,1e-07,1e-07,1e-07,1e-07,0.9999999,1e-07,1e-07,1e-07,1e-07,1e-07,1e-07,1e-07,1e-07,1e-07,1e-07,1e-07,1e-07,1e-07,1e-07,1e-07,1e-07,1e-07,1e-07,1e-07,1e-07,1e-07,1e-07,1e-07
2022-08-19 02:45:02,1e-07,0.9999999,1e-07,1e-07,1e-07,1e-07,1e-07,1e-07,1e-07,1e-07,1e-07,1e-07,1e-07,1e-07,1e-07,0.9999999,1e-07,1e-07,1e-07,1e-07,1e-07,1e-07,1e-07,1e-07,1e-07,1e-07,1e-07,1e-07,1e-07,1e-07,1e-07,1e-07,1e-07,1e-07,1e-07,1e-07,1e-07,1e-07,1e-07
2022-08-19 02:45:03,1e-07,0.9999999,1e-07,1e-07,1e-07,1e-07,1e-07,1e-07,1e-07,1e-07,1e-07,1e-07,1e-07,1e-07,1e-07,0.9999999,1e-07,1e-07,1e-07,1e-07,1e-07,1e-07,1e-07,1e-07,1e-07,1e-07,1e-07,1e-07,1e-07,1e-07,1e-07,1e-07,1e-07,1e-07,1e-07,1e-07,1e-07,1e-07,1e-07
2022-08-19 02:45:04,1e-07,0.9999999,1e-07,1e-07,1e-07,1e-07,1e-07,1e-07,1e-07,1e-07,1e-07,1e-07,1e-07,1e-07,1e-07,0.9999999,1e-07,1e-07,1e-07,1e-07,1e-07,1e-07,1e-07,1e-07,1e-07,1e-07,1e-07,1e-07,1e-07,1e-07,1e-07,1e-07,1e-07,1e-07,1e-07,1e-07,1e-07,1e-07,1e-07
2022-08-19 02:45:05,1e-07,0.9999999,1e-07,1e-07,1e-07,1e-07,1e-07,1e-07,1e-07,1e-07,1e-07,1e-07,1e-07,1e-07,1e-07,0.9999999,1e-07,1e-07,1e-07,1e-07,1e-07,1e-07,1e-07,1e-07,1e-07,1e-07,1e-07,1e-07,1e-07,1e-07,1e-07,1e-07,1e-07,1e-07,1e-07,1e-07,1e-07,1e-07,1e-07
2022-08-19 02:45:06,1e-07,0.9999999,1e-07,1e-07,1e-07,1e-07,1e-07,1e-07,1e-07,1e-07,1e-07,1e-07,1e-07,1e-07,1e-07,0.9999999,1e-07,1e-07,1e-07,1e-07,1e-07,1e-07,1e-07,1e-07,1e-07,1e-07,1e-07,1e-07,1e-07,1e-07,1e-07,1e-07,1e-07,1e-07,1e-07,1e-07,1e-07,1e-07,1e-07
2022-08-19 02:45:07,1e-07,0.9999999,1e-07,1e-07,1e-07,1e-07,1e-07,1e-07,1e-07,1e-07,1e-07,1e-07,1e-07,1e-07,1e-07,0.9999999,1e-07,1e-07,1e-07,1e-07,1e-07,1e-07,1e-07,1e-07,1e-07,1e-07,1e-07,1e-07,1e-07,1e-07,1e-07,1e-07,1e-07,1e-07,1e-07,1e-07,1e-07,1e-07,1e-07
2022-08-19 02:45:08,1e-07,0.9999999,1e-07,1e-07,1e-07,1e-07,1e-07,1e-07,1e-07,1e-07,1e-07,1e-07,1e-07,1e-07,1e-07,0.9999999,1e-07,1e-07,1e-07,1e-07,1e-07,1e-07,1e-07,1e-07,1e-07,1e-07,1e-07,1e-07,1e-07,1e-07,1e-07,1e-07,1e-07,1e-07,1e-07,1e-07,1e-07,1e-07,1e-07
2022-08-19 02:45:09,1e-07,0.9999999,1e-07,1e-07,1e-07,1e-07,1e-07,1e-07,1e-07,1e-07,1e-07,1e-07,1e-07,1e-07,1e-07,0.9999999,1e-07,1e-07,1e-07,1e-07,1e-07,1e-07,1e-07,1e-07,1e-07,1e-07,1e-07,1e-07,1e-07,1e-07,1e-07,1e-07,1e-07,1e-07,1e-07,1e-07,1e-07,1e-07,1e-07
2022-08-19 02:45:10,1e-07,0.9999999,1e-07,1e-07,1e-07,1e-07,1e-07,1e-07,1e-07,1e-07,1e-07,1e-07,1e-07,1e-07,1e-07,0.9999999,1e-07,1e-07,1e-07,1e-07,1e-07,1e-07,1e-07,1e-07,1e-07,1e-07,1e-07,1e-07,1e-07,1e-07,1e-07,1e-07,1e-07,1e-07,1e-07,1e-07,1e-07,1e-07,1e-07
2022-08-19 02:45:11,1e-07,0.9999999,1e-07,1e-07,1e-07,1e-07,1e-07,1e-07,1e-07,1e-07,1e-07,1e-07,1e-07,1e-07,1e-07,0.9999999,1e-07,1e-07,1e-07,1e-07,1e-07,1e-07,1e-07,1e-07,1e-07,1e-07,1e-07,1e-07,1e-07,1e-07,1e-07,1e-07,1e-07,1e-07,1e-07,1e-07,1e-07,1e-07,1e-07
2022-08-19 02:45:12,1e-07,0.9999999,1e-07,1e-07,1e-07,1e-07,1e-07,1e-07,1e-07,1e-07,1e-07,1e-07,1e-07,1e-07,1e-07,0.9999999,1e-07,1e-07,1e-07,1e-07,1e-07,1e-07,1e-07,1e-07,1e-07,1e-07,1e-07,1e-07,1e-07,1e-07,1e-07,1e-07,1e-07,1e-07,1e-07,1e-07,1e-07,1e-07,1e-07
2022-08-19 02:45:13,1e-07,0.9999999,1e-07,1e-07,1e-07,1e-07,1e-07,1e-07,1e-07,1e-07,1e-07,1e-07,1e-07,1e-07,1e-07,0.9999999,1e-07,1e-07,1e-07,1e-07,1e-07,1e-07,1e-07,1e-07,1e-07,1e-07,1e-07,1e-07,1e-07,1e-07,1e-07,1e-07,1e-07,1e-07,1e-07,1e-07,1e-07,1e-07,1e-07
2022-08-19 02:45:14,1e-07,0.9999999,1e-07,1e-07,1e-07,1e-07,1e-07,1e-07,1e-07,1e-07,1e-07,1e-07,1e-07,1e-07,1e-07,0.9999999,1e-07,1e-07,1e-07,1e-07,1e-07,1e-07,1e-07,1e-07,1e-07,1e-07,1e-07,1e-07,1e-07,1e-07,1e-07,1e-07,1e-07,1e-07,1e-07,1e-07,1e-07,1e-07,1e-07
2022-08-19 02:45:15,1e-07,0.9999999,1e-07,1e-07,1e-07,1e-07,1e-07,1e-07,1e-07,1e-07,1e-07,1e-07,1e-07,1e-07,1e-07,0.9999999,1e-07,1e-07,1e-07,1e-07,1e-07,1e-07,1e-07,1e-07,1e-07,1e-07,1e-07,1e-07,1e-07,1e-07,1e-07,1e-07,1e-07,1e-07,1e-07,1e-07,1e-07,1e-07,1e-07
2022-08-19 02:45:16,1e-07,0.9999999,1e-07,1e-07,1e-07,1e-07,1e-07,1e-07,1e-07,1e-07,1e-07,1e-07,1e-07,1e-07,1e-07,0.9999999,1e-07,1e-07,1e-07,1e-07,1e-07,1e-07,1e-07,1e-07,1e-07,1e-07,1e-07,1e-07,1e-07,1e-07,1e-07,1e-07,1e-07,1e-07,1e-07,1e-07,1e-07,1e-07,1e-07
2022-08-19 02:45:17,1e-07,0.9999999,1e-07,1e-07,1e-07,1e-07,1e-07,1e-07,1e-07,1e-07,1e-07,1e-07,1e-07,1e-07,1e-07,0.9999999,1e-07,1e-07,1e-07,1e-07,1e-07,1e-07,1e-07,1e-07,1e-07,1e-07,1e-07,1e-07,1e-07,1e-07,1e-07,1e-07,1e-07,1e-07,1e-07,1e-07,1e-07,1e-07,1e-07
2022-08-19 02:45:18,1e-07,0.9999999,1e-07,1e-07,1e-07,1e-07,1e-07,1e-07,1e-07,1e-07,1e-07,1e-07,1e-07,1e-07,1e-07,0.9999999,1e-07,1e-07,1e-07,1e-07,1e-07,1e-07,1e-07,1e-07,1e-07,1e-07,1e-07,1e-07,1e-07,1e-07,1e-07,1e-07,1e-07,1e-07,1e-07,1e-07,1e-07,1e-07,1e-07
2022-08-19 02:45:19,1e-07,0.9999999,1e-07,1e-07,1e-07,1e-07,1e-07,1e-07,1e-07,1e-07,1e-07,1e-07,1e-07,1e-07,1e-07,0.9999999,1e-07,1e-07,1e-07,1e-07,1e-07,1e-07,1e-07,1e-07,1e-07,1e-07,1e-07,1e-07,1e-07,1e-07,1e-07,1e-07,1e-07,1e-07,1e-07,1e-07,1e-07,1e-07,1e-07
2022-08-19 02:45:20,1e-07,0.9999999,1e-07,1e-07,1e-07,1e-07,1e-07,1e-07,1e-07,1e-07,1e-07,1e-07,1e-07,1e-07,1e-07,0.9999999,1e-07,1e-07,1e-07,1e-07,1e-07,1e-07,1e-07,1e-07,1e-07,1e-07,1e-07,1e-07,1e-07,1e-07,1e-07,1e-07,1e-07,1e-07,1e-07,1e-07,1e-07,1e-07,1e-07
2022-08-19 02:45:21,1e-07,0.9999999,1e-07,1e-07,1e-07,1e-07,1e-07,1e-07,1e-07,1e-07,1e-07,1e-07,1e-07,1e-07,1e-07,0.9999999,1e-07,1e-07,1e-07,1e-07,1e-07,1e-07,1e-07,1e-07,1e-07,1e-07,1e-07,1e-07,1e-07,1e-07,1e-07,1e-07,1e-07,1e-07,1e-07,1e-07,1e-07,1e-07,1e-07
2022-08-19 02:45:22,1e-07,0.9999999,1e-07,1e-07,1e-07,1e-07,1e-07,1e-07,1e-07,1e-07,1e-07,1e-07,1e-07,1e-07,1e-07,0.9999999,1e-07,1e-07,1e-07,1e-07,1e-07,1e-07,1e-07,1e-07,1e-07,1e-07,1e-07,1e-07,1e-07,1e-07,1e-07,1e-07,1e-07,1e-07,1e-07,1e-07,1e-07,1e-07,1e-07
2022-08-19 02:45:23,1e-07,0.9999999,1e-07,1e-07,1e-07,1e-07,1e-07,1e-07,1e-07,1e-07,1e-07,1e-07,1e-07,1e-07,1e-07,0.9999999,1e-07,1e-07,1e-07,1e-07,1e-07,1e-07,1e-07,1e-07,1e-07,1e-07,1e-07,1e-07,1e-07,1e-07,1e-07,1e-07,1e-07,1e-07,1e-07,1e-07,1e-07,1e-07,1e-07
2022-08-19 02:45:24,1e-07,0.9999999,1e-07,1e-07,1e-07,1e-07,1e-07,1e-07,1e-07,1e-07,1e-07,1e-07,1e-07,1e-07,1e-07,0.9999999,1e-07,1e-07,1e-07,1e-07,1e-07,1e-07,1e-07,1e-07,1e-07,1e-07,1e-07,1e-07,1e-07,1e-07,1e-07,1e-07,1e-07,1e-07,1e-07,1e-07,1e-07,1e-07,1e-07
2022-08-19 02:45:25,1e-07,0.9999999,1e-07,1e-07,1e-07,1e-07,1e-07,1e-07,1e-07,1e-07,1e-07,1e-07,1e-07,1e-07,1e-07,0.9999999,1e-07,1e-07,1e-07,1e-07,1e-07,1e-07,1e-07,1e-07,1e-07,1e-07,1e-07,1e-07,1e-07,1e-07,1e-07,1e-07,1e-07,1e-07,1e-07,1e-07,1e-07,1e-07,1e-07
2022-08-19 02:45:26,1e-07,0.9999999,1e-07,1e-07,1e-07,1e-07,1e-07,1e-07,1e-07,1e-07,1e-07,1e-07,1e-07,1e-07,1e-07,0.9999999,1e-07,1e-07,1e-07,1e-07,1e-07,1e-07,1e-07,1e-07,1e-07,1e-07,1e-07,1e-07,1e-07,1e-07,1e-07,1e-07,1e-07,1e-07,1e-07,1e-07,1e-07,1e-07,1e-07
2022-08-19 02:45:27,1e-07,0.9999999,1e-07,1e-07,1e-07,1e-07,1e-07,1e-07,1e-07,1e-07,1e-07,1e-07,1e-07,1e-07,1e-07,0.9999999,1e-07,1e-07,1e-07,1e-07,1e-07,1e-07,1e-07,1e-07,1e-07,1e-07,1e-07,1e-07,1e-07,1e-07,1e-07,1e-07,1e-07,1e-07,1e-07,1e-07,1e-07,1e-07,1e-07
2022-08-19 02:45:28,1e-07,0.9999999,1e-07,1e-07,1e-07,1e-07,1e-07,1e-07,1e-07,1e-07,1e-07,1e-07,1e-07,1e-07,1e-07,0.9999999,1e-07,1e-07,1e-07,1e-07,1e-07,1e-07,1e-07,1e-07,1e-07,1e-07,1e-07,1e-07,1e-07,1e-07,1e-07,1e-07,1e-07,1e-07,1e-07,1e-07,1e-07,1e-07,1e-07
2022-08-19 02:45:29,1e-07,0.9999999,1e-07,1e-07,1e-07,1e-07,1e-07,1e-07,1e-07,1e-07,1e-07,1e-07,1e-07,1e-07,1e-07,0.9999999,1e-07,1e-07,1e-07,1e-07,1e-07,1e-07,1e-07,1e-07,1e-07,1e-07,1e-07,1e-07,1e-07,1e-07,1e-07,1e-07,1e-07,1e-07,1e-07,1e-07,1e-07,1e-07,1e-07
2022-08-19 02:45:30,1e-07,0.9999999,1e-07,1e-07,1e-07,1e-07,1e-07,1e-07,1e-07,1e-07,1e-07,1e-07,1e-07,1e-07,1e-07,0.9999999,1e-07,1e-07,1e-07,1e-07,1e-07,1e-07,1e-07,1e-07,1e-07,1e-07,1e-07,1e-07,1e-07,1e-07,1e-07,1e-07,1e-07,1e-07,1e-07,1e-07,1e-07,1e-07,1e-07
2022-08-19 02:45:31,1e-07,0.9999999,1e-07,1e-07,1e-07,1e-07,1e-07,1e-07,1e-07,1e-07,1e-07,1e-07,1e-07,1e-07,1e-07,0.9999999,1e-07,1e-07,1e-07,1e-07,1e-07,1e-07,1e-07,1e-07,1e-07,1e-07,1e-07,1e-07,1e-07,1e-07,1e-07,1e-07,1e-07,1e-07,1e-07,1e-07,1e-07,1e-07,1e-07
2022-08-19 02:45:32,1e-07,0.9999999,1e-07,1e-07,1e-07,1e-07,1e-07,1e-07,1e-07,1e-07,1e-07,1e-07,1e-07,1e-07,1e-07,0.9999999,1e-07,1e-07,1e-07,1e-07,1e-07,1e-07,1e-07,1e-07,1e-07,1e-07,1e-07,1e-07,1e-07,1e-07,1e-07,1e-07,1e-07,1e-07,1e-07,1e-07,1e-07,1e-07,1e-07
2022-08-19 02:45:33,1e-07,0.9999999,1e-07,1e-07,1e-07,1e-07,1e-07,1e-07,1e-07,1e-07,1e-07,1e-07,1e-07,1e-07,1e-07,0.9999999,1e-07,1e-07,1e-07,1e-07,1e-07,1e-07,1e-07,1e-07,1e-07,1e-07,1e-07,1e-07,1e-07,1e-07,1e-07,1e-07,1e-07,1e-07,1e-07,1e-07,1e-07,1e-07,1e-07
2022-08-19 02:45:34,1e-07,0.9999999,1e-07,1e-07,1e-07,1e-07,1e-07,1e-07,1e-07,1e-07,1e-07,1e-07,1e-07,1e-07,1e-07,0.9999999,1e-07,1e-07,1e-07,1e-07,1e-07,1e-07,1e-07,1e-07,1e-07,1e-07,1e-07,1e-07,1e-07,1e-07,1e-07,1e-07,1e-07,1e-07,1e-07,1e-07,1e-07,1e-07,1e-07
2022-08-19 02:45:35,1e-07,0.9999999,1e-07,1e-07,1e-07,1e-07,1e-07,1e-07,1e-07,1e-07,1e-07,1e-07,1e-07,1e-07,1e-07,0.9999999,1e-07,1e-07,1e-07,1e-07,1e-07,1e-07,1e-07,1e-07,1e-07,1e-07,1e-07,1e-07,1e-07,1e-07,1e-07,1e-07,1e-07,1e-07,1e-07,1e-07,1e-07,1e-07,1e-07
2022-08-19 02:45:36,1e-07,0.9999999,1e-07,1e-07,1e-07,1e-07,1e-07,1e-07,1e-07,1e-07,1e-07,1e-07,1e-07,1e-07,1e-07,0.9999999,1e-07,1e-07,1e-07,1e-07,1e-07,1e-07,1e-07,1e-07,1e-07,1e-07,1e-07,1e-07,1e-07,1e-07,1e-07,1e-07,1e-07,1e-07,1e-07,1e-07,1e-07,1e-07,1e-07
2022-08-19 02:45:37,1e-07,0.9999999,1e-07,1e-07,1e-07,1e-07,1e-07,1e-07,1e-07,1e-07,1e-07,1e-07,1e-07,1e-07,1e-07,0.9999999,1e-07,1e-07,1e-07,1e-07,1e-07,1e-07,1e-07,1e-07,1e-07,1e-07,1e-07,1e-07,1e-07,1e-07,1e-07,1e-07,1e-07,1e-07,1e-07,1e-07,1e-07,1e-07,1e-07
2022-08-19 02:45:38,1e-07,0.9999999,1e-07,1e-07,1e-07,1e-07,1e-07,1e-07,1e-07,1e-07,1e-07,1e-07,1e-07,1e-07,1e-07,0.9999999,1e-07,1e-07,1e-07,1e-07,1e-07,1e-07,1e-07,1e-07,1e-07,1e-07,1e-07,1e-07,1e-07,1e-07,1e-07,1e-07,1e-07,1e-07,1e-07,1e-07,1e-07,1e-07,1e-07
2022-08-19 02:45:39,1e-07,0.9999999,1e-07,1e-07,1e-07,1e-07,1e-07,1e-07,1e-07,1e-07,1e-07,1e-07,1e-07,1e-07,1e-07,0.9999999,1e-07,1e-07,1e-07,1e-07,1e-07,1e-07,1e-07,1e-07,1e-07,1e-07,1e-07,1e-07,1e-07,1e-07,1e-07,1e-07,1e-07,1e-07,1e-07,1e-07,1e-07,1e-07,1e-07
2022-08-19 02:45:40,1e-07,0.9999999,1e-07,1e-07,1e-07,1e-07,1e-07,1e-07,1e-07,1e-07,1e-07,1e-07,1e-07,1e-07,1e-07,0.9999999,1e-07,1e-07,1e-07,1e-07,1e-07,1e-07,1e-07,1e-07,1e-07,1e-07,1e-07,1e-07,1e-07,1e-07,1e-07,1e-07,1e-07,1e-07,1e-07,1e-07,1e-07,1e-07,1e-07
2022-08-19 02:45:41,1e-07,0.9999999,1e-07,1e-07,1e-07,1e-07,1e-07,1e-07,1e-07,1e-07,1e-07,1e-07,1e-07,1e-07,1e-07,0.9999999,1e-07,1e-07,1e-07,1e-07,1e-07,1e-07,1e-07,1e-07,1e-07,1e-07,1e-07,1e-07,1e-07,1e-07,1e-07,1e-07,1e-07,1e-07,1e-07,1e-07,1e-07,1e-07,1e-07
2022-08-19 02:45:42,1e-07,0.9999999,1e-07,1e-07,1e-07,1e-07,1e-07,1e-07,1e-07,1e-07,1e-07,1e-07,1e-07,1e-07,1e-07,0.9999999,1e-07,1e-07,1e-07,1e-07,1e-07,1e-07,1e-07,1e-07,1e-07,1e-07,1e-07,1e-07,1e-07,1e-07,1e-07,1e-07,1e-07,1e-07,1e-07,1e-07,1e-07,1e-07,1e-07
2022-08-19 02:45:43,1e-07,0.9999999,1e-07,1e-07,1e-07,1e-07,1e-07,1e-07,1e-07,1e-07,1e-07,1e-07,1e-07,1e-07,1e-07,0.9999999,1e-07,1e-07,1e-07,1e-07,1e-07,1e-07,1e-07,1e-07,1e-07,1e-07,1e-07,1e-07,1e-07,1e-07,1e-07,1e-07,1e-07,1e-07,1e-07,1e-07,1e-07,1e-07,1e-07
2022-08-19 02:45:44,1e-07,0.9999999,1e-07,1e-07,1e-07,1e-07,1e-07,1e-07,1e-07,1e-07,1e-07,1e-07,1e-07,1e-07,1e-07,0.9999999,1e-07,1e-07,1e-07,1e-07,1e-07,1e-07,1e-07,1e-07,1e-07,1e-07,1e-07,1e-07,1e-07,1e-07,1e-07,1e-07,1e-07,1e-07,1e-07,1e-07,1e-07,1e-07,1e-07
2022-08-19 02:45:45,1e-07,0.9999999,1e-07,1e-07,1e-07,1e-07,1e-07,1e-07,1e-07,1e-07,1e-07,1e-07,1e-07,1e-07,1e-07,0.9999999,1e-07,1e-07,1e-07,1e-07,1e-07,1e-07,1e-07,1e-07,1e-07,1e-07,1e-07,1e-07,1e-07,1e-07,1e-07,1e-07,1e-07,1e-07,1e-07,1e-07,1e-07,1e-07,1e-07
2022-08-19 02:45:46,1e-07,0.9999999,1e-07,1e-07,1e-07,1e-07,1e-07,1e-07,1e-07,1e-07,1e-07,1e-07,1e-07,1e-07,1e-07,0.9999999,1e-07,1e-07,1e-07,1e-07,1e-07,1e-07,1e-07,1e-07,1e-07,1e-07,1e-07,1e-07,1e-07,1e-07,1e-07,1e-07,1e-07,1e-07,1e-07,1e-07,1e-07,1e-07,1e-07
2022-08-19 02:45:47,1e-07,0.9999999,1e-07,1e-07,1e-07,1e-07,1e-07,1e-07,1e-07,1e-07,1e-07,1e-07,1e-07,1e-07,1e-07,0.9999999,1e-07,1e-07,1e-07,1e-07,1e-07,1e-07,1e-07,1e-07,1e-07,1e-07,1e-07,1e-07,1e-07,1e-07,1e-07,1e-07,1e-07,1e-07,1e-07,1e-07,1e-07,1e-07,1e-07
2022-08-19 02:45:48,1e-07,0.9999999,1e-07,1e-07,1e-07,1e-07,1e-07,1e-07,1e-07,1e-07,1e-07,1e-07,1e-07,1e-07,1e-07,0.9999999,1e-07,1e-07,1e-07,1e-07,1e-07,1e-07,1e-07,1e-07,1e-07,1e-07,1e-07,1e-07,1e-07,1e-07,1e-07,1e-07,1e-07,1e-07,1e-07,1e-07,1e-07,1e-07,1e-07
2022-08-19 02:45:49,1e-07,0.9999999,1e-07,1e-07,1e-07,1e-07,1e-07,1e-07,1e-07,1e-07,1e-07,1e-07,1e-07,1e-07,1e-07,0.9999999,1e-07,1e-07,1e-07,1e-07,1e-07,1e-07,1e-07,1e-07,1e-07,1e-07,1e-07,1e-07,1e-07,1e-07,1e-07,1e-07,1e-07,1e-07,1e-07,1e-07,1e-07,1e-07,1e-07
2022-08-19 02:45:50,1e-07,0.9999999,1e-07,1e-07,1e-07,1e-07,1e-07,1e-07,1e-07,1e-07,1e-07,1e-07,1e-07,1e-07,1e-07,0.9999999,1e-07,1e-07,1e-07,1e-07,1e-07,1e-07,1e-07,1e-07,1e-07,1e-07,1e-07,1e-07,1e-07,1e-07,1e-07,1e-07,1e-07,1e-07,1e-07,1e-07,1e-07,1e-07,1e-07
2022-08-19 02:45:51,1e-07,0.9999999,1e-07,1e-07,1e-07,1e-07,1e-07,1e-07,1e-07,1e-07,1e-07,1e-07,1e-07,1e-07,1e-07,0.9999999,1e-07,1e-07,1e-07,1e-07,1e-07,1e-07,1e-07,1e-07,1e-07,1e-07,1e-07,1e-07,1e-07,1e-07,1e-07,1e-07,1e-07,1e-07,1e-07,1e-07,1e-07,1e-07,1e-07
2022-08-19 02:45:52,1e-07,0.9999999,1e-07,1e-07,1e-07,1e-07,1e-07,1e-07,1e-07,1e-07,1e-07,1e-07,1e-07,1e-07,1e-07,0.9999999,1e-07,1e-07,1e-07,1e-07,1e-07,1e-07,1e-07,1e-07,1e-07,1e-07,1e-07,1e-07,1e-07,1e-07,1e-07,1e-07,1e-07,1e-07,1e-07,1e-07,1e-07,1e-07,1e-07
2022-08-19 02:45:53,1e-07,0.9999999,1e-07,1e-07,1e-07,1e-07,1e-07,1e-07,1e-07,1e-07,1e-07,1e-07,1e-07,1e-07,1e-07,0.9999999,1e-07,1e-07,1e-07,1e-07,1e-07,1e-07,1e-07,1e-07,1e-07,1e-07,1e-07,1e-07,1e-07,1e-07,1e-07,1e-07,1e-07,1e-07,1e-07,1e-07,1e-07,1e-07,1e-07
2022-08-19 02:45:54,1e-07,0.9999999,1e-07,1e-07,1e-07,1e-07,1e-07,1e-07,1e-07,1e-07,1e-07,1e-07,1e-07,1e-07,1e-07,0.9999999,1e-07,1e-07,1e-07,1e-07,1e-07,1e-07,1e-07,1e-07,1e-07,1e-07,1e-07,1e-07,1e-07,1e-07,1e-07,1e-07,1e-07,1e-07,1e-07,1e-07,1e-07,1e-07,1e-07
2022-08-19 02:45:55,1e-07,0.9999999,1e-07,1e-07,1e-07,1e-07,1e-07,1e-07,1e-07,1e-07,1e-07,1e-07,1e-07,1e-07,1e-07,0.9999999,1e-07,1e-07,1e-07,1e-07,1e-07,1e-07,1e-07,1e-07,1e-07,1e-07,1e-07,1e-07,1e-07,1e-07,1e-07,1e-07,1e-07,1e-07,1e-07,1e-07,1e-07,1e-07,1e-07
2022-08-19 02:45:56,1e-07,0.9999999,1e-07,1e-07,1e-07,1e-07,1e-07,1e-07,1e-07,1e-07,1e-07,1e-07,1e-07,1e-07,1e-07,0.9999999,1e-07,1e-07,1e-07,1e-07,1e-07,1e-07,1e-07,1e-07,1e-07,1e-07,1e-07,1e-07,1e-07,1e-07,1e-07,1e-07,1e-07,1e-07,1e-07,1e-07,1e-07,1e-07,1e-07
2022-08-19 02:45:57,1e-07,0.9999999,1e-07,1e-07,1e-07,1e-07,1e-07,1e-07,1e-07,1e-07,1e-07,1e-07,1e-07,1e-07,1e-07,0.9999999,1e-07,1e-07,1e-07,1e-07,1e-07,1e-07,1e-07,1e-07,1e-07,1e-07,1e-07,1e-07,1e-07,1e-07,1e-07,1e-07,1e-07,1e-07,1e-07,1e-07,1e-07,1e-07,1e-07
2022-08-19 02:45:58,1e-07,0.9999999,1e-07,1e-07,1e-07,1e-07,1e-07,1e-07,1e-07,1e-07,1e-07,1e-07,1e-07,1e-07,1e-07,0.9999999,1e-07,1e-07,1e-07,1e-07,1e-07,1e-07,1e-07,1e-07,1e-07,1e-07,1e-07,1e-07,1e-07,1e-07,1e-07,1e-07,1e-07,1e-07,1e-07,1e-07,1e-07,1e-07,1e-07
2022-08-19 02:45:59,1e-07,0.9999999,1e-07,1e-07,1e-07,1e-07,1e-07,1e-07,1e-07,1e-07,1e-07,1e-07,1e-07,1e-07,1e-07,0.9999999,1e-07,1e-07,1e-07,1e-07,1e-07,1e-07,1e-07,1e-07,1e-07,1e-07,1e-07,1e-07,1e-07,1e-07,1e-07,1e-07,1e-07,1e-07,1e-07,1e-07,1e-07,1e-07,1e-07
2022-08-19 04:35:00,1e-07,1e-07,1e-07,1e-07,1e-07,1e-07,0.9999999,1e-07,1e-07,1e-07,1e-07,1e-07,1e-07,1e-07,1e-07,1e-07,1e-07,1e-07,1e-07,1e-07,1e-07,1e-07,1e-07,1e-07,1e-07,1e-07,0.9999999,1e-07,1e-07,1e-07,1e-07,1e-07,1e-07,1e-07,1e-07,1e-07,1e-07,1e-07,1e-07
2022-08-19 04:35:01,1e-07,1e-07,1e-07,1e-07,1e-07,1e-07,0.9999999,1e-07,1e-07,1e-07,1e-07,1e-07,1e-07,1e-07,1e-07,1e-07,1e-07,1e-07,1e-07,1e-07,1e-07,1e-07,1e-07,1e-07,1e-07,1e-07,0.9999999,1e-07,1e-07,1e-07,1e-07,1e-07,1e-07,1e-07,1e-07,1e-07,1e-07,1e-07,1e-07
2022-08-19 04:35:02,1e-07,1e-07,1e-07,1e-07,1e-07,1e-07,0.9999999,1e-07,1e-07,1e-07,1e-07,1e-07,1e-07,1e-07,1e-07,1e-07,1e-07,1e-07,1e-07,1e-07,1e-07,1e-07,1e-07,1e-07,1e-07,1e-07,0.9999999,1e-07,1e-07,1e-07,1e-07,1e-07,1e-07,1e-07,1e-07,1e-07,1e-07,1e-07,1e-07
2022-08-19 04:35:03,1e-07,1e-07,1e-07,1e-07,1e-07,1e-07,0.9999999,1e-07,1e-07,1e-07,1e-07,1e-07,1e-07,1e-07,1e-07,1e-07,1e-07,1e-07,1e-07,1e-07,1e-07,1e-07,1e-07,1e-07,1e-07,1e-07,0.9999999,1e-07,1e-07,1e-07,1e-07,1e-07,1e-07,1e-07,1e-07,1e-07,1e-07,1e-07,1e-07
2022-08-19 04:35:04,1e-07,1e-07,1e-07,1e-07,1e-07,1e-07,0.9999999,1e-07,1e-07,1e-07,1e-07,1e-07,1e-07,1e-07,1e-07,1e-07,1e-07,1e-07,1e-07,1e-07,1e-07,1e-07,1e-07,1e-07,1e-07,1e-07,0.9999999,1e-07,1e-07,1e-07,1e-07,1e-07,1e-07,1e-07,1e-07,1e-07,1e-07,1e-07,1e-07
2022-08-19 04:35:05,1e-07,1e-07,1e-07,1e-07,1e-07,1e-07,0.9999999,1e-07,1e-07,1e-07,1e-07,1e-07,1e-07,1e-07,1e-07,1e-07,1e-07,1e-07,1e-07,1e-07,1e-07,1e-07,1e-07,1e-07,1e-07,1e-07,0.9999999,1e-07,1e-07,1e-07,1e-07,1e-07,1e-07,1e-07,1e-07,1e-07,1e-07,1e-07,1e-07
2022-08-19 04:35:06,1e-07,1e-07,1e-07,1e-07,1e-07,1e-07,0.9999999,1e-07,1e-07,1e-07,1e-07,1e-07,1e-07,1e-07,1e-07,1e-07,1e-07,1e-07,1e-07,1e-07,1e-07,1e-07,1e-07,1e-07,1e-07,1e-07,0.9999999,1e-07,1e-07,1e-07,1e-07,1e-07,1e-07,1e-07,1e-07,1e-07,1e-07,1e-07,1e-07
2022-08-19 04:35:07,1e-07,1e-07,1e-07,1e-07,1e-07,1e-07,0.9999999,1e-07,1e-07,1e-07,1e-07,1e-07,1e-07,1e-07,1e-07,1e-07,1e-07,1e-07,1e-07,1e-07,1e-07,1e-07,1e-07,1e-07,1e-07,1e-07,0.9999999,1e-07,1e-07,1e-07,1e-07,1e-07,1e-07,1e-07,1e-07,1e-07,1e-07,1e-07,1e-07
2022-08-19 04:35:08,1e-07,1e-07,1e-07,1e-07,1e-07,1e-07,0.9999999,1e-07,1e-07,1e-07,1e-07,1e-07,1e-07,1e-07,1e-07,1e-07,1e-07,1e-07,1e-07,1e-07,1e-07,1e-07,1e-07,1e-07,1e-07,1e-07,0.9999999,1e-07,1e-07,1e-07,1e-07,1e-07,1e-07,1e-07,1e-07,1e-07,1e-07,1e-07,1e-07
2022-08-19 04:35:09,1e-07,1e-07,1e-07,1e-07,1e-07,1e-07,0.9999999,1e-07,1e-07,1e-07,1e-07,1e-07,1e-07,1e-07,1e-07,1e-07,1e-07,1e-07,1e-07,1e-07,1e-07,1e-07,1e-07,1e-07,1e-07,1e-07,0.9999999,1e-07,1e-07,1e-07,1e-07,1e-07,1e-07,1e-07,1e-07,1e-07,1e-07,1e-07,1e-07
2022-08-19 04:35:10,1e-07,1e-07,1e-07,1e-07,1e-07,1e-07,0.9999999,1e-07,1e-07,1e-07,1e-07,1e-07,1e-07,1e-07,1e-07,1e-07,1e-07,1e-07,1e-07,1e-07,1e-07,1e-07,1e-07,1e-07,1e-07,1e-07,0.9999999,1e-07,1e-07,1e-07,1e-07,1e-07,1e-07,1e-07,1e-07,1e-07,1e-07,1e-07,1e-07
2022-08-19 04:35:11,1e-07,1e-07,1e-07,1e-07,1e-07,1e-07,0.9999999,1e-07,1e-07,1e-07,1e-07,1e-07,1e-07,1e-07,1e-07,1e-07,1e-07,1e-07,1e-07,1e-07,1e-07,1e-07,1e-07,1e-07,1e-07,1e-07,0.9999999,1e-07,1e-07,1e-07,1e-07,1e-07,1e-07,1e-07,1e-07,1e-07,1e-07,1e-07,1e-07
2022-08-19 04:35:12,1e-07,1e-07,1e-07,1e-07,1e-07,1e-07,0.9999999,1e-07,1e-07,1e-07,1e-07,1e-07,1e-07,1e-07,1e-07,1e-07,1e-07,1e-07,1e-07,1e-07,1e-07,1e-07,1e-07,1e-07,1e-07,1e-07,0.9999999,1e-07,1e-07,1e-07,1e-07,1e-07,1e-07,1e-07,1e-07,1e-07,1e-07,1e-07,1e-07
2022-08-19 04:35:13,1e-07,1e-07,1e-07,1e-07,1e-07,1e-07,0.9999999,1e-07,1e-07,1e-07,1e-07,1e-07,1e-07,1e-07,1e-07,1e-07,1e-07,1e-07,1e-07,1e-07,1e-07,1e-07,1e-07,1e-07,1e-07,1e-07,0.9999999,1e-07,1e-07,1e-07,1e-07,1e-07,1e-07,1e-07,1e-07,1e-07,1e-07,1e-07,1e-07
2022-08-19 04:35:14,1e-07,1e-07,1e-07,1e-07,1e-07,1e-07,0.9999999,1e-07,1e-07,1e-07,1e-07,1e-07,1e-07,1e-07,1e-07,1e-07,1e-07,1e-07,1e-07,1e-07,1e-07,1e-07,1e-07,1e-07,1e-07,1e-07,0.9999999,1e-07,1e-07,1e-07,1e-07,1e-07,1e-07,1e-07,1e-07,1e-07,1e-07,1e-07,1e-07
2022-08-19 04:35:15,1e-07,1e-07,1e-07,1e-07,1e-07,1e-07,0.9999999,1e-07,1e-07,1e-07,1e-07,1e-07,1e-07,1e-07,1e-07,1e-07,1e-07,1e-07,1e-07,1e-07,1e-07,1e-07,1e-07,1e-07,1e-07,1e-07,0.9999999,1e-07,1e-07,1e-07,1e-07,1e-07,1e-07,1e-07,1e-07,1e-07,1e-07,1e-07,1e-07
2022-08-19 04:35:16,1e-07,1e-07,1e-07,1e-07,1e-07,1e-07,0.9999999,1e-07,1e-07,1e-07,1e-07,1e-07,1e-07,1e-07,1e-07,1e-07,1e-07,1e-07,1e-07,1e-07,1e-07,1e-07,1e-07,1e-07,1e-07,1e-07,0.9999999,1e-07,1e-07,1e-07,1e-07,1e-07,1e-07,1e-07,1e-07,1e-07,1e-07,1e-07,1e-07
2022-08-19 04:35:17,1e-07,1e-07,1e-07,1e-07,1e-07,1e-07,0.9999999,1e-07,1e-07,1e-07,1e-07,1e-07,1e-07,1e-07,1e-07,1e-07,1e-07,1e-07,1e-07,1e-07,1e-07,1e-07,1e-07,1e-07,1e-07,1e-07,0.9999999,1e-07,1e-07,1e-07,1e-07,1e-07,1e-07,1e-07,1e-07,1e-07,1e-07,1e-07,1e-07
2022-08-19 04:35:18,1e-07,1e-07,1e-07,1e-07,1e-07,1e-07,0.9999999,1e-07,1e-07,1e-07,1e-07,1e-07,1e-07,1e-07,1e-07,1e-07,1e-07,1e-07,1e-07,1e-07,1e-07,1e-07,1e-07,1e-07,1e-07,1e-07,0.9999999,1e-07,1e-07,1e-07,1e-07,1e-07,1e-07,1e-07,1e-07,1e-07,1e-07,1e-07,1e-07
2022-08-19 04:35:19,1e-07,1e-07,1e-07,1e-07,1e-07,1e-07,0.9999999,1e-07,1e-07,1e-07,1e-07,1e-07,1e-07,1e-07,1e-07,1e-07,1e-07,1e-07,1e-07,1e-07,1e-07,1e-07,1e-07,1e-07,1e-07,1e-07,0.9999999,1e-07,1e-07,1e-07,1e-07,1e-07,1e-07,1e-07,1e-07,1e-07,1e-07,1e-07,1e-07
2022-08-19 04:35:20,1e-07,1e-07,1e-07,1e-07,1e-07,1e-07,0.9999999,1e-07,1e-07,1e-07,1e-07,1e-07,1e-07,1e-07,1e-07,1e-07,1e-07,1e-07,1e-07,1e-07,1e-07,1e-07,1e-07,1e-07,1e-07,1e-07,0.9999999,1e-07,1e-07,1e-07,1e-07,1e-07,1e-07,1e-07,1e-07,1e-07,1e-07,1e-07,1e-07
2022-08-19 04:35:21,1e-07,1e-07,1e-07,1e-07,1e-07,1e-07,0.9999999,1e-07,1e-07,1e-07,1e-07,1e-07,1e-07,1e-07,1e-07,1e-07,1e-07,1e-07,1e-07,1e-07,1e-07,1e-07,1e-07,1e-07,1e-07,1e-07,0.9999999,1e-07,1e-07,1e-07,1e-07,1e-07,1e-07,1e-07,1e-07,1e-07,1e-07,1e-07,1e-07
2022-08-19 04:35:22,1e-07,1e-07,1e-07,1e-07,1e-07,1e-07,0.9999999,1e-07,1e-07,1e-07,1e-07,1e-07,1e-07,1e-07,1e-07,1e-07,1e-07,1e-07,1e-07,1e-07,1e-07,1e-07,1e-07,1e-07,1e-07,1e-07,0.9999999,1e-07,1e-07,1e-07,1e-07,1e-07,1e-07,1e-07,1e-07,1e-07,1e-07,1e-07,1e-07
2022-08-19 04:35:23,1e-07,1e-07,1e-07,1e-07,1e-07,1e-07,0.9999999,1e-07,1e-07,1e-07,1e-07,1e-07,1e-07,1e-07,1e-07,1e-07,1e-07,1e-07,1e-07,1e-07,1e-07,1e-07,1e-07,1e-07,1e-07,1e-07,0.9999999,1e-07,1e-07,1e-07,1e-07,1e-07,1e-07,1e-07,1e-07,1e-07,1e-07,1e-07,1e-07
2022-08-19 04:35:24,1e-07,1e-07,1e-07,1e-07,1e-07,1e-07,0.9999999,1e-07,1e-07,1e-07,1e-07,1e-07,1e-07,1e-07,1e-07,1e-07,1e-07,1e-07,1e-07,1e-07,1e-07,1e-07,1e-07,1e-07,1e-07,1e-07,0.9999999,1e-07,1e-07,1e-07,1e-07,1e-07,1e-07,1e-07,1e-07,1e-07,1e-07,1e-07,1e-07
2022-08-19 04:35:25,1e-07,1e-07,1e-07,1e-07,1e-07,1e-07,0.9999999,1e-07,1e-07,1e-07,1e-07,1e-07,1e-07,1e-07,1e-07,1e-07,1e-07,1e-07,1e-07,1e-07,1e-07,1e-07,1e-07,1e-07,1e-07,1e-07,0.9999999,1e-07,1e-07,1e-07,1e-07,1e-07,1e-07,1e-07,1e-07,1e-07,1e-07,1e-07,1e-07
2022-08-19 04:35:26,1e-07,1e-07,1e-07,1e-07,1e-07,1e-07,0.9999999,1e-07,1e-07,1e-07,1e-07,1e-07,1e-07,1e-07,1e-07,1e-07,1e-07,1e-07,1e-07,1e-07,1e-07,1e-07,1e-07,1e-07,1e-07,1e-07,0.9999999,1e-07,1e-07,1e-07,1e-07,1e-07,1e-07,1e-07,1e-07,1e-07,1e-07,1e-07,1e-07
2022-08-19 04:35:27,1e-07,1e-07,1e-07,1e-07,1e-07,1e-07,0.9999999,1e-07,1e-07,1e-07,1e-07,1e-07,1e-07,1e-07,1e-07,1e-07,1e-07,1e-07,1e-07,1e-07,1e-07,1e-07,1e-07,1e-07,1e-07,1e-07,0.9999999,1e-07,1e-07,1e-07,1e-07,1e-07,1e-07,1e-07,1e-07,1e-07,1e-07,1e-07,1e-07
2022-08-19 04:35:28,1e-07,1e-07,1e-07,1e-07,1e-07,1e-07,0.9999999,1e-07,1e-07,1e-07,1e-07,1e-07,1e-07,1e-07,1e-07,1e-07,1e-07,1e-07,1e-07,1e-07,1e-07,1e-07,1e-07,1e-07,1e-07,1e-07,0.9999999,1e-07,1e-07,1e-07,1e-07,1e-07,1e-07,1e-07,1e-07,1e-07,1e-07,1e-07,1e-07
2022-08-19 04:35:29,1e-07,1e-07,1e-07,1e-07,1e-07,1e-07,0.9999999,1e-07,1e-07,1e-07,1e-07,1e-07,1e-07,1e-07,1e-07,1e-07,1e-07,1e-07,1e-07,1e-07,1e-07,1e-07,1e-07,1e-07,1e-07,1e-07,0.9999999,1e-07,1e-07,1e-07,1e-07,1e-07,1e-07,1e-07,1e-07,1e-07,1e-07,1e-07,1e-07
2022-08-19 04:35:30,1e-07,1e-07,1e-07,1e-07,1e-07,1e-07,0.9999999,1e-07,1e-07,1e-07,1e-07,1e-07,1e-07,1e-07,1e-07,1e-07,1e-07,1e-07,1e-07,1e-07,1e-07,1e-07,1e-07,1e-07,1e-07,1e-07,0.9999999,1e-07,1e-07,1e-07,1e-07,1e-07,1e-07,1e-07,1e-07,1e-07,1e-07,1e-07,1e-07
2022-08-19 04:35:31,1e-07,1e-07,1e-07,1e-07,1e-07,1e-07,0.9999999,1e-07,1e-07,1e-07,1e-07,1e-07,1e-07,1e-07,1e-07,1e-07,1e-07,1e-07,1e-07,1e-07,1e-07,1e-07,1e-07,1e-07,1e-07,1e-07,0.9999999,1e-07,1e-07,1e-07,1e-07,1e-07,1e-07,1e-07,1e-07,1e-07,1e-07,1e-07,1e-07
2022-08-19 04:35:32,1e-07,1e-07,1e-07,1e-07,1e-07,1e-07,0.9999999,1e-07,1e-07,1e-07,1e-07,1e-07,1e-07,1e-07,1e-07,1e-07,1e-07,1e-07,1e-07,1e-07,1e-07,1e-07,1e-07,1e-07,1e-07,1e-07,0.9999999,1e-07,1e-07,1e-07,1e-07,1e-07,1e-07,1e-07,1e-07,1e-07,1e-07,1e-07,1e-07
2022-08-19 04:35:33,1e-07,1e-07,1e-07,1e-07,1e-07,1e-07,0.9999999,1e-07,1e-07,1e-07,1e-07,1e-07,1e-07,1e-07,1e-07,1e-07,1e-07,1e-07,1e-07,1e-07,1e-07,1e-07,1e-07,1e-07,1e-07,1e-07,0.9999999,1e-07,1e-07,1e-07,1e-07,1e-07,1e-07,1e-07,1e-07,1e-07,1e-07,1e-07,1e-07
2022-08-19 04:35:34,1e-07,1e-07,1e-07,1e-07,1e-07,1e-07,0.9999999,1e-07,1e-07,1e-07,1e-07,1e-07,1e-07,1e-07,1e-07,1e-07,1e-07,1e-07,1e-07,1e-07,1e-07,1e-07,1e-07,1e-07,1e-07,1e-07,0.9999999,1e-07,1e-07,1e-07,1e-07,1e-07,1e-07,1e-07,1e-07,1e-07,1e-07,1e-07,1e-07
2022-08-19 04:35:35,1e-07,1e-07,1e-07,1e-07,1e-07,1e-07,0.9999999,1e-07,1e-07,1e-07,1e-07,1e-07,1e-07,1e-07,1e-07,1e-07,1e-07,1e-07,1e-07,1e-07,1e-07,1e-07,1e-07,1e-07,1e-07,1e-07,0.9999999,1e-07,1e-07,1e-07,1e-07,1e-07,1e-07,1e-07,1e-07,1e-07,1e-07,1e-07,1e-07
2022-08-19 04:35:36,1e-07,1e-07,1e-07,1e-07,1e-07,1e-07,0.9999999,1e-07,1e-07,1e-07,1e-07,1e-07,1e-07,1e-07,1e-07,1e-07,1e-07,1e-07,1e-07,1e-07,1e-07,1e-07,1e-07,1e-07,1e-07,1e-07,0.9999999,1e-07,1e-07,1e-07,1e-07,1e-07,1e-07,1e-07,1e-07,1e-07,1e-07,1e-07,1e-07
2022-08-19 04:35:37,1e-07,1e-07,1e-07,1e-07,1e-07,1e-07,0.9999999,1e-07,1e-07,1e-07,1e-07,1e-07,1e-07,1e-07,1e-07,1e-07,1e-07,1e-07,1e-07,1e-07,1e-07,1e-07,1e-07,1e-07,1e-07,1e-07,0.9999999,1e-07,1e-07,1e-07,1e-07,1e-07,1e-07,1e-07,1e-07,1e-07,1e-07,1e-07,1e-07
2022-08-19 04:35:38,1e-07,1e-07,1e-07,1e-07,1e-07,1e-07,0.9999999,1e-07,1e-07,1e-07,1e-07,1e-07,1e-07,1e-07,1e-07,1e-07,1e-07,1e-07,1e-07,1e-07,1e-07,1e-07,1e-07,1e-07,1e-07,1e-07,0.9999999,1e-07,1e-07,1e-07,1e-07,1e-07,1e-07,1e-07,1e-07,1e-07,1e-07,1e-07,1e-07
2022-08-19 04:35:39,1e-07,1e-07,1e-07,1e-07,1e-07,1e-07,0.9999999,1e-07,1e-07,1e-07,1e-07,1e-07,1e-07,1e-07,1e-07,1e-07,1e-07,1e-07,1e-07,1e-07,1e-07,1e-07,1e-07,1e-07,1e-07,1e-07,0.9999999,1e-07,1e-07,1e-07,1e-07,1e-07,1e-07,1e-07,1e-07,1e-07,1e-07,1e-07,1e-07
2022-08-19 04:35:40,1e-07,1e-07,1e-07,1e-07,1e-07,1e-07,0.9999999,1e-07,1e-07,1e-07,1e-07,1e-07,1e-07,1e-07,1e-07,1e-07,1e-07,1e-07,1e-07,1e-07,1e-07,1e-07,1e-07,1e-07,1e-07,1e-07,0.9999999,1e-07,1e-07,1e-07,1e-07,1e-07,1e-07,1e-07,1e-07,1e-07,1e-07,1e-07,1e-07
2022-08-19 04:35:41,1e-07,1e-07,1e-07,1e-07,1e-07,1e-07,0.9999999,1e-07,1e-07,1e-07,1e-07,1e-07,1e-07,1e-07,1e-07,1e-07,1e-07,1e-07,1e-07,1e-07,1e-07,1e-07,1e-07,1e-07,1e-07,1e-07,0.9999999,1e-07,1e-07,1e-07,1e-07,1e-07,1e-07,1e-07,1e-07,1e-07,1e-07,1e-07,1e-07
2022-08-19 04:35:42,1e-07,1e-07,1e-07,1e-07,1e-07,1e-07,0.9999999,1e-07,1e-07,1e-07,1e-07,1e-07,1e-07,1e-07,1e-07,1e-07,1e-07,1e-07,1e-07,1e-07,1e-07,1e-07,1e-07,1e-07,1e-07,1e-07,0.9999999,1e-07,1e-07,1e-07,1e-07,1e-07,1e-07,1e-07,1e-07,1e-07,1e-07,1e-07,1e-07
2022-08-19 04:35:43,1e-07,1e-07,1e-07,1e-07,1e-07,1e-07,0.9999999,1e-07,1e-07,1e-07,1e-07,1e-07,1e-07,1e-07,1e-07,1e-07,1e-07,1e-07,1e-07,1e-07,1e-07,1e-07,1e-07,1e-07,1e-07,1e-07,0.9999999,1e-07,1e-07,1e-07,1e-07,1e-07,1e-07,1e-07,1e-07,1e-07,1e-07,1e-07,1e-07
2022-08-19 04:35:44,1e-07,1e-07,1e-07,1e-07,1e-07,1e-07,0.9999999,1e-07,1e-07,1e-07,1e-07,1e-07,1e-07,1e-07,1e-07,1e-07,1e-07,1e-07,1e-07,1e-07,1e-07,1e-07,1e-07,1e-07,1e-07,1e-07,0.9999999,1e-07,1e-07,1e-07,1e-07,1e-07,1e-07,1e-07,1e-07,1e-07,1e-07,1e-07,1e-07
2022-08-19 04:35:45,1e-07,1e-07,1e-07,1e-07,1e-07,1e-07,0.9999999,1e-07,1e-07,1e-07,1e-07,1e-07,1e-07,1e-07,1e-07,1e-07,1e-07,1e-07,1e-07,1e-07,1e-07,1e-07,1e-07,1e-07,1e-07,1e-07,0.9999999,1e-07,1e-07,1e-07,1e-07,1e-07,1e-07,1e-07,1e-07,1e-07,1e-07,1e-07,1e-07
2022-08-19 04:35:46,1e-07,1e-07,1e-07,1e-07,1e-07,1e-07,0.9999999,1e-07,1e-07,1e-07,1e-07,1e-07,1e-07,1e-07,1e-07,1e-07,1e-07,1e-07,1e-07,1e-07,1e-07,1e-07,1e-07,1e-07,1e-07,1e-07,0.9999999,1e-07,1e-07,1e-07,1e-07,1e-07,1e-07,1e-07,1e-07,1e-07,1e-07,1e-07,1e-07
2022-08-19 04:35:47,1e-07,1e-07,1e-07,1e-07,1e-07,1e-07,0.9999999,1e-07,1e-07,1e-07,1e-07,1e-07,1e-07,1e-07,1e-07,1e-07,1e-07,1e-07,1e-07,1e-07,1e-07,1e-07,1e-07,1e-07,1e-07,1e-07,0.9999999,1e-07,1e-07,1e-07,1e-07,1e-07,1e-07,1e-07,1e-07,1e-07,1e-07,1e-07,1e-07
2022-08-19 04:35:48,1e-07,1e-07,1e-07,1e-07,1e-07,1e-07,0.9999999,1e-07,1e-07,1e-07,1e-07,1e-07,1e-07,1e-07,1e-07,1e-07,1e-07,1e-07,1e-07,1e-07,1e-07,1e-07,1e-07,1e-07,1e-07,1e-07,0.9999999,1e-07,1e-07,1e-07,1e-07,1e-07,1e-07,1e-07,1e-07,1e-07,1e-07,1e-07,1e-07
2022-08-19 04:35:49,1e-07,1e-07,1e-07,1e-07,1e-07,1e-07,0.9999999,1e-07,1e-07,1e-07,1e-07,1e-07,1e-07,1e-07,1e-07,1e-07,1e-07,1e-07,1e-07,1e-07,1e-07,1e-07,1e-07,1e-07,1e-07,1e-07,0.9999999,1e-07,1e-07,1e-07,1e-07,1e-07,1e-07,1e-07,1e-07,1e-07,1e-07,1e-07,1e-07
2022-08-19 04:35:50,1e-07,1e-07,1e-07,1e-07,1e-07,1e-07,0.9999999,1e-07,1e-07,1e-07,1e-07,1e-07,1e-07,1e-07,1e-07,1e-07,1e-07,1e-07,1e-07,1e-07,1e-07,1e-07,1e-07,1e-07,1e-07,1e-07,0.9999999,1e-07,1e-07,1e-07,1e-07,1e-07,1e-07,1e-07,1e-07,1e-07,1e-07,1e-07,1e-07
2022-08-19 04:35:51,1e-07,1e-07,1e-07,1e-07,1e-07,1e-07,0.9999999,1e-07,1e-07,1e-07,1e-07,1e-07,1e-07,1e-07,1e-07,1e-07,1e-07,1e-07,1e-07,1e-07,1e-07,1e-07,1e-07,1e-07,1e-07,1e-07,0.9999999,1e-07,1e-07,1e-07,1e-07,1e-07,1e-07,1e-07,1e-07,1e-07,1e-07,1e-07,1e-07
2022-08-19 04:35:52,1e-07,1e-07,1e-07,1e-07,1e-07,1e-07,0.9999999,1e-07,1e-07,1e-07,1e-07,1e-07,1e-07,1e-07,1e-07,1e-07,1e-07,1e-07,1e-07,1e-07,1e-07,1e-07,1e-07,1e-07,1e-07,1e-07,0.9999999,1e-07,1e-07,1e-07,1e-07,1e-07,1e-07,1e-07,1e-07,1e-07,1e-07,1e-07,1e-07
2022-08-19 04:35:53,1e-07,1e-07,1e-07,1e-07,1e-07,1e-07,0.9999999,1e-07,1e-07,1e-07,1e-07,1e-07,1e-07,1e-07,1e-07,1e-07,1e-07,1e-07,1e-07,1e-07,1e-07,1e-07,1e-07,1e-07,1e-07,1e-07,0.9999999,1e-07,1e-07,1e-07,1e-07,1e-07,1e-07,1e-07,1e-07,1e-07,1e-07,1e-07,1e-07
2022-08-19 04:35:54,1e-07,1e-07,1e-07,1e-07,1e-07,1e-07,0.9999999,1e-07,1e-07,1e-07,1e-07,1e-07,1e-07,1e-07,1e-07,1e-07,1e-07,1e-07,1e-07,1e-07,1e-07,1e-07,1e-07,1e-07,1e-07,1e-07,0.9999999,1e-07,1e-07,1e-07,1e-07,1e-07,1e-07,1e-07,1e-07,1e-07,1e-07,1e-07,1e-07
2022-08-19 04:35:55,1e-07,1e-07,1e-07,1e-07,1e-07,1e-07,0.9999999,1e-07,1e-07,1e-07,1e-07,1e-07,1e-07,1e-07,1e-07,1e-07,1e-07,1e-07,1e-07,1e-07,1e-07,1e-07,1e-07,1e-07,1e-07,1e-07,0.9999999,1e-07,1e-07,1e-07,1e-07,1e-07,1e-07,1e-07,1e-07,1e-07,1e-07,1e-07,1e-07
2022-08-19 04:35:56,1e-07,1e-07,1e-07,1e-07,1e-07,1e-07,0.9999999,1e-07,1e-07,1e-07,1e-07,1e-07,1e-07,1e-07,1e-07,1e-07,1e-07,1e-07,1e-07,1e-07,1e-07,1e-07,1e-07,1e-07,1e-07,1e-07,0.9999999,1e-07,1e-07,1e-07,1e-07,1e-07,1e-07,1e-07,1e-07,1e-07,1e-07,1e-07,1e-07
2022-08-19 04:35:57,1e-07,1e-07,1e-07,1e-07,1e-07,1e-07,0.9999999,1e-07,1e-07,1e-07,1e-07,1e-07,1e-07,1e-07,1e-07,1e-07,1e-07,1e-07,1e-07,1e-07,1e-07,1e-07,1e-07,1e-07,1e-07,1e-07,0.9999999,1e-07,1e-07,1e-07,1e-07,1e-07,1e-07,1e-07,1e-07,1e-07,1e-07,1e-07,1e-07
2022-08-19 04:35:58,1e-07,1e-07,1e-07,1e-07,1e-07,1e-07,0.9999999,1e-07,1e-07,1e-07,1e-07,1e-07,1e-07,1e-07,1e-07,1e-07,1e-07,1e-07,1e-07,1e-07,1e-07,1e-07,1e-07,1e-07,1e-07,1e-07,0.9999999,1e-07,1e-07,1e-07,1e-07,1e-07,1e-07,1e-07,1e-07,1e-07,1e-07,1e-07,1e-07
2022-08-19 04:35:59,1e-07,1e-07,1e-07,1e-07,1e-07,1e-07,0.9999999,1e-07,1e-07,1e-07,1e-07,1e-07,1e-07,1e-07,1e-07,1e-07,1e-07,1e-07,1e-07,1e-07,1e-07,1e-07,1e-07,1e-07,1e-07,1e-07,0.9999999,1e-07,1e-07,1e-07,1e-07,1e-07,1e-07,1e-07,1e-07,1e-07,1e-07,1e-07,1e-07
2022-08-19 05:16:00,1e-07,1e-07,1e-07,1e-07,1e-07,1e-07,1e-07,1e-07,1e-07,1e-07,1e-07,1e-07,1e-07,1e-07,1e-07,1e-07,1e-07,1e-07,1e-07,1e-07,1e-07,1e-07,1e-07,0.9999999,1e-07,1e-07,1e-07,1e-07,1e-07,1e-07,0.9999999,1e-07,1e-07,1e-07,1e-07,1e-07,1e-07,1e-07,1e-07
2022-08-19 05:16:01,1e-07,1e-07,1e-07,1e-07,1e-07,1e-07,1e-07,1e-07,1e-07,1e-07,1e-07,1e-07,1e-07,1e-07,1e-07,1e-07,1e-07,1e-07,1e-07,1e-07,1e-07,1e-07,1e-07,0.9999999,1e-07,1e-07,1e-07,1e-07,1e-07,1e-07,0.9999999,1e-07,1e-07,1e-07,1e-07,1e-07,1e-07,1e-07,1e-07
2022-08-19 05:16:02,1e-07,1e-07,1e-07,1e-07,1e-07,1e-07,1e-07,1e-07,1e-07,1e-07,1e-07,1e-07,1e-07,1e-07,1e-07,1e-07,1e-07,1e-07,1e-07,1e-07,1e-07,1e-07,1e-07,0.9999999,1e-07,1e-07,1e-07,1e-07,1e-07,1e-07,0.9999999,1e-07,1e-07,1e-07,1e-07,1e-07,1e-07,1e-07,1e-07
2022-08-19 05:16:03,1e-07,1e-07,1e-07,1e-07,1e-07,1e-07,1e-07,1e-07,1e-07,1e-07,1e-07,1e-07,1e-07,1e-07,1e-07,1e-07,1e-07,1e-07,1e-07,1e-07,1e-07,1e-07,1e-07,0.9999999,1e-07,1e-07,1e-07,1e-07,1e-07,1e-07,0.9999999,1e-07,1e-07,1e-07,1e-07,1e-07,1e-07,1e-07,1e-07
2022-08-19 05:16:04,1e-07,1e-07,1e-07,1e-07,1e-07,1e-07,1e-07,1e-07,1e-07,1e-07,1e-07,1e-07,1e-07,1e-07,1e-07,1e-07,1e-07,1e-07,1e-07,1e-07,1e-07,1e-07,1e-07,0.9999999,1e-07,1e-07,1e-07,1e-07,1e-07,1e-07,0.9999999,1e-07,1e-07,1e-07,1e-07,1e-07,1e-07,1e-07,1e-07
2022-08-19 05:16:05,1e-07,1e-07,1e-07,1e-07,1e-07,1e-07,1e-07,1e-07,1e-07,1e-07,1e-07,1e-07,1e-07,1e-07,1e-07,1e-07,1e-07,1e-07,1e-07,1e-07,1e-07,1e-07,1e-07,0.9999999,1e-07,1e-07,1e-07,1e-07,1e-07,1e-07,0.9999999,1e-07,1e-07,1e-07,1e-07,1e-07,1e-07,1e-07,1e-07
2022-08-19 05:16:06,1e-07,1e-07,1e-07,1e-07,1e-07,1e-07,1e-07,1e-07,1e-07,1e-07,1e-07,1e-07,1e-07,1e-07,1e-07,1e-07,1e-07,1e-07,1e-07,1e-07,1e-07,1e-07,1e-07,0.9999999,1e-07,1e-07,1e-07,1e-07,1e-07,1e-07,0.9999999,1e-07,1e-07,1e-07,1e-07,1e-07,1e-07,1e-07,1e-07
2022-08-19 05:16:07,1e-07,1e-07,1e-07,1e-07,1e-07,1e-07,1e-07,1e-07,1e-07,1e-07,1e-07,1e-07,1e-07,1e-07,1e-07,1e-07,1e-07,1e-07,1e-07,1e-07,1e-07,1e-07,1e-07,0.9999999,1e-07,1e-07,1e-07,1e-07,1e-07,1e-07,0.9999999,1e-07,1e-07,1e-07,1e-07,1e-07,1e-07,1e-07,1e-07
2022-08-19 05:16:08,1e-07,1e-07,1e-07,1e-07,1e-07,1e-07,1e-07,1e-07,1e-07,1e-07,1e-07,1e-07,1e-07,1e-07,1e-07,1e-07,1e-07,1e-07,1e-07,1e-07,1e-07,1e-07,1e-07,0.9999999,1e-07,1e-07,1e-07,1e-07,1e-07,1e-07,0.9999999,1e-07,1e-07,1e-07,1e-07,1e-07,1e-07,1e-07,1e-07
2022-08-19 05:16:09,1e-07,1e-07,1e-07,1e-07,1e-07,1e-07,1e-07,1e-07,1e-07,1e-07,1e-07,1e-07,1e-07,1e-07,1e-07,1e-07,1e-07,1e-07,1e-07,1e-07,1e-07,1e-07,1e-07,0.9999999,1e-07,1e-07,1e-07,1e-07,1e-07,1e-07,0.9999999,1e-07,1e-07,1e-07,1e-07,1e-07,1e-07,1e-07,1e-07
2022-08-19 05:16:10,1e-07,1e-07,1e-07,1e-07,1e-07,1e-07,1e-07,1e-07,1e-07,1e-07,1e-07,1e-07,1e-07,1e-07,1e-07,1e-07,1e-07,1e-07,1e-07,1e-07,1e-07,1e-07,1e-07,0.9999999,1e-07,1e-07,1e-07,1e-07,1e-07,1e-07,0.9999999,1e-07,1e-07,1e-07,1e-07,1e-07,1e-07,1e-07,1e-07
2022-08-19 05:16:11,1e-07,1e-07,1e-07,1e-07,1e-07,1e-07,1e-07,1e-07,1e-07,1e-07,1e-07,1e-07,1e-07,1e-07,1e-07,1e-07,1e-07,1e-07,1e-07,1e-07,1e-07,1e-07,1e-07,0.9999999,1e-07,1e-07,1e-07,1e-07,1e-07,1e-07,0.9999999,1e-07,1e-07,1e-07,1e-07,1e-07,1e-07,1e-07,1e-07
2022-08-19 05:16:12,1e-07,1e-07,1e-07,1e-07,1e-07,1e-07,1e-07,1e-07,1e-07,1e-07,1e-07,1e-07,1e-07,1e-07,1e-07,1e-07,1e-07,1e-07,1e-07,1e-07,1e-07,1e-07,1e-07,0.9999999,1e-07,1e-07,1e-07,1e-07,1e-07,1e-07,0.9999999,1e-07,1e-07,1e-07,1e-07,1e-07,1e-07,1e-07,1e-07
2022-08-19 05:16:13,1e-07,1e-07,1e-07,1e-07,1e-07,1e-07,1e-07,1e-07,1e-07,1e-07,1e-07,1e-07,1e-07,1e-07,1e-07,1e-07,1e-07,1e-07,1e-07,1e-07,1e-07,1e-07,1e-07,0.9999999,1e-07,1e-07,1e-07,1e-07,1e-07,1e-07,0.9999999,1e-07,1e-07,1e-07,1e-07,1e-07,1e-07,1e-07,1e-07
2022-08-19 05:16:14,1e-07,1e-07,1e-07,1e-07,1e-07,1e-07,1e-07,1e-07,1e-07,1e-07,1e-07,1e-07,1e-07,1e-07,1e-07,1e-07,1e-07,1e-07,1e-07,1e-07,1e-07,1e-07,1e-07,0.9999999,1e-07,1e-07,1e-07,1e-07,1e-07,1e-07,0.9999999,1e-07,1e-07,1e-07,1e-07,1e-07,1e-07,1e-07,1e-07
2022-08-19 05:16:15,1e-07,1e-07,1e-07,1e-07,1e-07,1e-07,1e-07,1e-07,1e-07,1e-07,1e-07,1e-07,1e-07,1e-07,1e-07,1e-07,1e-07,1e-07,1e-07,1e-07,1e-07,1e-07,1e-07,0.9999999,1e-07,1e-07,1e-07,1e-07,1e-07,1e-07,0.9999999,1e-07,1e-07,1e-07,1e-07,1e-07,1e-07,1e-07,1e-07
2022-08-19 05:16:16,1e-07,1e-07,1e-07,1e-07,1e-07,1e-07,1e-07,1e-07,1e-07,1e-07,1e-07,1e-07,1e-07,1e-07,1e-07,1e-07,1e-07,1e-07,1e-07,1e-07,1e-07,1e-07,1e-07,0.9999999,1e-07,1e-07,1e-07,1e-07,1e-07,1e-07,0.9999999,1e-07,1e-07,1e-07,1e-07,1e-07,1e-07,1e-07,1e-07
2022-08-19 05:16:17,1e-07,1e-07,1e-07,1e-07,1e-07,1e-07,1e-07,1e-07,1e-07,1e-07,1e-07,1e-07,1e-07,1e-07,1e-07,1e-07,1e-07,1e-07,1e-07,1e-07,1e-07,1e-07,1e-07,0.9999999,1e-07,1e-07,1e-07,1e-07,1e-07,1e-07,0.9999999,1e-07,1e-07,1e-07,1e-07,1e-07,1e-07,1e-07,1e-07
2022-08-19 05:16:18,1e-07,1e-07,1e-07,1e-07,1e-07,1e-07,1e-07,1e-07,1e-07,1e-07,1e-07,1e-07,1e-07,1e-07,1e-07,1e-07,1e-07,1e-07,1e-07,1e-07,1e-07,1e-07,1e-07,0.9999999,1e-07,1e-07,1e-07,1e-07,1e-07,1e-07,0.9999999,1e-07,1e-07,1e-07,1e-07,1e-07,1e-07,1e-07,1e-07
2022-08-19 05:16:19,1e-07,1e-07,1e-07,1e-07,1e-07,1e-07,1e-07,1e-07,1e-07,1e-07,1e-07,1e-07,1e-07,1e-07,1e-07,1e-07,1e-07,1e-07,1e-07,1e-07,1e-07,1e-07,1e-07,0.9999999,1e-07,1e-07,1e-07,1e-07,1e-07,1e-07,0.9999999,1e-07,1e-07,1e-07,1e-07,1e-07,1e-07,1e-07,1e-07
2022-08-19 05:16:20,1e-07,1e-07,1e-07,1e-07,1e-07,1e-07,1e-07,1e-07,1e-07,1e-07,1e-07,1e-07,1e-07,1e-07,1e-07,1e-07,1e-07,1e-07,1e-07,1e-07,1e-07,1e-07,1e-07,0.9999999,1e-07,1e-07,1e-07,1e-07,1e-07,1e-07,0.9999999,1e-07,1e-07,1e-07,1e-07,1e-07,1e-07,1e-07,1e-07
2022-08-19 05:16:21,1e-07,1e-07,1e-07,1e-07,1e-07,1e-07,1e-07,1e-07,1e-07,1e-07,1e-07,1e-07,1e-07,1e-07,1e-07,1e-07,1e-07,1e-07,1e-07,1e-07,1e-07,1e-07,1e-07,0.9999999,1e-07,1e-07,1e-07,1e-07,1e-07,1e-07,0.9999999,1e-07,1e-07,1e-07,1e-07,1e-07,1e-07,1e-07,1e-07
2022-08-19 05:16:22,1e-07,1e-07,1e-07,1e-07,1e-07,1e-07,1e-07,1e-07,1e-07,1e-07,1e-07,1e-07,1e-07,1e-07,1e-07,1e-07,1e-07,1e-07,1e-07,1e-07,1e-07,1e-07,1e-07,0.9999999,1e-07,1e-07,1e-07,1e-07,1e-07,1e-07,0.9999999,1e-07,1e-07,1e-07,1e-07,1e-07,1e-07,1e-07,1e-07
2022-08-19 05:16:23,1e-07,1e-07,1e-07,1e-07,1e-07,1e-07,1e-07,1e-07,1e-07,1e-07,1e-07,1e-07,1e-07,1e-07,1e-07,1e-07,1e-07,1e-07,1e-07,1e-07,1e-07,1e-07,1e-07,0.9999999,1e-07,1e-07,1e-07,1e-07,1e-07,1e-07,0.9999999,1e-07,1e-07,1e-07,1e-07,1e-07,1e-07,1e-07,1e-07
2022-08-19 05:16:24,1e-07,1e-07,1e-07,1e-07,1e-07,1e-07,1e-07,1e-07,1e-07,1e-07,1e-07,1e-07,1e-07,1e-07,1e-07,1e-07,1e-07,1e-07,1e-07,1e-07,1e-07,1e-07,1e-07,0.9999999,1e-07,1e-07,1e-07,1e-07,1e-07,1e-07,0.9999999,1e-07,1e-07,1e-07,1e-07,1e-07,1e-07,1e-07,1e-07
2022-08-19 05:16:25,1e-07,1e-07,1e-07,1e-07,1e-07,1e-07,1e-07,1e-07,1e-07,1e-07,1e-07,1e-07,1e-07,1e-07,1e-07,1e-07,1e-07,1e-07,1e-07,1e-07,1e-07,1e-07,1e-07,0.9999999,1e-07,1e-07,1e-07,1e-07,1e-07,1e-07,0.9999999,1e-07,1e-07,1e-07,1e-07,1e-07,1e-07,1e-07,1e-07
2022-08-19 05:16:26,1e-07,1e-07,1e-07,1e-07,1e-07,1e-07,1e-07,1e-07,1e-07,1e-07,1e-07,1e-07,1e-07,1e-07,1e-07,1e-07,1e-07,1e-07,1e-07,1e-07,1e-07,1e-07,1e-07,0.9999999,1e-07,1e-07,1e-07,1e-07,1e-07,1e-07,0.9999999,1e-07,1e-07,1e-07,1e-07,1e-07,1e-07,1e-07,1e-07
2022-08-19 05:16:27,1e-07,1e-07,1e-07,1e-07,1e-07,1e-07,1e-07,1e-07,1e-07,1e-07,1e-07,1e-07,1e-07,1e-07,1e-07,1e-07,1e-07,1e-07,1e-07,1e-07,1e-07,1e-07,1e-07,0.9999999,1e-07,1e-07,1e-07,1e-07,1e-07,1e-07,0.9999999,1e-07,1e-07,1e-07,1e-07,1e-07,1e-07,1e-07,1e-07
2022-08-19 05:16:28,1e-07,1e-07,1e-07,1e-07,1e-07,1e-07,1e-07,1e-07,1e-07,1e-07,1e-07,1e-07,1e-07,1e-07,1e-07,1e-07,1e-07,1e-07,1e-07,1e-07,1e-07,1e-07,1e-07,0.9999999,1e-07,1e-07,1e-07,1e-07,1e-07,1e-07,0.9999999,1e-07,1e-07,1e-07,1e-07,1e-07,1e-07,1e-07,1e-07
2022-08-19 05:16:29,1e-07,1e-07,1e-07,1e-07,1e-07,1e-07,1e-07,1e-07,1e-07,1e-07,1e-07,1e-07,1e-07,1e-07,1e-07,1e-07,1e-07,1e-07,1e-07,1e-07,1e-07,1e-07,1e-07,0.9999999,1e-07,1e-07,1e-07,1e-07,1e-07,1e-07,0.9999999,1e-07,1e-07,1e-07,1e-07,1e-07,1e-07,1e-07,1e-07
2022-08-19 05:16:30,1e-07,1e-07,1e-07,1e-07,1e-07,1e-07,1e-07,1e-07,1e-07,1e-07,1e-07,1e-07,1e-07,1e-07,1e-07,1e-07,1e-07,1e-07,1e-07,1e-07,1e-07,1e-07,1e-07,0.9999999,1e-07,1e-07,1e-07,1e-07,1e-07,1e-07,0.9999999,1e-07,1e-07,1e-07,1e-07,1e-07,1e-07,1e-07,1e-07
2022-08-19 05:16:31,1e-07,1e-07,1e-07,1e-07,1e-07,1e-07,1e-07,1e-07,1e-07,1e-07,1e-07,1e-07,1e-07,1e-07,1e-07,1e-07,1e-07,1e-07,1e-07,1e-07,1e-07,1e-07,1e-07,0.9999999,1e-07,1e-07,1e-07,1e-07,1e-07,1e-07,0.9999999,1e-07,1e-07,1e-07,1e-07,1e-07,1e-07,1e-07,1e-07
2022-08-19 05:16:32,1e-07,1e-07,1e-07,1e-07,1e-07,1e-07,1e-07,1e-07,1e-07,1e-07,1e-07,1e-07,1e-07,1e-07,1e-07,1e-07,1e-07,1e-07,1e-07,1e-07,1e-07,1e-07,1e-07,0.9999999,1e-07,1e-07,1e-07,1e-07,1e-07,1e-07,0.9999999,1e-07,1e-07,1e-07,1e-07,1e-07,1e-07,1e-07,1e-07
2022-08-19 05:16:33,1e-07,1e-07,1e-07,1e-07,1e-07,1e-07,1e-07,1e-07,1e-07,1e-07,1e-07,1e-07,1e-07,1e-07,1e-07,1e-07,1e-07,1e-07,1e-07,1e-07,1e-07,1e-07,1e-07,0.9999999,1e-07,1e-07,1e-07,1e-07,1e-07,1e-07,0.9999999,1e-07,1e-07,1e-07,1e-07,1e-07,1e-07,1e-07,1e-07
2022-08-19 05:16:34,1e-07,1e-07,1e-07,1e-07,1e-07,1e-07,1e-07,1e-07,1e-07,1e-07,1e-07,1e-07,1e-07,1e-07,1e-07,1e-07,1e-07,1e-07,1e-07,1e-07,1e-07,1e-07,1e-07,0.9999999,1e-07,1e-07,1e-07,1e-07,1e-07,1e-07,0.9999999,1e-07,1e-07,1e-07,1e-07,1e-07,1e-07,1e-07,1e-07
2022-08-19 05:16:35,1e-07,1e-07,1e-07,1e-07,1e-07,1e-07,1e-07,1e-07,1e-07,1e-07,1e-07,1e-07,1e-07,1e-07,1e-07,1e-07,1e-07,1e-07,1e-07,1e-07,1e-07,1e-07,1e-07,0.9999999,1e-07,1e-07,1e-07,1e-07,1e-07,1e-07,0.9999999,1e-07,1e-07,1e-07,1e-07,1e-07,1e-07,1e-07,1e-07
2022-08-19 05:16:36,1e-07,1e-07,1e-07,1e-07,1e-07,1e-07,1e-07,1e-07,1e-07,1e-07,1e-07,1e-07,1e-07,1e-07,1e-07,1e-07,1e-07,1e-07,1e-07,1e-07,1e-07,1e-07,1e-07,0.9999999,1e-07,1e-07,1e-07,1e-07,1e-07,1e-07,0.9999999,1e-07,1e-07,1e-07,1e-07,1e-07,1e-07,1e-07,1e-07
2022-08-19 05:16:37,1e-07,1e-07,1e-07,1e-07,1e-07,1e-07,1e-07,1e-07,1e-07,1e-07,1e-07,1e-07,1e-07,1e-07,1e-07,1e-07,1e-07,1e-07,1e-07,1e-07,1e-07,1e-07,1e-07,0.9999999,1e-07,1e-07,1e-07,1e-07,1e-07,1e-07,0.9999999,1e-07,1e-07,1e-07,1e-07,1e-07,1e-07,1e-07,1e-07
2022-08-19 05:16:38,1e-07,1e-07,1e-07,1e-07,1e-07,1e-07,1e-07,1e-07,1e-07,1e-07,1e-07,1e-07,1e-07,1e-07,1e-07,1e-07,1e-07,1e-07,1e-07,1e-07,1e-07,1e-07,1e-07,0.9999999,1e-07,1e-07,1e-07,1e-07,1e-07,1e-07,0.9999999,1e-07,1e-07,1e-07,1e-07,1e-07,1e-07,1e-07,1e-07
2022-08-19 05:16:39,1e-07,1e-07,1e-07,1e-07,1e-07,1e-07,1e-07,1e-07,1e-07,1e-07,1e-07,1e-07,1e-07,1e-07,1e-07,1e-07,1e-07,1e-07,1e-07,1e-07,1e-07,1e-07,1e-07,0.9999999,1e-07,1e-07,1e-07,1e-07,1e-07,1e-07,0.9999999,1e-07,1e-07,1e-07,1e-07,1e-07,1e-07,1e-07,1e-07
2022-08-19 05:16:40,1e-07,1e-07,1e-07,1e-07,1e-07,1e-07,1e-07,1e-07,1e-07,1e-07,1e-07,1e-07,1e-07,1e-07,1e-07,1e-07,1e-07,1e-07,1e-07,1e-07,1e-07,1e-07,1e-07,0.9999999,1e-07,1e-07,1e-07,1e-07,1e-07,1e-07,0.9999999,1e-07,1e-07,1e-07,1e-07,1e-07,1e-07,1e-07,1e-07
2022-08-19 05:16:41,1e-07,1e-07,1e-07,1e-07,1e-07,1e-07,1e-07,1e-07,1e-07,1e-07,1e-07,1e-07,1e-07,1e-07,1e-07,1e-07,1e-07,1e-07,1e-07,1e-07,1e-07,1e-07,1e-07,0.9999999,1e-07,1e-07,1e-07,1e-07,1e-07,1e-07,0.9999999,1e-07,1e-07,1e-07,1e-07,1e-07,1e-07,1e-07,1e-07
2022-08-19 05:16:42,1e-07,1e-07,1e-07,1e-07,1e-07,1e-07,1e-07,1e-07,1e-07,1e-07,1e-07,1e-07,1e-07,1e-07,1e-07,1e-07,1e-07,1e-07,1e-07,1e-07,1e-07,1e-07,1e-07,0.9999999,1e-07,1e-07,1e-07,1e-07,1e-07,1e-07,0.9999999,1e-07,1e-07,1e-07,1e-07,1e-07,1e-07,1e-07,1e-07
2022-08-19 05:16:43,1e-07,1e-07,1e-07,1e-07,1e-07,1e-07,1e-07,1e-07,1e-07,1e-07,1e-07,1e-07,1e-07,1e-07,1e-07,1e-07,1e-07,1e-07,1e-07,1e-07,1e-07,1e-07,1e-07,0.9999999,1e-07,1e-07,1e-07,1e-07,1e-07,1e-07,0.9999999,1e-07,1e-07,1e-07,1e-07,1e-07,1e-07,1e-07,1e-07
2022-08-19 05:16:44,1e-07,1e-07,1e-07,1e-07,1e-07,1e-07,1e-07,1e-07,1e-07,1e-07,1e-07,1e-07,1e-07,1e-07,1e-07,1e-07,1e-07,1e-07,1e-07,1e-07,1e-07,1e-07,1e-07,0.9999999,1e-07,1e-07,1e-07,1e-07,1e-07,1e-07,0.9999999,1e-07,1e-07,1e-07,1e-07,1e-07,1e-07,1e-07,1e-07
2022-08-19 05:16:45,1e-07,1e-07,1e-07,1e-07,1e-07,1e-07,1e-07,1e-07,1e-07,1e-07,1e-07,1e-07,1e-07,1e-07,1e-07,1e-07,1e-07,1e-07,1e-07,1e-07,1e-07,1e-07,1e-07,0.9999999,1e-07,1e-07,1e-07,1e-07,1e-07,1e-07,0.9999999,1e-07,1e-07,1e-07,1e-07,1e-07,1e-07,1e-07,1e-07
2022-08-19 05:16:46,1e-07,1e-07,1e-07,1e-07,1e-07,1e-07,1e-07,1e-07,1e-07,1e-07,1e-07,1e-07,1e-07,1e-07,1e-07,1e-07,1e-07,1e-07,1e-07,1e-07,1e-07,1e-07,1e-07,0.9999999,1e-07,1e-07,1e-07,1e-07,1e-07,1e-07,0.9999999,1e-07,1e-07,1e-07,1e-07,1e-07,1e-07,1e-07,1e-07
2022-08-19 05:16:47,1e-07,1e-07,1e-07,1e-07,1e-07,1e-07,1e-07,1e-07,1e-07,1e-07,1e-07,1e-07,1e-07,1e-07,1e-07,1e-07,1e-07,1e-07,1e-07,1e-07,1e-07,1e-07,1e-07,0.9999999,1e-07,1e-07,1e-07,1e-07,1e-07,1e-07,0.9999999,1e-07,1e-07,1e-07,1e-07,1e-07,1e-07,1e-07,1e-07
2022-08-19 05:16:48,1e-07,1e-07,1e-07,1e-07,1e-07,1e-07,1e-07,1e-07,1e-07,1e-07,1e-07,1e-07,1e-07,1e-07,1e-07,1e-07,1e-07,1e-07,1e-07,1e-07,1e-07,1e-07,1e-07,0.9999999,1e-07,1e-07,1e-07,1e-07,1e-07,1e-07,0.9999999,1e-07,1e-07,1e-07,1e-07,1e-07,1e-07,1e-07,1e-07
2022-08-19 05:16:49,1e-07,1e-07,1e-07,1e-07,1e-07,1e-07,1e-07,1e-07,1e-07,1e-07,1e-07,1e-07,1e-07,1e-07,1e-07,1e-07,1e-07,1e-07,1e-07,1e-07,1e-07,1e-07,1e-07,0.9999999,1e-07,1e-07,1e-07,1e-07,1e-07,1e-07,0.9999999,1e-07,1e-07,1e-07,1e-07,1e-07,1e-07,1e-07,1e-07
2022-08-19 05:16:50,1e-07,1e-07,1e-07,1e-07,1e-07,1e-07,1e-07,1e-07,1e-07,1e-07,1e-07,1e-07,1e-07,1e-07,1e-07,1e-07,1e-07,1e-07,1e-07,1e-07,1e-07,1e-07,1e-07,0.9999999,1e-07,1e-07,1e-07,1e-07,1e-07,1e-07,0.9999999,1e-07,1e-07,1e-07,1e-07,1e-07,1e-07,1e-07,1e-07
2022-08-19 05:16:51,1e-07,1e-07,1e-07,1e-07,1e-07,1e-07,1e-07,1e-07,1e-07,1e-07,1e-07,1e-07,1e-07,1e-07,1e-07,1e-07,1e-07,1e-07,1e-07,1e-07,1e-07,1e-07,1e-07,0.9999999,1e-07,1e-07,1e-07,1e-07,1e-07,1e-07,0.9999999,1e-07,1e-07,1e-07,1e-07,1e-07,1e-07,1e-07,1e-07
2022-08-19 05:16:52,1e-07,1e-07,1e-07,1e-07,1e-07,1e-07,1e-07,1e-07,1e-07,1e-07,1e-07,1e-07,1e-07,1e-07,1e-07,1e-07,1e-07,1e-07,1e-07,1e-07,1e-07,1e-07,1e-07,0.9999999,1e-07,1e-07,1e-07,1e-07,1e-07,1e-07,0.9999999,1e-07,1e-07,1e-07,1e-07,1e-07,1e-07,1e-07,1e-07
2022-08-19 05:16:53,1e-07,1e-07,1e-07,1e-07,1e-07,1e-07,1e-07,1e-07,1e-07,1e-07,1e-07,1e-07,1e-07,1e-07,1e-07,1e-07,1e-07,1e-07,1e-07,1e-07,1e-07,1e-07,1e-07,0.9999999,1e-07,1e-07,1e-07,1e-07,1e-07,1e-07,0.9999999,1e-07,1e-07,1e-07,1e-07,1e-07,1e-07,1e-07,1e-07
2022-08-19 05:16:54,1e-07,1e-07,1e-07,1e-07,1e-07,1e-07,1e-07,1e-07,1e-07,1e-07,1e-07,1e-07,1e-07,1e-07,1e-07,1e-07,1e-07,1e-07,1e-07,1e-07,1e-07,1e-07,1e-07,0.9999999,1e-07,1e-07,1e-07,1e-07,1e-07,1e-07,0.9999999,1e-07,1e-07,1e-07,1e-07,1e-07,1e-07,1e-07,1e-07
2022-08-19 05:16:55,1e-07,1e-07,1e-07,1e-07,1e-07,1e-07,1e-07,1e-07,1e-07,1e-07,1e-07,1e-07,1e-07,1e-07,1e-07,1e-07,1e-07,1e-07,1e-07,1e-07,1e-07,1e-07,1e-07,0.9999999,1e-07,1e-07,1e-07,1e-07,1e-07,1e-07,0.9999999,1e-07,1e-07,1e-07,1e-07,1e-07,1e-07,1e-07,1e-07
2022-08-19 05:16:56,1e-07,1e-07,1e-07,1e-07,1e-07,1e-07,1e-07,1e-07,1e-07,1e-07,1e-07,1e-07,1e-07,1e-07,1e-07,1e-07,1e-07,1e-07,1e-07,1e-07,1e-07,1e-07,1e-07,0.9999999,1e-07,1e-07,1e-07,1e-07,1e-07,1e-07,0.9999999,1e-07,1e-07,1e-07,1e-07,1e-07,1e-07,1e-07,1e-07
2022-08-19 05:16:57,1e-07,1e-07,1e-07,1e-07,1e-07,1e-07,1e-07,1e-07,1e-07,1e-07,1e-07,1e-07,1e-07,1e-07,1e-07,1e-07,1e-07,1e-07,1e-07,1e-07,1e-07,1e-07,1e-07,0.9999999,1e-07,1e-07,1e-07,1e-07,1e-07,1e-07,0.9999999,1e-07,1e-07,1e-07,1e-07,1e-07,1e-07,1e-07,1e-07
2022-08-19 05:16:58,1e-07,1e-07,1e-07,1e-07,1e-07,1e-07,1e-07,1e-07,1e-07,1e-07,1e-07,1e-07,1e-07,1e-07,1e-07,1e-07,1e-07,1e-07,1e-07,1e-07,1e-07,1e-07,1e-07,0.9999999,1e-07,1e-07,1e-07,1e-07,1e-07,1e-07,0.9999999,1e-07,1e-07,1e-07,1e-07,1e-07,1e-07,1e-07,1e-07
2022-08-19 05:16:59,1e-07,1e-07,1e-07,1e-07,1e-07,1e-07,1e-07,1e-07,1e-07,1e-07,1e-07,1e-07,1e-07,1e-07,1e-07,1e-07,1e-07,1e-07,1e-07,1e-07,1e-07,1e-07,1e-07,0.9999999,1e-07,1e-07,1e-07,1e-07,1e-07,1e-07,0.9999999,1e-07,1e-07,1e-07,1e-07,1e-07,1e-07,1e-07,1e-07
2022-08-19 07:20:00,1e-07,1e-07,1e-07,1e-07,1e-07,1e-07,1e-07,1e-07,1e-07,1e-07,1e-07,1e-07,1e-07,1e-07,1e-07,1e-07,1e-07,1e-07,1e-07,1e-07,1e-07,1e-07,1e-07,1e-07,1e-07,1e-07,1e-07,1e-07,1e-07,0.9999999,1e-07,1e-07,0.9999999,1e-07,1e-07,1e-07,1e-07,1e-07,1e-07
2022-08-19 07:20:01,1e-07,1e-07,1e-07,1e-07,1e-07,1e-07,1e-07,1e-07,1e-07,1e-07,1e-07,1e-07,1e-07,1e-07,1e-07,1e-07,1e-07,1e-07,1e-07,1e-07,1e-07,1e-07,1e-07,1e-07,1e-07,1e-07,1e-07,1e-07,1e-07,0.9999999,1e-07,1e-07,0.9999999,1e-07,1e-07,1e-07,1e-07,1e-07,1e-07
2022-08-19 07:20:02,1e-07,1e-07,1e-07,1e-07,1e-07,1e-07,1e-07,1e-07,1e-07,1e-07,1e-07,1e-07,1e-07,1e-07,1e-07,1e-07,1e-07,1e-07,1e-07,1e-07,1e-07,1e-07,1e-07,1e-07,1e-07,1e-07,1e-07,1e-07,1e-07,0.9999999,1e-07,1e-07,0.9999999,1e-07,1e-07,1e-07,1e-07,1e-07,1e-07
2022-08-19 07:20:03,1e-07,1e-07,1e-07,1e-07,1e-07,1e-07,1e-07,1e-07,1e-07,1e-07,1e-07,1e-07,1e-07,1e-07,1e-07,1e-07,1e-07,1e-07,1e-07,1e-07,1e-07,1e-07,1e-07,1e-07,1e-07,1e-07,1e-07,1e-07,1e-07,0.9999999,1e-07,1e-07,0.9999999,1e-07,1e-07,1e-07,1e-07,1e-07,1e-07
2022-08-19 07:20:04,1e-07,1e-07,1e-07,1e-07,1e-07,1e-07,1e-07,1e-07,1e-07,1e-07,1e-07,1e-07,1e-07,1e-07,1e-07,1e-07,1e-07,1e-07,1e-07,1e-07,1e-07,1e-07,1e-07,1e-07,1e-07,1e-07,1e-07,1e-07,1e-07,0.9999999,1e-07,1e-07,0.9999999,1e-07,1e-07,1e-07,1e-07,1e-07,1e-07
2022-08-19 07:20:05,1e-07,1e-07,1e-07,1e-07,1e-07,1e-07,1e-07,1e-07,1e-07,1e-07,1e-07,1e-07,1e-07,1e-07,1e-07,1e-07,1e-07,1e-07,1e-07,1e-07,1e-07,1e-07,1e-07,1e-07,1e-07,1e-07,1e-07,1e-07,1e-07,0.9999999,1e-07,1e-07,0.9999999,1e-07,1e-07,1e-07,1e-07,1e-07,1e-07
2022-08-19 07:20:06,1e-07,1e-07,1e-07,1e-07,1e-07,1e-07,1e-07,1e-07,1e-07,1e-07,1e-07,1e-07,1e-07,1e-07,1e-07,1e-07,1e-07,1e-07,1e-07,1e-07,1e-07,1e-07,1e-07,1e-07,1e-07,1e-07,1e-07,1e-07,1e-07,0.9999999,1e-07,1e-07,0.9999999,1e-07,1e-07,1e-07,1e-07,1e-07,1e-07
2022-08-19 07:20:07,1e-07,1e-07,1e-07,1e-07,1e-07,1e-07,1e-07,1e-07,1e-07,1e-07,1e-07,1e-07,1e-07,1e-07,1e-07,1e-07,1e-07,1e-07,1e-07,1e-07,1e-07,1e-07,1e-07,1e-07,1e-07,1e-07,1e-07,1e-07,1e-07,0.9999999,1e-07,1e-07,0.9999999,1e-07,1e-07,1e-07,1e-07,1e-07,1e-07
2022-08-19 07:20:08,1e-07,1e-07,1e-07,1e-07,1e-07,1e-07,1e-07,1e-07,1e-07,1e-07,1e-07,1e-07,1e-07,1e-07,1e-07,1e-07,1e-07,1e-07,1e-07,1e-07,1e-07,1e-07,1e-07,1e-07,1e-07,1e-07,1e-07,1e-07,1e-07,0.9999999,1e-07,1e-07,0.9999999,1e-07,1e-07,1e-07,1e-07,1e-07,1e-07
2022-08-19 07:20:09,1e-07,1e-07,1e-07,1e-07,1e-07,1e-07,1e-07,1e-07,1e-07,1e-07,1e-07,1e-07,1e-07,1e-07,1e-07,1e-07,1e-07,1e-07,1e-07,1e-07,1e-07,1e-07,1e-07,1e-07,1e-07,1e-07,1e-07,1e-07,1e-07,0.9999999,1e-07,1e-07,0.9999999,1e-07,1e-07,1e-07,1e-07,1e-07,1e-07
2022-08-19 07:20:10,1e-07,1e-07,1e-07,1e-07,1e-07,1e-07,1e-07,1e-07,1e-07,1e-07,1e-07,1e-07,1e-07,1e-07,1e-07,1e-07,1e-07,1e-07,1e-07,1e-07,1e-07,1e-07,1e-07,1e-07,1e-07,1e-07,1e-07,1e-07,1e-07,0.9999999,1e-07,1e-07,0.9999999,1e-07,1e-07,1e-07,1e-07,1e-07,1e-07
2022-08-19 07:20:11,1e-07,1e-07,1e-07,1e-07,1e-07,1e-07,1e-07,1e-07,1e-07,1e-07,1e-07,1e-07,1e-07,1e-07,1e-07,1e-07,1e-07,1e-07,1e-07,1e-07,1e-07,1e-07,1e-07,1e-07,1e-07,1e-07,1e-07,1e-07,1e-07,0.9999999,1e-07,1e-07,0.9999999,1e-07,1e-07,1e-07,1e-07,1e-07,1e-07
2022-08-19 07:20:12,1e-07,1e-07,1e-07,1e-07,1e-07,1e-07,1e-07,1e-07,1e-07,1e-07,1e-07,1e-07,1e-07,1e-07,1e-07,1e-07,1e-07,1e-07,1e-07,1e-07,1e-07,1e-07,1e-07,1e-07,1e-07,1e-07,1e-07,1e-07,1e-07,0.9999999,1e-07,1e-07,0.9999999,1e-07,1e-07,1e-07,1e-07,1e-07,1e-07
2022-08-19 07:20:13,1e-07,1e-07,1e-07,1e-07,1e-07,1e-07,1e-07,1e-07,1e-07,1e-07,1e-07,1e-07,1e-07,1e-07,1e-07,1e-07,1e-07,1e-07,1e-07,1e-07,1e-07,1e-07,1e-07,1e-07,1e-07,1e-07,1e-07,1e-07,1e-07,0.9999999,1e-07,1e-07,0.9999999,1e-07,1e-07,1e-07,1e-07,1e-07,1e-07
2022-08-19 07:20:14,1e-07,1e-07,1e-07,1e-07,1e-07,1e-07,1e-07,1e-07,1e-07,1e-07,1e-07,1e-07,1e-07,1e-07,1e-07,1e-07,1e-07,1e-07,1e-07,1e-07,1e-07,1e-07,1e-07,1e-07,1e-07,1e-07,1e-07,1e-07,1e-07,0.9999999,1e-07,1e-07,0.9999999,1e-07,1e-07,1e-07,1e-07,1e-07,1e-07
2022-08-19 07:20:15,1e-07,1e-07,1e-07,1e-07,1e-07,1e-07,1e-07,1e-07,1e-07,1e-07,1e-07,1e-07,1e-07,1e-07,1e-07,1e-07,1e-07,1e-07,1e-07,1e-07,1e-07,1e-07,1e-07,1e-07,1e-07,1e-07,1e-07,1e-07,1e-07,0.9999999,1e-07,1e-07,0.9999999,1e-07,1e-07,1e-07,1e-07,1e-07,1e-07
2022-08-19 07:20:16,1e-07,1e-07,1e-07,1e-07,1e-07,1e-07,1e-07,1e-07,1e-07,1e-07,1e-07,1e-07,1e-07,1e-07,1e-07,1e-07,1e-07,1e-07,1e-07,1e-07,1e-07,1e-07,1e-07,1e-07,1e-07,1e-07,1e-07,1e-07,1e-07,0.9999999,1e-07,1e-07,0.9999999,1e-07,1e-07,1e-07,1e-07,1e-07,1e-07
2022-08-19 07:20:17,1e-07,1e-07,1e-07,1e-07,1e-07,1e-07,1e-07,1e-07,1e-07,1e-07,1e-07,1e-07,1e-07,1e-07,1e-07,1e-07,1e-07,1e-07,1e-07,1e-07,1e-07,1e-07,1e-07,1e-07,1e-07,1e-07,1e-07,1e-07,1e-07,0.9999999,1e-07,1e-07,0.9999999,1e-07,1e-07,1e-07,1e-07,1e-07,1e-07
2022-08-19 07:20:18,1e-07,1e-07,1e-07,1e-07,1e-07,1e-07,1e-07,1e-07,1e-07,1e-07,1e-07,1e-07,1e-07,1e-07,1e-07,1e-07,1e-07,1e-07,1e-07,1e-07,1e-07,1e-07,1e-07,1e-07,1e-07,1e-07,1e-07,1e-07,1e-07,0.9999999,1e-07,1e-07,0.9999999,1e-07,1e-07,1e-07,1e-07,1e-07,1e-07
2022-08-19 07:20:19,1e-07,1e-07,1e-07,1e-07,1e-07,1e-07,1e-07,1e-07,1e-07,1e-07,1e-07,1e-07,1e-07,1e-07,1e-07,1e-07,1e-07,1e-07,1e-07,1e-07,1e-07,1e-07,1e-07,1e-07,1e-07,1e-07,1e-07,1e-07,1e-07,0.9999999,1e-07,1e-07,0.9999999,1e-07,1e-07,1e-07,1e-07,1e-07,1e-07
2022-08-19 07:20:20,1e-07,1e-07,1e-07,1e-07,1e-07,1e-07,1e-07,1e-07,1e-07,1e-07,1e-07,1e-07,1e-07,1e-07,1e-07,1e-07,1e-07,1e-07,1e-07,1e-07,1e-07,1e-07,1e-07,1e-07,1e-07,1e-07,1e-07,1e-07,1e-07,0.9999999,1e-07,1e-07,0.9999999,1e-07,1e-07,1e-07,1e-07,1e-07,1e-07
2022-08-19 07:20:21,1e-07,1e-07,1e-07,1e-07,1e-07,1e-07,1e-07,1e-07,1e-07,1e-07,1e-07,1e-07,1e-07,1e-07,1e-07,1e-07,1e-07,1e-07,1e-07,1e-07,1e-07,1e-07,1e-07,1e-07,1e-07,1e-07,1e-07,1e-07,1e-07,0.9999999,1e-07,1e-07,0.9999999,1e-07,1e-07,1e-07,1e-07,1e-07,1e-07
2022-08-19 07:20:22,1e-07,1e-07,1e-07,1e-07,1e-07,1e-07,1e-07,1e-07,1e-07,1e-07,1e-07,1e-07,1e-07,1e-07,1e-07,1e-07,1e-07,1e-07,1e-07,1e-07,1e-07,1e-07,1e-07,1e-07,1e-07,1e-07,1e-07,1e-07,1e-07,0.9999999,1e-07,1e-07,0.9999999,1e-07,1e-07,1e-07,1e-07,1e-07,1e-07
2022-08-19 07:20:23,1e-07,1e-07,1e-07,1e-07,1e-07,1e-07,1e-07,1e-07,1e-07,1e-07,1e-07,1e-07,1e-07,1e-07,1e-07,1e-07,1e-07,1e-07,1e-07,1e-07,1e-07,1e-07,1e-07,1e-07,1e-07,1e-07,1e-07,1e-07,1e-07,0.9999999,1e-07,1e-07,0.9999999,1e-07,1e-07,1e-07,1e-07,1e-07,1e-07
2022-08-19 07:20:24,1e-07,1e-07,1e-07,1e-07,1e-07,1e-07,1e-07,1e-07,1e-07,1e-07,1e-07,1e-07,1e-07,1e-07,1e-07,1e-07,1e-07,1e-07,1e-07,1e-07,1e-07,1e-07,1e-07,1e-07,1e-07,1e-07,1e-07,1e-07,1e-07,0.9999999,1e-07,1e-07,0.9999999,1e-07,1e-07,1e-07,1e-07,1e-07,1e-07
2022-08-19 07:20:25,1e-07,1e-07,1e-07,1e-07,1e-07,1e-07,1e-07,1e-07,1e-07,1e-07,1e-07,1e-07,1e-07,1e-07,1e-07,1e-07,1e-07,1e-07,1e-07,1e-07,1e-07,1e-07,1e-07,1e-07,1e-07,1e-07,1e-07,1e-07,1e-07,0.9999999,1e-07,1e-07,0.9999999,1e-07,1e-07,1e-07,1e-07,1e-07,1e-07
2022-08-19 07:20:26,1e-07,1e-07,1e-07,1e-07,1e-07,1e-07,1e-07,1e-07,1e-07,1e-07,1e-07,1e-07,1e-07,1e-07,1e-07,1e-07,1e-07,1e-07,1e-07,1e-07,1e-07,1e-07,1e-07,1e-07,1e-07,1e-07,1e-07,1e-07,1e-07,0.9999999,1e-07,1e-07,0.9999999,1e-07,1e-07,1e-07,1e-07,1e-07,1e-07
2022-08-19 07:20:27,1e-07,1e-07,1e-07,1e-07,1e-07,1e-07,1e-07,1e-07,1e-07,1e-07,1e-07,1e-07,1e-07,1e-07,1e-07,1e-07,1e-07,1e-07,1e-07,1e-07,1e-07,1e-07,1e-07,1e-07,1e-07,1e-07,1e-07,1e-07,1e-07,0.9999999,1e-07,1e-07,0.9999999,1e-07,1e-07,1e-07,1e-07,1e-07,1e-07
2022-08-19 07:20:28,1e-07,1e-07,1e-07,1e-07,1e-07,1e-07,1e-07,1e-07,1e-07,1e-07,1e-07,1e-07,1e-07,1e-07,1e-07,1e-07,1e-07,1e-07,1e-07,1e-07,1e-07,1e-07,1e-07,1e-07,1e-07,1e-07,1e-07,1e-07,1e-07,0.9999999,1e-07,1e-07,0.9999999,1e-07,1e-07,1e-07,1e-07,1e-07,1e-07
2022-08-19 07:20:29,1e-07,1e-07,1e-07,1e-07,1e-07,1e-07,1e-07,1e-07,1e-07,1e-07,1e-07,1e-07,1e-07,1e-07,1e-07,1e-07,1e-07,1e-07,1e-07,1e-07,1e-07,1e-07,1e-07,1e-07,1e-07,1e-07,1e-07,1e-07,1e-07,0.9999999,1e-07,1e-07,0.9999999,1e-07,1e-07,1e-07,1e-07,1e-07,1e-07
2022-08-19 07:20:30,1e-07,1e-07,1e-07,1e-07,1e-07,1e-07,1e-07,1e-07,1e-07,1e-07,1e-07,1e-07,1e-07,1e-07,1e-07,1e-07,1e-07,1e-07,1e-07,1e-07,1e-07,1e-07,1e-07,1e-07,1e-07,1e-07,1e-07,1e-07,1e-07,0.9999999,1e-07,1e-07,0.9999999,1e-07,1e-07,1e-07,1e-07,1e-07,1e-07
2022-08-19 07:20:31,1e-07,1e-07,1e-07,1e-07,1e-07,1e-07,1e-07,1e-07,1e-07,1e-07,1e-07,1e-07,1e-07,1e-07,1e-07,1e-07,1e-07,1e-07,1e-07,1e-07,1e-07,1e-07,1e-07,1e-07,1e-07,1e-07,1e-07,1e-07,1e-07,0.9999999,1e-07,1e-07,0.9999999,1e-07,1e-07,1e-07,1e-07,1e-07,1e-07
2022-08-19 07:20:32,1e-07,1e-07,1e-07,1e-07,1e-07,1e-07,1e-07,1e-07,1e-07,1e-07,1e-07,1e-07,1e-07,1e-07,1e-07,1e-07,1e-07,1e-07,1e-07,1e-07,1e-07,1e-07,1e-07,1e-07,1e-07,1e-07,1e-07,1e-07,1e-07,0.9999999,1e-07,1e-07,0.9999999,1e-07,1e-07,1e-07,1e-07,1e-07,1e-07
2022-08-19 07:20:33,1e-07,1e-07,1e-07,1e-07,1e-07,1e-07,1e-07,1e-07,1e-07,1e-07,1e-07,1e-07,1e-07,1e-07,1e-07,1e-07,1e-07,1e-07,1e-07,1e-07,1e-07,1e-07,1e-07,1e-07,1e-07,1e-07,1e-07,1e-07,1e-07,0.9999999,1e-07,1e-07,0.9999999,1e-07,1e-07,1e-07,1e-07,1e-07,1e-07
2022-08-19 07:20:34,1e-07,1e-07,1e-07,1e-07,1e-07,1e-07,1e-07,1e-07,1e-07,1e-07,1e-07,1e-07,1e-07,1e-07,1e-07,1e-07,1e-07,1e-07,1e-07,1e-07,1e-07,1e-07,1e-07,1e-07,1e-07,1e-07,1e-07,1e-07,1e-07,0.9999999,1e-07,1e-07,0.9999999,1e-07,1e-07,1e-07,1e-07,1e-07,1e-07
2022-08-19 07:20:35,1e-07,1e-07,1e-07,1e-07,1e-07,1e-07,1e-07,1e-07,1e-07,1e-07,1e-07,1e-07,1e-07,1e-07,1e-07,1e-07,1e-07,1e-07,1e-07,1e-07,1e-07,1e-07,1e-07,1e-07,1e-07,1e-07,1e-07,1e-07,1e-07,0.9999999,1e-07,1e-07,0.9999999,1e-07,1e-07,1e-07,1e-07,1e-07,1e-07
2022-08-19 07:20:36,1e-07,1e-07,1e-07,1e-07,1e-07,1e-07,1e-07,1e-07,1e-07,1e-07,1e-07,1e-07,1e-07,1e-07,1e-07,1e-07,1e-07,1e-07,1e-07,1e-07,1e-07,1e-07,1e-07,1e-07,1e-07,1e-07,1e-07,1e-07,1e-07,0.9999999,1e-07,1e-07,0.9999999,1e-07,1e-07,1e-07,1e-07,1e-07,1e-07
2022-08-19 07:20:37,1e-07,1e-07,1e-07,1e-07,1e-07,1e-07,1e-07,1e-07,1e-07,1e-07,1e-07,1e-07,1e-07,1e-07,1e-07,1e-07,1e-07,1e-07,1e-07,1e-07,1e-07,1e-07,1e-07,1e-07,1e-07,1e-07,1e-07,1e-07,1e-07,0.9999999,1e-07,1e-07,0.9999999,1e-07,1e-07,1e-07,1e-07,1e-07,1e-07
2022-08-19 07:20:38,1e-07,1e-07,1e-07,1e-07,1e-07,1e-07,1e-07,1e-07,1e-07,1e-07,1e-07,1e-07,1e-07,1e-07,1e-07,1e-07,1e-07,1e-07,1e-07,1e-07,1e-07,1e-07,1e-07,1e-07,1e-07,1e-07,1e-07,1e-07,1e-07,0.9999999,1e-07,1e-07,0.9999999,1e-07,1e-07,1e-07,1e-07,1e-07,1e-07
2022-08-19 07:20:39,1e-07,1e-07,1e-07,1e-07,1e-07,1e-07,1e-07,1e-07,1e-07,1e-07,1e-07,1e-07,1e-07,1e-07,1e-07,1e-07,1e-07,1e-07,1e-07,1e-07,1e-07,1e-07,1e-07,1e-07,1e-07,1e-07,1e-07,1e-07,1e-07,0.9999999,1e-07,1e-07,0.9999999,1e-07,1e-07,1e-07,1e-07,1e-07,1e-07
2022-08-19 07:20:40,1e-07,1e-07,1e-07,1e-07,1e-07,1e-07,1e-07,1e-07,1e-07,1e-07,1e-07,1e-07,1e-07,1e-07,1e-07,1e-07,1e-07,1e-07,1e-07,1e-07,1e-07,1e-07,1e-07,1e-07,1e-07,1e-07,1e-07,1e-07,1e-07,0.9999999,1e-07,1e-07,0.9999999,1e-07,1e-07,1e-07,1e-07,1e-07,1e-07
2022-08-19 07:20:41,1e-07,1e-07,1e-07,1e-07,1e-07,1e-07,1e-07,1e-07,1e-07,1e-07,1e-07,1e-07,1e-07,1e-07,1e-07,1e-07,1e-07,1e-07,1e-07,1e-07,1e-07,1e-07,1e-07,1e-07,1e-07,1e-07,1e-07,1e-07,1e-07,0.9999999,1e-07,1e-07,0.9999999,1e-07,1e-07,1e-07,1e-07,1e-07,1e-07
2022-08-19 07:20:42,1e-07,1e-07,1e-07,1e-07,1e-07,1e-07,1e-07,1e-07,1e-07,1e-07,1e-07,1e-07,1e-07,1e-07,1e-07,1e-07,1e-07,1e-07,1e-07,1e-07,1e-07,1e-07,1e-07,1e-07,1e-07,1e-07,1e-07,1e-07,1e-07,0.9999999,1e-07,1e-07,0.9999999,1e-07,1e-07,1e-07,1e-07,1e-07,1e-07
2022-08-19 07:20:43,1e-07,1e-07,1e-07,1e-07,1e-07,1e-07,1e-07,1e-07,1e-07,1e-07,1e-07,1e-07,1e-07,1e-07,1e-07,1e-07,1e-07,1e-07,1e-07,1e-07,1e-07,1e-07,1e-07,1e-07,1e-07,1e-07,1e-07,1e-07,1e-07,0.9999999,1e-07,1e-07,0.9999999,1e-07,1e-07,1e-07,1e-07,1e-07,1e-07
2022-08-19 07:20:44,1e-07,1e-07,1e-07,1e-07,1e-07,1e-07,1e-07,1e-07,1e-07,1e-07,1e-07,1e-07,1e-07,1e-07,1e-07,1e-07,1e-07,1e-07,1e-07,1e-07,1e-07,1e-07,1e-07,1e-07,1e-07,1e-07,1e-07,1e-07,1e-07,0.9999999,1e-07,1e-07,0.9999999,1e-07,1e-07,1e-07,1e-07,1e-07,1e-07
2022-08-19 07:20:45,1e-07,1e-07,1e-07,1e-07,1e-07,1e-07,1e-07,1e-07,1e-07,1e-07,1e-07,1e-07,1e-07,1e-07,1e-07,1e-07,1e-07,1e-07,1e-07,1e-07,1e-07,1e-07,1e-07,1e-07,1e-07,1e-07,1e-07,1e-07,1e-07,0.9999999,1e-07,1e-07,0.9999999,1e-07,1e-07,1e-07,1e-07,1e-07,1e-07
2022-08-19 07:20:46,1e-07,1e-07,1e-07,1e-07,1e-07,1e-07,1e-07,1e-07,1e-07,1e-07,1e-07,1e-07,1e-07,1e-07,1e-07,1e-07,1e-07,1e-07,1e-07,1e-07,1e-07,1e-07,1e-07,1e-07,1e-07,1e-07,1e-07,1e-07,1e-07,0.9999999,1e-07,1e-07,0.9999999,1e-07,1e-07,1e-07,1e-07,1e-07,1e-07
2022-08-19 07:20:47,1e-07,1e-07,1e-07,1e-07,1e-07,1e-07,1e-07,1e-07,1e-07,1e-07,1e-07,1e-07,1e-07,1e-07,1e-07,1e-07,1e-07,1e-07,1e-07,1e-07,1e-07,1e-07,1e-07,1e-07,1e-07,1e-07,1e-07,1e-07,1e-07,0.9999999,1e-07,1e-07,0.9999999,1e-07,1e-07,1e-07,1e-07,1e-07,1e-07
2022-08-19 07:20:48,1e-07,1e-07,1e-07,1e-07,1e-07,1e-07,1e-07,1e-07,1e-07,1e-07,1e-07,1e-07,1e-07,1e-07,1e-07,1e-07,1e-07,1e-07,1e-07,1e-07,1e-07,1e-07,1e-07,1e-07,1e-07,1e-07,1e-07,1e-07,1e-07,0.9999999,1e-07,1e-07,0.9999999,1e-07,1e-07,1e-07,1e-07,1e-07,1e-07
2022-08-19 07:20:49,1e-07,1e-07,1e-07,1e-07,1e-07,1e-07,1e-07,1e-07,1e-07,1e-07,1e-07,1e-07,1e-07,1e-07,1e-07,1e-07,1e-07,1e-07,1e-07,1e-07,1e-07,1e-07,1e-07,1e-07,1e-07,1e-07,1e-07,1e-07,1e-07,0.9999999,1e-07,1e-07,0.9999999,1e-07,1e-07,1e-07,1e-07,1e-07,1e-07
2022-08-19 07:20:50,1e-07,1e-07,1e-07,1e-07,1e-07,1e-07,1e-07,1e-07,1e-07,1e-07,1e-07,1e-07,1e-07,1e-07,1e-07,1e-07,1e-07,1e-07,1e-07,1e-07,1e-07,1e-07,1e-07,1e-07,1e-07,1e-07,1e-07,1e-07,1e-07,0.9999999,1e-07,1e-07,0.9999999,1e-07,1e-07,1e-07,1e-07,1e-07,1e-07
2022-08-19 07:20:51,1e-07,1e-07,1e-07,1e-07,1e-07,1e-07,1e-07,1e-07,1e-07,1e-07,1e-07,1e-07,1e-07,1e-07,1e-07,1e-07,1e-07,1e-07,1e-07,1e-07,1e-07,1e-07,1e-07,1e-07,1e-07,1e-07,1e-07,1e-07,1e-07,0.9999999,1e-07,1e-07,0.9999999,1e-07,1e-07,1e-07,1e-07,1e-07,1e-07
2022-08-19 07:20:52,1e-07,1e-07,1e-07,1e-07,1e-07,1e-07,1e-07,1e-07,1e-07,1e-07,1e-07,1e-07,1e-07,1e-07,1e-07,1e-07,1e-07,1e-07,1e-07,1e-07,1e-07,1e-07,1e-07,1e-07,1e-07,1e-07,1e-07,1e-07,1e-07,0.9999999,1e-07,1e-07,0.9999999,1e-07,1e-07,1e-07,1e-07,1e-07,1e-07
2022-08-19 07:20:53,1e-07,1e-07,1e-07,1e-07,1e-07,1e-07,1e-07,1e-07,1e-07,1e-07,1e-07,1e-07,1e-07,1e-07,1e-07,1e-07,1e-07,1e-07,1e-07,1e-07,1e-07,1e-07,1e-07,1e-07,1e-07,1e-07,1e-07,1e-07,1e-07,0.9999999,1e-07,1e-07,0.9999999,1e-07,1e-07,1e-07,1e-07,1e-07,1e-07
2022-08-19 07:20:54,1e-07,1e-07,1e-07,1e-07,1e-07,1e-07,1e-07,1e-07,1e-07,1e-07,1e-07,1e-07,1e-07,1e-07,1e-07,1e-07,1e-07,1e-07,1e-07,1e-07,1e-07,1e-07,1e-07,1e-07,1e-07,1e-07,1e-07,1e-07,1e-07,0.9999999,1e-07,1e-07,0.9999999,1e-07,1e-07,1e-07,1e-07,1e-07,1e-07
2022-08-19 07:20:55,1e-07,1e-07,1e-07,1e-07,1e-07,1e-07,1e-07,1e-07,1e-07,1e-07,1e-07,1e-07,1e-07,1e-07,1e-07,1e-07,1e-07,1e-07,1e-07,1e-07,1e-07,1e-07,1e-07,1e-07,1e-07,1e-07,1e-07,1e-07,1e-07,0.9999999,1e-07,1e-07,0.9999999,1e-07,1e-07,1e-07,1e-07,1e-07,1e-07
2022-08-19 07:20:56,1e-07,1e-07,1e-07,1e-07,1e-07,1e-07,1e-07,1e-07,1e-07,1e-07,1e-07,1e-07,1e-07,1e-07,1e-07,1e-07,1e-07,1e-07,1e-07,1e-07,1e-07,1e-07,1e-07,1e-07,1e-07,1e-07,1e-07,1e-07,1e-07,0.9999999,1e-07,1e-07,0.9999999,1e-07,1e-07,1e-07,1e-07,1e-07,1e-07
2022-08-19 07:20:57,1e-07,1e-07,1e-07,1e-07,1e-07,1e-07,1e-07,1e-07,1e-07,1e-07,1e-07,1e-07,1e-07,1e-07,1e-07,1e-07,1e-07,1e-07,1e-07,1e-07,1e-07,1e-07,1e-07,1e-07,1e-07,1e-07,1e-07,1e-07,1e-07,0.9999999,1e-07,1e-07,0.9999999,1e-07,1e-07,1e-07,1e-07,1e-07,1e-07
2022-08-19 07:20:58,1e-07,1e-07,1e-07,1e-07,1e-07,1e-07,1e-07,1e-07,1e-07,1e-07,1e-07,1e-07,1e-07,1e-07,1e-07,1e-07,1e-07,1e-07,1e-07,1e-07,1e-07,1e-07,1e-07,1e-07,1e-07,1e-07,1e-07,1e-07,1e-07,0.9999999,1e-07,1e-07,0.9999999,1e-07,1e-07,1e-07,1e-07,1e-07,1e-07
2022-08-19 07:20:59,1e-07,1e-07,1e-07,1e-07,1e-07,1e-07,1e-07,1e-07,1e-07,1e-07,1e-07,1e-07,1e-07,1e-07,1e-07,1e-07,1e-07,1e-07,1e-07,1e-07,1e-07,1e-07,1e-07,1e-07,1e-07,1e-07,1e-07,1e-07,1e-07,0.9999999,1e-07,1e-07,0.9999999,1e-07,1e-07,1e-07,1e-07,1e-07,1e-07
2022-08-19 08:32:00,1e-07,1e-07,1e-07,1e-07,1e-07,1e-07,1e-07,1e-07,1e-07,1e-07,1e-07,1e-07,1e-07,1e-07,1e-07,1e-07,1e-07,1e-07,1e-07,1e-07,1e-07,0.9999999,1e-07,1e-07,1e-07,1e-07,1e-07,1e-07,1e-07,1e-07,1e-07,1e-07,1e-07,1e-07,1e-07,1e-07,1e-07,1e-07,1e-07
2022-08-19 08:32:01,1e-07,1e-07,1e-07,1e-07,1e-07,1e-07,1e-07,1e-07,1e-07,1e-07,1e-07,1e-07,1e-07,1e-07,1e-07,1e-07,1e-07,1e-07,1e-07,1e-07,1e-07,0.9999999,1e-07,1e-07,1e-07,1e-07,1e-07,1e-07,1e-07,1e-07,1e-07,1e-07,1e-07,1e-07,1e-07,1e-07,1e-07,1e-07,1e-07
2022-08-19 08:32:02,1e-07,1e-07,1e-07,1e-07,1e-07,1e-07,1e-07,1e-07,1e-07,1e-07,1e-07,1e-07,1e-07,1e-07,1e-07,1e-07,1e-07,1e-07,1e-07,1e-07,1e-07,0.9999999,1e-07,1e-07,1e-07,1e-07,1e-07,1e-07,1e-07,1e-07,1e-07,1e-07,1e-07,1e-07,1e-07,1e-07,1e-07,1e-07,1e-07
2022-08-19 08:32:03,1e-07,1e-07,1e-07,1e-07,1e-07,1e-07,1e-07,1e-07,1e-07,1e-07,1e-07,1e-07,1e-07,1e-07,1e-07,1e-07,1e-07,1e-07,1e-07,1e-07,1e-07,0.9999999,1e-07,1e-07,1e-07,1e-07,1e-07,1e-07,1e-07,1e-07,1e-07,1e-07,1e-07,1e-07,1e-07,1e-07,1e-07,1e-07,1e-07
2022-08-19 08:32:04,1e-07,1e-07,1e-07,1e-07,1e-07,1e-07,1e-07,1e-07,1e-07,1e-07,1e-07,1e-07,1e-07,1e-07,1e-07,1e-07,1e-07,1e-07,1e-07,1e-07,1e-07,0.9999999,1e-07,1e-07,1e-07,1e-07,1e-07,1e-07,1e-07,1e-07,1e-07,1e-07,1e-07,1e-07,1e-07,1e-07,1e-07,1e-07,1e-07
2022-08-19 08:32:05,1e-07,1e-07,1e-07,1e-07,1e-07,1e-07,1e-07,1e-07,1e-07,1e-07,1e-07,1e-07,1e-07,1e-07,1e-07,1e-07,1e-07,1e-07,1e-07,1e-07,1e-07,0.9999999,1e-07,1e-07,1e-07,1e-07,1e-07,1e-07,1e-07,1e-07,1e-07,1e-07,1e-07,1e-07,1e-07,1e-07,1e-07,1e-07,1e-07
2022-08-19 08:32:06,1e-07,1e-07,1e-07,1e-07,1e-07,1e-07,1e-07,1e-07,1e-07,1e-07,1e-07,1e-07,1e-07,1e-07,1e-07,1e-07,1e-07,1e-07,1e-07,1e-07,1e-07,0.9999999,1e-07,1e-07,1e-07,1e-07,1e-07,1e-07,1e-07,1e-07,1e-07,1e-07,1e-07,1e-07,1e-07,1e-07,1e-07,1e-07,1e-07
2022-08-19 08:32:07,1e-07,1e-07,1e-07,1e-07,1e-07,1e-07,1e-07,1e-07,1e-07,1e-07,1e-07,1e-07,1e-07,1e-07,1e-07,1e-07,1e-07,1e-07,1e-07,1e-07,1e-07,0.9999999,1e-07,1e-07,1e-07,1e-07,1e-07,1e-07,1e-07,1e-07,1e-07,1e-07,1e-07,1e-07,1e-07,1e-07,1e-07,1e-07,1e-07
2022-08-19 08:32:08,1e-07,1e-07,1e-07,1e-07,1e-07,1e-07,1e-07,1e-07,1e-07,1e-07,1e-07,1e-07,1e-07,1e-07,1e-07,1e-07,1e-07,1e-07,1e-07,1e-07,1e-07,0.9999999,1e-07,1e-07,1e-07,1e-07,1e-07,1e-07,1e-07,1e-07,1e-07,1e-07,1e-07,1e-07,1e-07,1e-07,1e-07,1e-07,1e-07
2022-08-19 08:32:09,1e-07,1e-07,1e-07,1e-07,1e-07,1e-07,1e-07,1e-07,1e-07,1e-07,1e-07,1e-07,1e-07,1e-07,1e-07,1e-07,1e-07,1e-07,1e-07,1e-07,1e-07,0.9999999,1e-07,1e-07,1e-07,1e-07,1e-07,1e-07,1e-07,1e-07,1e-07,1e-07,1e-07,1e-07,1e-07,1e-07,1e-07,1e-07,1e-07
2022-08-19 08:32:10,1e-07,1e-07,1e-07,1e-07,1e-07,1e-07,1e-07,1e-07,1e-07,1e-07,1e-07,1e-07,1e-07,1e-07,1e-07,1e-07,1e-07,1e-07,1e-07,1e-07,1e-07,0.9999999,1e-07,1e-07,1e-07,1e-07,1e-07,1e-07,1e-07,1e-07,1e-07,1e-07,1e-07,1e-07,1e-07,1e-07,1e-07,1e-07,1e-07
2022-08-19 08:32:11,1e-07,1e-07,1e-07,1e-07,1e-07,1e-07,1e-07,1e-07,1e-07,1e-07,1e-07,1e-07,1e-07,1e-07,1e-07,1e-07,1e-07,1e-07,1e-07,1e-07,1e-07,0.9999999,1e-07,1e-07,1e-07,1e-07,1e-07,1e-07,1e-07,1e-07,1e-07,1e-07,1e-07,1e-07,1e-07,1e-07,1e-07,1e-07,1e-07
2022-08-19 08:32:12,1e-07,1e-07,1e-07,1e-07,1e-07,1e-07,1e-07,1e-07,1e-07,1e-07,1e-07,1e-07,1e-07,1e-07,1e-07,1e-07,1e-07,1e-07,1e-07,1e-07,1e-07,0.9999999,1e-07,1e-07,1e-07,1e-07,1e-07,1e-07,1e-07,1e-07,1e-07,1e-07,1e-07,1e-07,1e-07,1e-07,1e-07,1e-07,1e-07
2022-08-19 08:32:13,1e-07,1e-07,1e-07,1e-07,1e-07,1e-07,1e-07,1e-07,1e-07,1e-07,1e-07,1e-07,1e-07,1e-07,1e-07,1e-07,1e-07,1e-07,1e-07,1e-07,1e-07,0.9999999,1e-07,1e-07,1e-07,1e-07,1e-07,1e-07,1e-07,1e-07,1e-07,1e-07,1e-07,1e-07,1e-07,1e-07,1e-07,1e-07,1e-07
2022-08-19 08:32:14,1e-07,1e-07,1e-07,1e-07,1e-07,1e-07,1e-07,1e-07,1e-07,1e-07,1e-07,1e-07,1e-07,1e-07,1e-07,1e-07,1e-07,1e-07,1e-07,1e-07,1e-07,0.9999999,1e-07,1e-07,1e-07,1e-07,1e-07,1e-07,1e-07,1e-07,1e-07,1e-07,1e-07,1e-07,1e-07,1e-07,1e-07,1e-07,1e-07
2022-08-19 08:32:15,1e-07,1e-07,1e-07,1e-07,1e-07,1e-07,1e-07,1e-07,1e-07,1e-07,1e-07,1e-07,1e-07,1e-07,1e-07,1e-07,1e-07,1e-07,1e-07,1e-07,1e-07,0.9999999,1e-07,1e-07,1e-07,1e-07,1e-07,1e-07,1e-07,1e-07,1e-07,1e-07,1e-07,1e-07,1e-07,1e-07,1e-07,1e-07,1e-07
2022-08-19 08:32:16,1e-07,1e-07,1e-07,1e-07,1e-07,1e-07,1e-07,1e-07,1e-07,1e-07,1e-07,1e-07,1e-07,1e-07,1e-07,1e-07,1e-07,1e-07,1e-07,1e-07,1e-07,0.9999999,1e-07,1e-07,1e-07,1e-07,1e-07,1e-07,1e-07,1e-07,1e-07,1e-07,1e-07,1e-07,1e-07,1e-07,1e-07,1e-07,1e-07
2022-08-19 08:32:17,1e-07,1e-07,1e-07,1e-07,1e-07,1e-07,1e-07,1e-07,1e-07,1e-07,1e-07,1e-07,1e-07,1e-07,1e-07,1e-07,1e-07,1e-07,1e-07,1e-07,1e-07,0.9999999,1e-07,1e-07,1e-07,1e-07,1e-07,1e-07,1e-07,1e-07,1e-07,1e-07,1e-07,1e-07,1e-07,1e-07,1e-07,1e-07,1e-07
2022-08-19 08:32:18,1e-07,1e-07,1e-07,1e-07,1e-07,1e-07,1e-07,1e-07,1e-07,1e-07,1e-07,1e-07,1e-07,1e-07,1e-07,1e-07,1e-07,1e-07,1e-07,1e-07,1e-07,0.9999999,1e-07,1e-07,1e-07,1e-07,1e-07,1e-07,1e-07,1e-07,1e-07,1e-07,1e-07,1e-07,1e-07,1e-07,1e-07,1e-07,1e-07
2022-08-19 08:32:19,1e-07,1e-07,1e-07,1e-07,1e-07,1e-07,1e-07,1e-07,1e-07,1e-07,1e-07,1e-07,1e-07,1e-07,1e-07,1e-07,1e-07,1e-07,1e-07,1e-07,1e-07,0.9999999,1e-07,1e-07,1e-07,1e-07,1e-07,1e-07,1e-07,1e-07,1e-07,1e-07,1e-07,1e-07,1e-07,1e-07,1e-07,1e-07,1e-07
2022-08-19 08:32:20,1e-07,1e-07,1e-07,1e-07,1e-07,1e-07,1e-07,1e-07,1e-07,1e-07,1e-07,1e-07,1e-07,1e-07,1e-07,1e-07,1e-07,1e-07,1e-07,1e-07,1e-07,0.9999999,1e-07,1e-07,1e-07,1e-07,1e-07,1e-07,1e-07,1e-07,1e-07,1e-07,1e-07,1e-07,1e-07,1e-07,1e-07,1e-07,1e-07
2022-08-19 08:32:21,1e-07,1e-07,1e-07,1e-07,1e-07,1e-07,1e-07,1e-07,1e-07,1e-07,1e-07,1e-07,1e-07,1e-07,1e-07,1e-07,1e-07,1e-07,1e-07,1e-07,1e-07,0.9999999,1e-07,1e-07,1e-07,1e-07,1e-07,1e-07,1e-07,1e-07,1e-07,1e-07,1e-07,1e-07,1e-07,1e-07,1e-07,1e-07,1e-07
2022-08-19 08:32:22,1e-07,1e-07,1e-07,1e-07,1e-07,1e-07,1e-07,1e-07,1e-07,1e-07,1e-07,1e-07,1e-07,1e-07,1e-07,1e-07,1e-07,1e-07,1e-07,1e-07,1e-07,0.9999999,1e-07,1e-07,1e-07,1e-07,1e-07,1e-07,1e-07,1e-07,1e-07,1e-07,1e-07,1e-07,1e-07,1e-07,1e-07,1e-07,1e-07
2022-08-19 08:32:23,1e-07,1e-07,1e-07,1e-07,1e-07,1e-07,1e-07,1e-07,1e-07,1e-07,1e-07,1e-07,1e-07,1e-07,1e-07,1e-07,1e-07,1e-07,1e-07,1e-07,1e-07,0.9999999,1e-07,1e-07,1e-07,1e-07,1e-07,1e-07,1e-07,1e-07,1e-07,1e-07,1e-07,1e-07,1e-07,1e-07,1e-07,1e-07,1e-07
2022-08-19 08:32:24,1e-07,1e-07,1e-07,1e-07,1e-07,1e-07,1e-07,1e-07,1e-07,1e-07,1e-07,1e-07,1e-07,1e-07,1e-07,1e-07,1e-07,1e-07,1e-07,1e-07,1e-07,0.9999999,1e-07,1e-07,1e-07,1e-07,1e-07,1e-07,1e-07,1e-07,1e-07,1e-07,1e-07,1e-07,1e-07,1e-07,1e-07,1e-07,1e-07
2022-08-19 08:32:25,1e-07,1e-07,1e-07,1e-07,1e-07,1e-07,1e-07,1e-07,1e-07,1e-07,1e-07,1e-07,1e-07,1e-07,1e-07,1e-07,1e-07,1e-07,1e-07,1e-07,1e-07,0.9999999,1e-07,1e-07,1e-07,1e-07,1e-07,1e-07,1e-07,1e-07,1e-07,1e-07,1e-07,1e-07,1e-07,1e-07,1e-07,1e-07,1e-07
2022-08-19 08:32:26,1e-07,1e-07,1e-07,1e-07,1e-07,1e-07,1e-07,1e-07,1e-07,1e-07,1e-07,1e-07,1e-07,1e-07,1e-07,1e-07,1e-07,1e-07,1e-07,1e-07,1e-07,0.9999999,1e-07,1e-07,1e-07,1e-07,1e-07,1e-07,1e-07,1e-07,1e-07,1e-07,1e-07,1e-07,1e-07,1e-07,1e-07,1e-07,1e-07
2022-08-19 08:32:27,1e-07,1e-07,1e-07,1e-07,1e-07,1e-07,1e-07,1e-07,1e-07,1e-07,1e-07,1e-07,1e-07,1e-07,1e-07,1e-07,1e-07,1e-07,1e-07,1e-07,1e-07,0.9999999,1e-07,1e-07,1e-07,1e-07,1e-07,1e-07,1e-07,1e-07,1e-07,1e-07,1e-07,1e-07,1e-07,1e-07,1e-07,1e-07,1e-07
2022-08-19 08:32:28,1e-07,1e-07,1e-07,1e-07,1e-07,1e-07,1e-07,1e-07,1e-07,1e-07,1e-07,1e-07,1e-07,1e-07,1e-07,1e-07,1e-07,1e-07,1e-07,1e-07,1e-07,0.9999999,1e-07,1e-07,1e-07,1e-07,1e-07,1e-07,1e-07,1e-07,1e-07,1e-07,1e-07,1e-07,1e-07,1e-07,1e-07,1e-07,1e-07
2022-08-19 08:32:29,1e-07,1e-07,1e-07,1e-07,1e-07,1e-07,1e-07,1e-07,1e-07,1e-07,1e-07,1e-07,1e-07,1e-07,1e-07,1e-07,1e-07,1e-07,1e-07,1e-07,1e-07,0.9999999,1e-07,1e-07,1e-07,1e-07,1e-07,1e-07,1e-07,1e-07,1e-07,1e-07,1e-07,1e-07,1e-07,1e-07,1e-07,1e-07,1e-07
2022-08-19 08:32:30,1e-07,1e-07,1e-07,1e-07,1e-07,1e-07,1e-07,1e-07,1e-07,1e-07,1e-07,1e-07,1e-07,1e-07,1e-07,1e-07,1e-07,1e-07,1e-07,1e-07,1e-07,0.9999999,1e-07,1e-07,1e-07,1e-07,1e-07,1e-07,1e-07,1e-07,1e-07,1e-07,1e-07,1e-07,1e-07,1e-07,1e-07,1e-07,1e-07
2022-08-19 08:32:31,1e-07,1e-07,1e-07,1e-07,1e-07,1e-07,1e-07,1e-07,1e-07,1e-07,1e-07,1e-07,1e-07,1e-07,1e-07,1e-07,1e-07,1e-07,1e-07,1e-07,1e-07,0.9999999,1e-07,1e-07,1e-07,1e-07,1e-07,1e-07,1e-07,1e-07,1e-07,1e-07,1e-07,1e-07,1e-07,1e-07,1e-07,1e-07,1e-07
2022-08-19 08:32:32,1e-07,1e-07,1e-07,1e-07,1e-07,1e-07,1e-07,1e-07,1e-07,1e-07,1e-07,1e-07,1e-07,1e-07,1e-07,1e-07,1e-07,1e-07,1e-07,1e-07,1e-07,0.9999999,1e-07,1e-07,1e-07,1e-07,1e-07,1e-07,1e-07,1e-07,1e-07,1e-07,1e-07,1e-07,1e-07,1e-07,1e-07,1e-07,1e-07
2022-08-19 08:32:33,1e-07,1e-07,1e-07,1e-07,1e-07,1e-07,1e-07,1e-07,1e-07,1e-07,1e-07,1e-07,1e-07,1e-07,1e-07,1e-07,1e-07,1e-07,1e-07,1e-07,1e-07,0.9999999,1e-07,1e-07,1e-07,1e-07,1e-07,1e-07,1e-07,1e-07,1e-07,1e-07,1e-07,1e-07,1e-07,1e-07,1e-07,1e-07,1e-07
2022-08-19 08:32:34,1e-07,1e-07,1e-07,1e-07,1e-07,1e-07,1e-07,1e-07,1e-07,1e-07,1e-07,1e-07,1e-07,1e-07,1e-07,1e-07,1e-07,1e-07,1e-07,1e-07,1e-07,0.9999999,1e-07,1e-07,1e-07,1e-07,1e-07,1e-07,1e-07,1e-07,1e-07,1e-07,1e-07,1e-07,1e-07,1e-07,1e-07,1e-07,1e-07
2022-08-19 08:32:35,1e-07,1e-07,1e-07,1e-07,1e-07,1e-07,1e-07,1e-07,1e-07,1e-07,1e-07,1e-07,1e-07,1e-07,1e-07,1e-07,1e-07,1e-07,1e-07,1e-07,1e-07,0.9999999,1e-07,1e-07,1e-07,1e-07,1e-07,1e-07,1e-07,1e-07,1e-07,1e-07,1e-07,1e-07,1e-07,1e-07,1e-07,1e-07,1e-07
2022-08-19 08:32:36,1e-07,1e-07,1e-07,1e-07,1e-07,1e-07,1e-07,1e-07,1e-07,1e-07,1e-07,1e-07,1e-07,1e-07,1e-07,1e-07,1e-07,1e-07,1e-07,1e-07,1e-07,0.9999999,1e-07,1e-07,1e-07,1e-07,1e-07,1e-07,1e-07,1e-07,1e-07,1e-07,1e-07,1e-07,1e-07,1e-07,1e-07,1e-07,1e-07
2022-08-19 08:32:37,1e-07,1e-07,1e-07,1e-07,1e-07,1e-07,1e-07,1e-07,1e-07,1e-07,1e-07,1e-07,1e-07,1e-07,1e-07,1e-07,1e-07,1e-07,1e-07,1e-07,1e-07,0.9999999,1e-07,1e-07,1e-07,1e-07,1e-07,1e-07,1e-07,1e-07,1e-07,1e-07,1e-07,1e-07,1e-07,1e-07,1e-07,1e-07,1e-07
2022-08-19 08:32:38,1e-07,1e-07,1e-07,1e-07,1e-07,1e-07,1e-07,1e-07,1e-07,1e-07,1e-07,1e-07,1e-07,1e-07,1e-07,1e-07,1e-07,1e-07,1e-07,1e-07,1e-07,0.9999999,1e-07,1e-07,1e-07,1e-07,1e-07,1e-07,1e-07,1e-07,1e-07,1e-07,1e-07,1e-07,1e-07,1e-07,1e-07,1e-07,1e-07
2022-08-19 08:32:39,1e-07,1e-07,1e-07,1e-07,1e-07,1e-07,1e-07,1e-07,1e-07,1e-07,1e-07,1e-07,1e-07,1e-07,1e-07,1e-07,1e-07,1e-07,1e-07,1e-07,1e-07,0.9999999,1e-07,1e-07,1e-07,1e-07,1e-07,1e-07,1e-07,1e-07,1e-07,1e-07,1e-07,1e-07,1e-07,1e-07,1e-07,1e-07,1e-07
2022-08-19 08:32:40,1e-07,1e-07,1e-07,1e-07,1e-07,1e-07,1e-07,1e-07,1e-07,1e-07,1e-07,1e-07,1e-07,1e-07,1e-07,1e-07,1e-07,1e-07,1e-07,1e-07,1e-07,0.9999999,1e-07,1e-07,1e-07,1e-07,1e-07,1e-07,1e-07,1e-07,1e-07,1e-07,1e-07,1e-07,1e-07,1e-07,1e-07,1e-07,1e-07
2022-08-19 08:32:41,1e-07,1e-07,1e-07,1e-07,1e-07,1e-07,1e-07,1e-07,1e-07,1e-07,1e-07,1e-07,1e-07,1e-07,1e-07,1e-07,1e-07,1e-07,1e-07,1e-07,1e-07,0.9999999,1e-07,1e-07,1e-07,1e-07,1e-07,1e-07,1e-07,1e-07,1e-07,1e-07,1e-07,1e-07,1e-07,1e-07,1e-07,1e-07,1e-07
2022-08-19 08:32:42,1e-07,1e-07,1e-07,1e-07,1e-07,1e-07,1e-07,1e-07,1e-07,1e-07,1e-07,1e-07,1e-07,1e-07,1e-07,1e-07,1e-07,1e-07,1e-07,1e-07,1e-07,0.9999999,1e-07,1e-07,1e-07,1e-07,1e-07,1e-07,1e-07,1e-07,1e-07,1e-07,1e-07,1e-07,1e-07,1e-07,1e-07,1e-07,1e-07
2022-08-19 08:32:43,1e-07,1e-07,1e-07,1e-07,1e-07,1e-07,1e-07,1e-07,1e-07,1e-07,1e-07,1e-07,1e-07,1e-07,1e-07,1e-07,1e-07,1e-07,1e-07,1e-07,1e-07,0.9999999,1e-07,1e-07,1e-07,1e-07,1e-07,1e-07,1e-07,1e-07,1e-07,1e-07,1e-07,1e-07,1e-07,1e-07,1e-07,1e-07,1e-07
2022-08-19 08:32:44,1e-07,1e-07,1e-07,1e-07,1e-07,1e-07,1e-07,1e-07,1e-07,1e-07,1e-07,1e-07,1e-07,1e-07,1e-07,1e-07,1e-07,1e-07,1e-07,1e-07,1e-07,0.9999999,1e-07,1e-07,1e-07,1e-07,1e-07,1e-07,1e-07,1e-07,1e-07,1e-07,1e-07,1e-07,1e-07,1e-07,1e-07,1e-07,1e-07
2022-08-19 08:32:45,1e-07,1e-07,1e-07,1e-07,1e-07,1e-07,1e-07,1e-07,1e-07,1e-07,1e-07,1e-07,1e-07,1e-07,1e-07,1e-07,1e-07,1e-07,1e-07,1e-07,1e-07,0.9999999,1e-07,1e-07,1e-07,1e-07,1e-07,1e-07,1e-07,1e-07,1e-07,1e-07,1e-07,1e-07,1e-07,1e-07,1e-07,1e-07,1e-07
2022-08-19 08:32:46,1e-07,1e-07,1e-07,1e-07,1e-07,1e-07,1e-07,1e-07,1e-07,1e-07,1e-07,1e-07,1e-07,1e-07,1e-07,1e-07,1e-07,1e-07,1e-07,1e-07,1e-07,0.9999999,1e-07,1e-07,1e-07,1e-07,1e-07,1e-07,1e-07,1e-07,1e-07,1e-07,1e-07,1e-07,1e-07,1e-07,1e-07,1e-07,1e-07
2022-08-19 08:32:47,1e-07,1e-07,1e-07,1e-07,1e-07,1e-07,1e-07,1e-07,1e-07,1e-07,1e-07,1e-07,1e-07,1e-07,1e-07,1e-07,1e-07,1e-07,1e-07,1e-07,1e-07,0.9999999,1e-07,1e-07,1e-07,1e-07,1e-07,1e-07,1e-07,1e-07,1e-07,1e-07,1e-07,1e-07,1e-07,1e-07,1e-07,1e-07,1e-07
2022-08-19 08:32:48,1e-07,1e-07,1e-07,1e-07,1e-07,1e-07,1e-07,1e-07,1e-07,1e-07,1e-07,1e-07,1e-07,1e-07,1e-07,1e-07,1e-07,1e-07,1e-07,1e-07,1e-07,0.9999999,1e-07,1e-07,1e-07,1e-07,1e-07,1e-07,1e-07,1e-07,1e-07,1e-07,1e-07,1e-07,1e-07,1e-07,1e-07,1e-07,1e-07
2022-08-19 08:32:49,1e-07,1e-07,1e-07,1e-07,1e-07,1e-07,1e-07,1e-07,1e-07,1e-07,1e-07,1e-07,1e-07,1e-07,1e-07,1e-07,1e-07,1e-07,1e-07,1e-07,1e-07,0.9999999,1e-07,1e-07,1e-07,1e-07,1e-07,1e-07,1e-07,1e-07,1e-07,1e-07,1e-07,1e-07,1e-07,1e-07,1e-07,1e-07,1e-07
2022-08-19 08:32:50,1e-07,1e-07,1e-07,1e-07,1e-07,1e-07,1e-07,1e-07,1e-07,1e-07,1e-07,1e-07,1e-07,1e-07,1e-07,1e-07,1e-07,1e-07,1e-07,1e-07,1e-07,0.9999999,1e-07,1e-07,1e-07,1e-07,1e-07,1e-07,1e-07,1e-07,1e-07,1e-07,1e-07,1e-07,1e-07,1e-07,1e-07,1e-07,1e-07
2022-08-19 08:32:51,1e-07,1e-07,1e-07,1e-07,1e-07,1e-07,1e-07,1e-07,1e-07,1e-07,1e-07,1e-07,1e-07,1e-07,1e-07,1e-07,1e-07,1e-07,1e-07,1e-07,1e-07,0.9999999,1e-07,1e-07,1e-07,1e-07,1e-07,1e-07,1e-07,1e-07,1e-07,1e-07,1e-07,1e-07,1e-07,1e-07,1e-07,1e-07,1e-07
2022-08-19 08:32:52,1e-07,1e-07,1e-07,1e-07,1e-07,1e-07,1e-07,1e-07,1e-07,1e-07,1e-07,1e-07,1e-07,1e-07,1e-07,1e-07,1e-07,1e-07,1e-07,1e-07,1e-07,0.9999999,1e-07,1e-07,1e-07,1e-07,1e-07,1e-07,1e-07,1e-07,1e-07,1e-07,1e-07,1e-07,1e-07,1e-07,1e-07,1e-07,1e-07
2022-08-19 08:32:53,1e-07,1e-07,1e-07,1e-07,1e-07,1e-07,1e-07,1e-07,1e-07,1e-07,1e-07,1e-07,1e-07,1e-07,1e-07,1e-07,1e-07,1e-07,1e-07,1e-07,1e-07,0.9999999,1e-07,1e-07,1e-07,1e-07,1e-07,1e-07,1e-07,1e-07,1e-07,1e-07,1e-07,1e-07,1e-07,1e-07,1e-07,1e-07,1e-07
2022-08-19 08:32:54,1e-07,1e-07,1e-07,1e-07,1e-07,1e-07,1e-07,1e-07,1e-07,1e-07,1e-07,1e-07,1e-07,1e-07,1e-07,1e-07,1e-07,1e-07,1e-07,1e-07,1e-07,0.9999999,1e-07,1e-07,1e-07,1e-07,1e-07,1e-07,1e-07,1e-07,1e-07,1e-07,1e-07,1e-07,1e-07,1e-07,1e-07,1e-07,1e-07
2022-08-19 08:32:55,1e-07,1e-07,1e-07,1e-07,1e-07,1e-07,1e-07,1e-07,1e-07,1e-07,1e-07,1e-07,1e-07,1e-07,1e-07,1e-07,1e-07,1e-07,1e-07,1e-07,1e-07,0.9999999,1e-07,1e-07,1e-07,1e-07,1e-07,1e-07,1e-07,1e-07,1e-07,1e-07,1e-07,1e-07,1e-07,1e-07,1e-07,1e-07,1e-07
2022-08-19 08:32:56,1e-07,1e-07,1e-07,1e-07,1e-07,1e-07,1e-07,1e-07,1e-07,1e-07,1e-07,1e-07,1e-07,1e-07,1e-07,1e-07,1e-07,1e-07,1e-07,1e-07,1e-07,0.9999999,1e-07,1e-07,1e-07,1e-07,1e-07,1e-07,1e-07,1e-07,1e-07,1e-07,1e-07,1e-07,1e-07,1e-07,1e-07,1e-07,1e-07
2022-08-19 08:32:57,1e-07,1e-07,1e-07,1e-07,1e-07,1e-07,1e-07,1e-07,1e-07,1e-07,1e-07,1e-07,1e-07,1e-07,1e-07,1e-07,1e-07,1e-07,1e-07,1e-07,1e-07,0.9999999,1e-07,1e-07,1e-07,1e-07,1e-07,1e-07,1e-07,1e-07,1e-07,1e-07,1e-07,1e-07,1e-07,1e-07,1e-07,1e-07,1e-07
2022-08-19 08:32:58,1e-07,1e-07,1e-07,1e-07,1e-07,1e-07,1e-07,1e-07,1e-07,1e-07,1e-07,1e-07,1e-07,1e-07,1e-07,1e-07,1e-07,1e-07,1e-07,1e-07,1e-07,0.9999999,1e-07,1e-07,1e-07,1e-07,1e-07,1e-07,1e-07,1e-07,1e-07,1e-07,1e-07,1e-07,1e-07,1e-07,1e-07,1e-07,1e-07
2022-08-19 08:32:59,1e-07,1e-07,1e-07,1e-07,1e-07,1e-07,1e-07,1e-07,1e-07,1e-07,1e-07,1e-07,1e-07,1e-07,1e-07,1e-07,1e-07,1e-07,1e-07,1e-07,1e-07,0.9999999,1e-07,1e-07,1e-07,1e-07,1e-07,1e-07,1e-07,1e-07,1e-07,1e-07,1e-07,1e-07,1e-07,1e-07,1e-07,1e-07,1e-07
2022-08-19 14:21:00,1e-07,1e-07,1e-07,1e-07,1e-07,1e-07,1e-07,1e-07,1e-07,1e-07,1e-07,1e-07,1e-07,1e-07,1e-07,1e-07,1e-07,1e-07,1e-07,1e-07,1e-07,1e-07,1e-07,1e-07,1e-07,1e-07,1e-07,1e-07,1e-07,1e-07,1e-07,1e-07,1e-07,1e-07,1e-07,0.9999999,1e-07,1e-07,1e-07
2022-08-19 14:21:01,1e-07,1e-07,1e-07,1e-07,1e-07,1e-07,1e-07,1e-07,1e-07,1e-07,1e-07,1e-07,1e-07,1e-07,1e-07,1e-07,1e-07,1e-07,1e-07,1e-07,1e-07,1e-07,1e-07,1e-07,1e-07,1e-07,1e-07,1e-07,1e-07,1e-07,1e-07,1e-07,1e-07,1e-07,1e-07,0.9999999,1e-07,1e-07,1e-07
2022-08-19 14:21:02,1e-07,1e-07,1e-07,1e-07,1e-07,1e-07,1e-07,1e-07,1e-07,1e-07,1e-07,1e-07,1e-07,1e-07,1e-07,1e-07,1e-07,1e-07,1e-07,1e-07,1e-07,1e-07,1e-07,1e-07,1e-07,1e-07,1e-07,1e-07,1e-07,1e-07,1e-07,1e-07,1e-07,1e-07,1e-07,0.9999999,1e-07,1e-07,1e-07
2022-08-19 14:21:03,1e-07,1e-07,1e-07,1e-07,1e-07,1e-07,1e-07,1e-07,1e-07,1e-07,1e-07,1e-07,1e-07,1e-07,1e-07,1e-07,1e-07,1e-07,1e-07,1e-07,1e-07,1e-07,1e-07,1e-07,1e-07,1e-07,1e-07,1e-07,1e-07,1e-07,1e-07,1e-07,1e-07,1e-07,1e-07,0.9999999,1e-07,1e-07,1e-07
2022-08-19 14:21:04,1e-07,1e-07,1e-07,1e-07,1e-07,1e-07,1e-07,1e-07,1e-07,1e-07,1e-07,1e-07,1e-07,1e-07,1e-07,1e-07,1e-07,1e-07,1e-07,1e-07,1e-07,1e-07,1e-07,1e-07,1e-07,1e-07,1e-07,1e-07,1e-07,1e-07,1e-07,1e-07,1e-07,1e-07,1e-07,0.9999999,1e-07,1e-07,1e-07
2022-08-19 14:21:05,1e-07,1e-07,1e-07,1e-07,1e-07,1e-07,1e-07,1e-07,1e-07,1e-07,1e-07,1e-07,1e-07,1e-07,1e-07,1e-07,1e-07,1e-07,1e-07,1e-07,1e-07,1e-07,1e-07,1e-07,1e-07,1e-07,1e-07,1e-07,1e-07,1e-07,1e-07,1e-07,1e-07,1e-07,1e-07,0.9999999,1e-07,1e-07,1e-07
2022-08-19 14:21:06,1e-07,1e-07,1e-07,1e-07,1e-07,1e-07,1e-07,1e-07,1e-07,1e-07,1e-07,1e-07,1e-07,1e-07,1e-07,1e-07,1e-07,1e-07,1e-07,1e-07,1e-07,1e-07,1e-07,1e-07,1e-07,1e-07,1e-07,1e-07,1e-07,1e-07,1e-07,1e-07,1e-07,1e-07,1e-07,0.9999999,1e-07,1e-07,1e-07
2022-08-19 14:21:07,1e-07,1e-07,1e-07,1e-07,1e-07,1e-07,1e-07,1e-07,1e-07,1e-07,1e-07,1e-07,1e-07,1e-07,1e-07,1e-07,1e-07,1e-07,1e-07,1e-07,1e-07,1e-07,1e-07,1e-07,1e-07,1e-07,1e-07,1e-07,1e-07,1e-07,1e-07,1e-07,1e-07,1e-07,1e-07,0.9999999,1e-07,1e-07,1e-07
2022-08-19 14:21:08,1e-07,1e-07,1e-07,1e-07,1e-07,1e-07,1e-07,1e-07,1e-07,1e-07,1e-07,1e-07,1e-07,1e-07,1e-07,1e-07,1e-07,1e-07,1e-07,1e-07,1e-07,1e-07,1e-07,1e-07,1e-07,1e-07,1e-07,1e-07,1e-07,1e-07,1e-07,1e-07,1e-07,1e-07,1e-07,0.9999999,1e-07,1e-07,1e-07
2022-08-19 14:21:09,1e-07,1e-07,1e-07,1e-07,1e-07,1e-07,1e-07,1e-07,1e-07,1e-07,1e-07,1e-07,1e-07,1e-07,1e-07,1e-07,1e-07,1e-07,1e-07,1e-07,1e-07,1e-07,1e-07,1e-07,1e-07,1e-07,1e-07,1e-07,1e-07,1e-07,1e-07,1e-07,1e-07,1e-07,1e-07,0.9999999,1e-07,1e-07,1e-07
2022-08-19 14:21:10,1e-07,1e-07,1e-07,1e-07,1e-07,1e-07,1e-07,1e-07,1e-07,1e-07,1e-07,1e-07,1e-07,1e-07,1e-07,1e-07,1e-07,1e-07,1e-07,1e-07,1e-07,1e-07,1e-07,1e-07,1e-07,1e-07,1e-07,1e-07,1e-07,1e-07,1e-07,1e-07,1e-07,1e-07,1e-07,0.9999999,1e-07,1e-07,1e-07
2022-08-19 14:21:11,1e-07,1e-07,1e-07,1e-07,1e-07,1e-07,1e-07,1e-07,1e-07,1e-07,1e-07,1e-07,1e-07,1e-07,1e-07,1e-07,1e-07,1e-07,1e-07,1e-07,1e-07,1e-07,1e-07,1e-07,1e-07,1e-07,1e-07,1e-07,1e-07,1e-07,1e-07,1e-07,1e-07,1e-07,1e-07,0.9999999,1e-07,1e-07,1e-07
2022-08-19 14:21:12,1e-07,1e-07,1e-07,1e-07,1e-07,1e-07,1e-07,1e-07,1e-07,1e-07,1e-07,1e-07,1e-07,1e-07,1e-07,1e-07,1e-07,1e-07,1e-07,1e-07,1e-07,1e-07,1e-07,1e-07,1e-07,1e-07,1e-07,1e-07,1e-07,1e-07,1e-07,1e-07,1e-07,1e-07,1e-07,0.9999999,1e-07,1e-07,1e-07
2022-08-19 14:21:13,1e-07,1e-07,1e-07,1e-07,1e-07,1e-07,1e-07,1e-07,1e-07,1e-07,1e-07,1e-07,1e-07,1e-07,1e-07,1e-07,1e-07,1e-07,1e-07,1e-07,1e-07,1e-07,1e-07,1e-07,1e-07,1e-07,1e-07,1e-07,1e-07,1e-07,1e-07,1e-07,1e-07,1e-07,1e-07,0.9999999,1e-07,1e-07,1e-07
2022-08-19 14:21:14,1e-07,1e-07,1e-07,1e-07,1e-07,1e-07,1e-07,1e-07,1e-07,1e-07,1e-07,1e-07,1e-07,1e-07,1e-07,1e-07,1e-07,1e-07,1e-07,1e-07,1e-07,1e-07,1e-07,1e-07,1e-07,1e-07,1e-07,1e-07,1e-07,1e-07,1e-07,1e-07,1e-07,1e-07,1e-07,0.9999999,1e-07,1e-07,1e-07
2022-08-19 14:21:15,1e-07,1e-07,1e-07,1e-07,1e-07,1e-07,1e-07,1e-07,1e-07,1e-07,1e-07,1e-07,1e-07,1e-07,1e-07,1e-07,1e-07,1e-07,1e-07,1e-07,1e-07,1e-07,1e-07,1e-07,1e-07,1e-07,1e-07,1e-07,1e-07,1e-07,1e-07,1e-07,1e-07,1e-07,1e-07,0.9999999,1e-07,1e-07,1e-07
2022-08-19 14:21:16,1e-07,1e-07,1e-07,1e-07,1e-07,1e-07,1e-07,1e-07,1e-07,1e-07,1e-07,1e-07,1e-07,1e-07,1e-07,1e-07,1e-07,1e-07,1e-07,1e-07,1e-07,1e-07,1e-07,1e-07,1e-07,1e-07,1e-07,1e-07,1e-07,1e-07,1e-07,1e-07,1e-07,1e-07,1e-07,0.9999999,1e-07,1e-07,1e-07
2022-08-19 14:21:17,1e-07,1e-07,1e-07,1e-07,1e-07,1e-07,1e-07,1e-07,1e-07,1e-07,1e-07,1e-07,1e-07,1e-07,1e-07,1e-07,1e-07,1e-07,1e-07,1e-07,1e-07,1e-07,1e-07,1e-07,1e-07,1e-07,1e-07,1e-07,1e-07,1e-07,1e-07,1e-07,1e-07,1e-07,1e-07,0.9999999,1e-07,1e-07,1e-07
2022-08-19 14:21:18,1e-07,1e-07,1e-07,1e-07,1e-07,1e-07,1e-07,1e-07,1e-07,1e-07,1e-07,1e-07,1e-07,1e-07,1e-07,1e-07,1e-07,1e-07,1e-07,1e-07,1e-07,1e-07,1e-07,1e-07,1e-07,1e-07,1e-07,1e-07,1e-07,1e-07,1e-07,1e-07,1e-07,1e-07,1e-07,0.9999999,1e-07,1e-07,1e-07
2022-08-19 14:21:19,1e-07,1e-07,1e-07,1e-07,1e-07,1e-07,1e-07,1e-07,1e-07,1e-07,1e-07,1e-07,1e-07,1e-07,1e-07,1e-07,1e-07,1e-07,1e-07,1e-07,1e-07,1e-07,1e-07,1e-07,1e-07,1e-07,1e-07,1e-07,1e-07,1e-07,1e-07,1e-07,1e-07,1e-07,1e-07,0.9999999,1e-07,1e-07,1e-07
2022-08-19 14:21:20,1e-07,1e-07,1e-07,1e-07,1e-07,1e-07,1e-07,1e-07,1e-07,1e-07,1e-07,1e-07,1e-07,1e-07,1e-07,1e-07,1e-07,1e-07,1e-07,1e-07,1e-07,1e-07,1e-07,1e-07,1e-07,1e-07,1e-07,1e-07,1e-07,1e-07,1e-07,1e-07,1e-07,1e-07,1e-07,0.9999999,1e-07,1e-07,1e-07
2022-08-19 14:21:21,1e-07,1e-07,1e-07,1e-07,1e-07,1e-07,1e-07,1e-07,1e-07,1e-07,1e-07,1e-07,1e-07,1e-07,1e-07,1e-07,1e-07,1e-07,1e-07,1e-07,1e-07,1e-07,1e-07,1e-07,1e-07,1e-07,1e-07,1e-07,1e-07,1e-07,1e-07,1e-07,1e-07,1e-07,1e-07,0.9999999,1e-07,1e-07,1e-07
2022-08-19 14:21:22,1e-07,1e-07,1e-07,1e-07,1e-07,1e-07,1e-07,1e-07,1e-07,1e-07,1e-07,1e-07,1e-07,1e-07,1e-07,1e-07,1e-07,1e-07,1e-07,1e-07,1e-07,1e-07,1e-07,1e-07,1e-07,1e-07,1e-07,1e-07,1e-07,1e-07,1e-07,1e-07,1e-07,1e-07,1e-07,0.9999999,1e-07,1e-07,1e-07
2022-08-19 14:21:23,1e-07,1e-07,1e-07,1e-07,1e-07,1e-07,1e-07,1e-07,1e-07,1e-07,1e-07,1e-07,1e-07,1e-07,1e-07,1e-07,1e-07,1e-07,1e-07,1e-07,1e-07,1e-07,1e-07,1e-07,1e-07,1e-07,1e-07,1e-07,1e-07,1e-07,1e-07,1e-07,1e-07,1e-07,1e-07,0.9999999,1e-07,1e-07,1e-07
2022-08-19 14:21:24,1e-07,1e-07,1e-07,1e-07,1e-07,1e-07,1e-07,1e-07,1e-07,1e-07,1e-07,1e-07,1e-07,1e-07,1e-07,1e-07,1e-07,1e-07,1e-07,1e-07,1e-07,1e-07,1e-07,1e-07,1e-07,1e-07,1e-07,1e-07,1e-07,1e-07,1e-07,1e-07,1e-07,1e-07,1e-07,0.9999999,1e-07,1e-07,1e-07
2022-08-19 14:21:25,1e-07,1e-07,1e-07,1e-07,1e-07,1e-07,1e-07,1e-07,1e-07,1e-07,1e-07,1e-07,1e-07,1e-07,1e-07,1e-07,1e-07,1e-07,1e-07,1e-07,1e-07,1e-07,1e-07,1e-07,1e-07,1e-07,1e-07,1e-07,1e-07,1e-07,1e-07,1e-07,1e-07,1e-07,1e-07,0.9999999,1e-07,1e-07,1e-07
2022-08-19 14:21:26,1e-07,1e-07,1e-07,1e-07,1e-07,1e-07,1e-07,1e-07,1e-07,1e-07,1e-07,1e-07,1e-07,1e-07,1e-07,1e-07,1e-07,1e-07,1e-07,1e-07,1e-07,1e-07,1e-07,1e-07,1e-07,1e-07,1e-07,1e-07,1e-07,1e-07,1e-07,1e-07,1e-07,1e-07,1e-07,0.9999999,1e-07,1e-07,1e-07
2022-08-19 14:21:27,1e-07,1e-07,1e-07,1e-07,1e-07,1e-07,1e-07,1e-07,1e-07,1e-07,1e-07,1e-07,1e-07,1e-07,1e-07,1e-07,1e-07,1e-07,1e-07,1e-07,1e-07,1e-07,1e-07,1e-07,1e-07,1e-07,1e-07,1e-07,1e-07,1e-07,1e-07,1e-07,1e-07,1e-07,1e-07,0.9999999,1e-07,1e-07,1e-07
2022-08-19 14:21:28,1e-07,1e-07,1e-07,1e-07,1e-07,1e-07,1e-07,1e-07,1e-07,1e-07,1e-07,1e-07,1e-07,1e-07,1e-07,1e-07,1e-07,1e-07,1e-07,1e-07,1e-07,1e-07,1e-07,1e-07,1e-07,1e-07,1e-07,1e-07,1e-07,1e-07,1e-07,1e-07,1e-07,1e-07,1e-07,0.9999999,1e-07,1e-07,1e-07
2022-08-19 14:21:29,1e-07,1e-07,1e-07,1e-07,1e-07,1e-07,1e-07,1e-07,1e-07,1e-07,1e-07,1e-07,1e-07,1e-07,1e-07,1e-07,1e-07,1e-07,1e-07,1e-07,1e-07,1e-07,1e-07,1e-07,1e-07,1e-07,1e-07,1e-07,1e-07,1e-07,1e-07,1e-07,1e-07,1e-07,1e-07,0.9999999,1e-07,1e-07,1e-07
2022-08-19 14:21:30,1e-07,1e-07,1e-07,1e-07,1e-07,1e-07,1e-07,1e-07,1e-07,1e-07,1e-07,1e-07,1e-07,1e-07,1e-07,1e-07,1e-07,1e-07,1e-07,1e-07,1e-07,1e-07,1e-07,1e-07,1e-07,1e-07,1e-07,1e-07,1e-07,1e-07,1e-07,1e-07,1e-07,1e-07,1e-07,0.9999999,1e-07,1e-07,1e-07
2022-08-19 14:21:31,1e-07,1e-07,1e-07,1e-07,1e-07,1e-07,1e-07,1e-07,1e-07,1e-07,1e-07,1e-07,1e-07,1e-07,1e-07,1e-07,1e-07,1e-07,1e-07,1e-07,1e-07,1e-07,1e-07,1e-07,1e-07,1e-07,1e-07,1e-07,1e-07,1e-07,1e-07,1e-07,1e-07,1e-07,1e-07,0.9999999,1e-07,1e-07,1e-07
2022-08-19 14:21:32,1e-07,1e-07,1e-07,1e-07,1e-07,1e-07,1e-07,1e-07,1e-07,1e-07,1e-07,1e-07,1e-07,1e-07,1e-07,1e-07,1e-07,1e-07,1e-07,1e-07,1e-07,1e-07,1e-07,1e-07,1e-07,1e-07,1e-07,1e-07,1e-07,1e-07,1e-07,1e-07,1e-07,1e-07,1e-07,0.9999999,1e-07,1e-07,1e-07
2022-08-19 14:21:33,1e-07,1e-07,1e-07,1e-07,1e-07,1e-07,1e-07,1e-07,1e-07,1e-07,1e-07,1e-07,1e-07,1e-07,1e-07,1e-07,1e-07,1e-07,1e-07,1e-07,1e-07,1e-07,1e-07,1e-07,1e-07,1e-07,1e-07,1e-07,1e-07,1e-07,1e-07,1e-07,1e-07,1e-07,1e-07,0.9999999,1e-07,1e-07,1e-07
2022-08-19 14:21:34,1e-07,1e-07,1e-07,1e-07,1e-07,1e-07,1e-07,1e-07,1e-07,1e-07,1e-07,1e-07,1e-07,1e-07,1e-07,1e-07,1e-07,1e-07,1e-07,1e-07,1e-07,1e-07,1e-07,1e-07,1e-07,1e-07,1e-07,1e-07,1e-07,1e-07,1e-07,1e-07,1e-07,1e-07,1e-07,0.9999999,1e-07,1e-07,1e-07
2022-08-19 14:21:35,1e-07,1e-07,1e-07,1e-07,1e-07,1e-07,1e-07,1e-07,1e-07,1e-07,1e-07,1e-07,1e-07,1e-07,1e-07,1e-07,1e-07,1e-07,1e-07,1e-07,1e-07,1e-07,1e-07,1e-07,1e-07,1e-07,1e-07,1e-07,1e-07,1e-07,1e-07,1e-07,1e-07,1e-07,1e-07,0.9999999,1e-07,1e-07,1e-07
2022-08-19 14:21:36,1e-07,1e-07,1e-07,1e-07,1e-07,1e-07,1e-07,1e-07,1e-07,1e-07,1e-07,1e-07,1e-07,1e-07,1e-07,1e-07,1e-07,1e-07,1e-07,1e-07,1e-07,1e-07,1e-07,1e-07,1e-07,1e-07,1e-07,1e-07,1e-07,1e-07,1e-07,1e-07,1e-07,1e-07,1e-07,0.9999999,1e-07,1e-07,1e-07
2022-08-19 14:21:37,1e-07,1e-07,1e-07,1e-07,1e-07,1e-07,1e-07,1e-07,1e-07,1e-07,1e-07,1e-07,1e-07,1e-07,1e-07,1e-07,1e-07,1e-07,1e-07,1e-07,1e-07,1e-07,1e-07,1e-07,1e-07,1e-07,1e-07,1e-07,1e-07,1e-07,1e-07,1e-07,1e-07,1e-07,1e-07,0.9999999,1e-07,1e-07,1e-07
2022-08-19 14:21:38,1e-07,1e-07,1e-07,1e-07,1e-07,1e-07,1e-07,1e-07,1e-07,1e-07,1e-07,1e-07,1e-07,1e-07,1e-07,1e-07,1e-07,1e-07,1e-07,1e-07,1e-07,1e-07,1e-07,1e-07,1e-07,1e-07,1e-07,1e-07,1e-07,1e-07,1e-07,1e-07,1e-07,1e-07,1e-07,0.9999999,1e-07,1e-07,1e-07
2022-08-19 14:21:39,1e-07,1e-07,1e-07,1e-07,1e-07,1e-07,1e-07,1e-07,1e-07,1e-07,1e-07,1e-07,1e-07,1e-07,1e-07,1e-07,1e-07,1e-07,1e-07,1e-07,1e-07,1e-07,1e-07,1e-07,1e-07,1e-07,1e-07,1e-07,1e-07,1e-07,1e-07,1e-07,1e-07,1e-07,1e-07,0.9999999,1e-07,1e-07,1e-07
2022-08-19 14:21:40,1e-07,1e-07,1e-07,1e-07,1e-07,1e-07,1e-07,1e-07,1e-07,1e-07,1e-07,1e-07,1e-07,1e-07,1e-07,1e-07,1e-07,1e-07,1e-07,1e-07,1e-07,1e-07,1e-07,1e-07,1e-07,1e-07,1e-07,1e-07,1e-07,1e-07,1e-07,1e-07,1e-07,1e-07,1e-07,0.9999999,1e-07,1e-07,1e-07
2022-08-19 14:21:41,1e-07,1e-07,1e-07,1e-07,1e-07,1e-07,1e-07,1e-07,1e-07,1e-07,1e-07,1e-07,1e-07,1e-07,1e-07,1e-07,1e-07,1e-07,1e-07,1e-07,1e-07,1e-07,1e-07,1e-07,1e-07,1e-07,1e-07,1e-07,1e-07,1e-07,1e-07,1e-07,1e-07,1e-07,1e-07,0.9999999,1e-07,1e-07,1e-07
2022-08-19 14:21:42,1e-07,1e-07,1e-07,1e-07,1e-07,1e-07,1e-07,1e-07,1e-07,1e-07,1e-07,1e-07,1e-07,1e-07,1e-07,1e-07,1e-07,1e-07,1e-07,1e-07,1e-07,1e-07,1e-07,1e-07,1e-07,1e-07,1e-07,1e-07,1e-07,1e-07,1e-07,1e-07,1e-07,1e-07,1e-07,0.9999999,1e-07,1e-07,1e-07
2022-08-19 14:21:43,1e-07,1e-07,1e-07,1e-07,1e-07,1e-07,1e-07,1e-07,1e-07,1e-07,1e-07,1e-07,1e-07,1e-07,1e-07,1e-07,1e-07,1e-07,1e-07,1e-07,1e-07,1e-07,1e-07,1e-07,1e-07,1e-07,1e-07,1e-07,1e-07,1e-07,1e-07,1e-07,1e-07,1e-07,1e-07,0.9999999,1e-07,1e-07,1e-07
2022-08-19 14:21:44,1e-07,1e-07,1e-07,1e-07,1e-07,1e-07,1e-07,1e-07,1e-07,1e-07,1e-07,1e-07,1e-07,1e-07,1e-07,1e-07,1e-07,1e-07,1e-07,1e-07,1e-07,1e-07,1e-07,1e-07,1e-07,1e-07,1e-07,1e-07,1e-07,1e-07,1e-07,1e-07,1e-07,1e-07,1e-07,0.9999999,1e-07,1e-07,1e-07
2022-08-19 14:21:45,1e-07,1e-07,1e-07,1e-07,1e-07,1e-07,1e-07,1e-07,1e-07,1e-07,1e-07,1e-07,1e-07,1e-07,1e-07,1e-07,1e-07,1e-07,1e-07,1e-07,1e-07,1e-07,1e-07,1e-07,1e-07,1e-07,1e-07,1e-07,1e-07,1e-07,1e-07,1e-07,1e-07,1e-07,1e-07,0.9999999,1e-07,1e-07,1e-07
2022-08-19 14:21:46,1e-07,1e-07,1e-07,1e-07,1e-07,1e-07,1e-07,1e-07,1e-07,1e-07,1e-07,1e-07,1e-07,1e-07,1e-07,1e-07,1e-07,1e-07,1e-07,1e-07,1e-07,1e-07,1e-07,1e-07,1e-07,1e-07,1e-07,1e-07,1e-07,1e-07,1e-07,1e-07,1e-07,1e-07,1e-07,0.9999999,1e-07,1e-07,1e-07
2022-08-19 14:21:47,1e-07,1e-07,1e-07,1e-07,1e-07,1e-07,1e-07,1e-07,1e-07,1e-07,1e-07,1e-07,1e-07,1e-07,1e-07,1e-07,1e-07,1e-07,1e-07,1e-07,1e-07,1e-07,1e-07,1e-07,1e-07,1e-07,1e-07,1e-07,1e-07,1e-07,1e-07,1e-07,1e-07,1e-07,1e-07,0.9999999,1e-07,1e-07,1e-07
2022-08-19 14:21:48,1e-07,1e-07,1e-07,1e-07,1e-07,1e-07,1e-07,1e-07,1e-07,1e-07,1e-07,1e-07,1e-07,1e-07,1e-07,1e-07,1e-07,1e-07,1e-07,1e-07,1e-07,1e-07,1e-07,1e-07,1e-07,1e-07,1e-07,1e-07,1e-07,1e-07,1e-07,1e-07,1e-07,1e-07,1e-07,0.9999999,1e-07,1e-07,1e-07
2022-08-19 14:21:49,1e-07,1e-07,1e-07,1e-07,1e-07,1e-07,1e-07,1e-07,1e-07,1e-07,1e-07,1e-07,1e-07,1e-07,1e-07,1e-07,1e-07,1e-07,1e-07,1e-07,1e-07,1e-07,1e-07,1e-07,1e-07,1e-07,1e-07,1e-07,1e-07,1e-07,1e-07,1e-07,1e-07,1e-07,1e-07,0.9999999,1e-07,1e-07,1e-07
2022-08-19 14:21:50,1e-07,1e-07,1e-07,1e-07,1e-07,1e-07,1e-07,1e-07,1e-07,1e-07,1e-07,1e-07,1e-07,1e-07,1e-07,1e-07,1e-07,1e-07,1e-07,1e-07,1e-07,1e-07,1e-07,1e-07,1e-07,1e-07,1e-07,1e-07,1e-07,1e-07,1e-07,1e-07,1e-07,1e-07,1e-07,0.9999999,1e-07,1e-07,1e-07
2022-08-19 14:21:51,1e-07,1e-07,1e-07,1e-07,1e-07,1e-07,1e-07,1e-07,1e-07,1e-07,1e-07,1e-07,1e-07,1e-07,1e-07,1e-07,1e-07,1e-07,1e-07,1e-07,1e-07,1e-07,1e-07,1e-07,1e-07,1e-07,1e-07,1e-07,1e-07,1e-07,1e-07,1e-07,1e-07,1e-07,1e-07,0.9999999,1e-07,1e-07,1e-07
2022-08-19 14:21:52,1e-07,1e-07,1e-07,1e-07,1e-07,1e-07,1e-07,1e-07,1e-07,1e-07,1e-07,1e-07,1e-07,1e-07,1e-07,1e-07,1e-07,1e-07,1e-07,1e-07,1e-07,1e-07,1e-07,1e-07,1e-07,1e-07,1e-07,1e-07,1e-07,1e-07,1e-07,1e-07,1e-07,1e-07,1e-07,0.9999999,1e-07,1e-07,1e-07
2022-08-19 14:21:53,1e-07,1e-07,1e-07,1e-07,1e-07,1e-07,1e-07,1e-07,1e-07,1e-07,1e-07,1e-07,1e-07,1e-07,1e-07,1e-07,1e-07,1e-07,1e-07,1e-07,1e-07,1e-07,1e-07,1e-07,1e-07,1e-07,1e-07,1e-07,1e-07,1e-07,1e-07,1e-07,1e-07,1e-07,1e-07,0.9999999,1e-07,1e-07,1e-07
2022-08-19 14:21:54,1e-07,1e-07,1e-07,1e-07,1e-07,1e-07,1e-07,1e-07,1e-07,1e-07,1e-07,1e-07,1e-07,1e-07,1e-07,1e-07,1e-07,1e-07,1e-07,1e-07,1e-07,1e-07,1e-07,1e-07,1e-07,1e-07,1e-07,1e-07,1e-07,1e-07,1e-07,1e-07,1e-07,1e-07,1e-07,0.9999999,1e-07,1e-07,1e-07
2022-08-19 14:21:55,1e-07,1e-07,1e-07,1e-07,1e-07,1e-07,1e-07,1e-07,1e-07,1e-07,1e-07,1e-07,1e-07,1e-07,1e-07,1e-07,1e-07,1e-07,1e-07,1e-07,1e-07,1e-07,1e-07,1e-07,1e-07,1e-07,1e-07,1e-07,1e-07,1e-07,1e-07,1e-07,1e-07,1e-07,1e-07,0.9999999,1e-07,1e-07,1e-07
2022-08-19 14:21:56,1e-07,1e-07,1e-07,1e-07,1e-07,1e-07,1e-07,1e-07,1e-07,1e-07,1e-07,1e-07,1e-07,1e-07,1e-07,1e-07,1e-07,1e-07,1e-07,1e-07,1e-07,1e-07,1e-07,1e-07,1e-07,1e-07,1e-07,1e-07,1e-07,1e-07,1e-07,1e-07,1e-07,1e-07,1e-07,0.9999999,1e-07,1e-07,1e-07
2022-08-19 14:21:57,1e-07,1e-07,1e-07,1e-07,1e-07,1e-07,1e-07,1e-07,1e-07,1e-07,1e-07,1e-07,1e-07,1e-07,1e-07,1e-07,1e-07,1e-07,1e-07,1e-07,1e-07,1e-07,1e-07,1e-07,1e-07,1e-07,1e-07,1e-07,1e-07,1e-07,1e-07,1e-07,1e-07,1e-07,1e-07,0.9999999,1e-07,1e-07,1e-07
2022-08-19 14:21:58,1e-07,1e-07,1e-07,1e-07,1e-07,1e-07,1e-07,1e-07,1e-07,1e-07,1e-07,1e-07,1e-07,1e-07,1e-07,1e-07,1e-07,1e-07,1e-07,1e-07,1e-07,1e-07,1e-07,1e-07,1e-07,1e-07,1e-07,1e-07,1e-07,1e-07,1e-07,1e-07,1e-07,1e-07,1e-07,0.9999999,1e-07,1e-07,1e-07
2022-08-19 14:21:59,1e-07,1e-07,1e-07,1e-07,1e-07,1e-07,1e-07,1e-07,1e-07,1e-07,1e-07,1e-07,1e-07,1e-07,1e-07,1e-07,1e-07,1e-07,1e-07,1e-07,1e-07,1e-07,1e-07,1e-07,1e-07,1e-07,1e-07,1e-07,1e-07,1e-07,1e-07,1e-07,1e-07,1e-07,1e-07,0.9999999,1e-07,1e-07,1e-07
2022-08-19 14:53:00,1e-07,1e-07,1e-07,1e-07,1e-07,1e-07,1e-07,1e-07,1e-07,1e-07,1e-07,1e-07,1e-07,1e-07,1e-07,1e-07,1e-07,1e-07,1e-07,1e-07,1e-07,1e-07,1e-07,1e-07,1e-07,1e-07,1e-07,1e-07,1e-07,1e-07,1e-07,1e-07,1e-07,1e-07,1e-07,1e-07,0.9999999,1e-07,1e-07
2022-08-19 14:53:01,1e-07,1e-07,1e-07,1e-07,1e-07,1e-07,1e-07,1e-07,1e-07,1e-07,1e-07,1e-07,1e-07,1e-07,1e-07,1e-07,1e-07,1e-07,1e-07,1e-07,1e-07,1e-07,1e-07,1e-07,1e-07,1e-07,1e-07,1e-07,1e-07,1e-07,1e-07,1e-07,1e-07,1e-07,1e-07,1e-07,0.9999999,1e-07,1e-07
2022-08-19 14:53:02,1e-07,1e-07,1e-07,1e-07,1e-07,1e-07,1e-07,1e-07,1e-07,1e-07,1e-07,1e-07,1e-07,1e-07,1e-07,1e-07,1e-07,1e-07,1e-07,1e-07,1e-07,1e-07,1e-07,1e-07,1e-07,1e-07,1e-07,1e-07,1e-07,1e-07,1e-07,1e-07,1e-07,1e-07,1e-07,1e-07,0.9999999,1e-07,1e-07
2022-08-19 14:53:03,1e-07,1e-07,1e-07,1e-07,1e-07,1e-07,1e-07,1e-07,1e-07,1e-07,1e-07,1e-07,1e-07,1e-07,1e-07,1e-07,1e-07,1e-07,1e-07,1e-07,1e-07,1e-07,1e-07,1e-07,1e-07,1e-07,1e-07,1e-07,1e-07,1e-07,1e-07,1e-07,1e-07,1e-07,1e-07,1e-07,0.9999999,1e-07,1e-07
2022-08-19 14:53:04,1e-07,1e-07,1e-07,1e-07,1e-07,1e-07,1e-07,1e-07,1e-07,1e-07,1e-07,1e-07,1e-07,1e-07,1e-07,1e-07,1e-07,1e-07,1e-07,1e-07,1e-07,1e-07,1e-07,1e-07,1e-07,1e-07,1e-07,1e-07,1e-07,1e-07,1e-07,1e-07,1e-07,1e-07,1e-07,1e-07,0.9999999,1e-07,1e-07
2022-08-19 14:53:05,1e-07,1e-07,1e-07,1e-07,1e-07,1e-07,1e-07,1e-07,1e-07,1e-07,1e-07,1e-07,1e-07,1e-07,1e-07,1e-07,1e-07,1e-07,1e-07,1e-07,1e-07,1e-07,1e-07,1e-07,1e-07,1e-07,1e-07,1e-07,1e-07,1e-07,1e-07,1e-07,1e-07,1e-07,1e-07,1e-07,0.9999999,1e-07,1e-07
2022-08-19 14:53:06,1e-07,1e-07,1e-07,1e-07,1e-07,1e-07,1e-07,1e-07,1e-07,1e-07,1e-07,1e-07,1e-07,1e-07,1e-07,1e-07,1e-07,1e-07,1e-07,1e-07,1e-07,1e-07,1e-07,1e-07,1e-07,1e-07,1e-07,1e-07,1e-07,1e-07,1e-07,1e-07,1e-07,1e-07,1e-07,1e-07,0.9999999,1e-07,1e-07
2022-08-19 14:53:07,1e-07,1e-07,1e-07,1e-07,1e-07,1e-07,1e-07,1e-07,1e-07,1e-07,1e-07,1e-07,1e-07,1e-07,1e-07,1e-07,1e-07,1e-07,1e-07,1e-07,1e-07,1e-07,1e-07,1e-07,1e-07,1e-07,1e-07,1e-07,1e-07,1e-07,1e-07,1e-07,1e-07,1e-07,1e-07,1e-07,0.9999999,1e-07,1e-07
2022-08-19 14:53:08,1e-07,1e-07,1e-07,1e-07,1e-07,1e-07,1e-07,1e-07,1e-07,1e-07,1e-07,1e-07,1e-07,1e-07,1e-07,1e-07,1e-07,1e-07,1e-07,1e-07,1e-07,1e-07,1e-07,1e-07,1e-07,1e-07,1e-07,1e-07,1e-07,1e-07,1e-07,1e-07,1e-07,1e-07,1e-07,1e-07,0.9999999,1e-07,1e-07
2022-08-19 14:53:09,1e-07,1e-07,1e-07,1e-07,1e-07,1e-07,1e-07,1e-07,1e-07,1e-07,1e-07,1e-07,1e-07,1e-07,1e-07,1e-07,1e-07,1e-07,1e-07,1e-07,1e-07,1e-07,1e-07,1e-07,1e-07,1e-07,1e-07,1e-07,1e-07,1e-07,1e-07,1e-07,1e-07,1e-07,1e-07,1e-07,0.9999999,1e-07,1e-07
2022-08-19 14:53:10,1e-07,1e-07,1e-07,1e-07,1e-07,1e-07,1e-07,1e-07,1e-07,1e-07,1e-07,1e-07,1e-07,1e-07,1e-07,1e-07,1e-07,1e-07,1e-07,1e-07,1e-07,1e-07,1e-07,1e-07,1e-07,1e-07,1e-07,1e-07,1e-07,1e-07,1e-07,1e-07,1e-07,1e-07,1e-07,1e-07,0.9999999,1e-07,1e-07
2022-08-19 14:53:11,1e-07,1e-07,1e-07,1e-07,1e-07,1e-07,1e-07,1e-07,1e-07,1e-07,1e-07,1e-07,1e-07,1e-07,1e-07,1e-07,1e-07,1e-07,1e-07,1e-07,1e-07,1e-07,1e-07,1e-07,1e-07,1e-07,1e-07,1e-07,1e-07,1e-07,1e-07,1e-07,1e-07,1e-07,1e-07,1e-07,0.9999999,1e-07,1e-07
2022-08-19 14:53:12,1e-07,1e-07,1e-07,1e-07,1e-07,1e-07,1e-07,1e-07,1e-07,1e-07,1e-07,1e-07,1e-07,1e-07,1e-07,1e-07,1e-07,1e-07,1e-07,1e-07,1e-07,1e-07,1e-07,1e-07,1e-07,1e-07,1e-07,1e-07,1e-07,1e-07,1e-07,1e-07,1e-07,1e-07,1e-07,1e-07,0.9999999,1e-07,1e-07
2022-08-19 14:53:13,1e-07,1e-07,1e-07,1e-07,1e-07,1e-07,1e-07,1e-07,1e-07,1e-07,1e-07,1e-07,1e-07,1e-07,1e-07,1e-07,1e-07,1e-07,1e-07,1e-07,1e-07,1e-07,1e-07,1e-07,1e-07,1e-07,1e-07,1e-07,1e-07,1e-07,1e-07,1e-07,1e-07,1e-07,1e-07,1e-07,0.9999999,1e-07,1e-07
2022-08-19 14:53:14,1e-07,1e-07,1e-07,1e-07,1e-07,1e-07,1e-07,1e-07,1e-07,1e-07,1e-07,1e-07,1e-07,1e-07,1e-07,1e-07,1e-07,1e-07,1e-07,1e-07,1e-07,1e-07,1e-07,1e-07,1e-07,1e-07,1e-07,1e-07,1e-07,1e-07,1e-07,1e-07,1e-07,1e-07,1e-07,1e-07,0.9999999,1e-07,1e-07
2022-08-19 14:53:15,1e-07,1e-07,1e-07,1e-07,1e-07,1e-07,1e-07,1e-07,1e-07,1e-07,1e-07,1e-07,1e-07,1e-07,1e-07,1e-07,1e-07,1e-07,1e-07,1e-07,1e-07,1e-07,1e-07,1e-07,1e-07,1e-07,1e-07,1e-07,1e-07,1e-07,1e-07,1e-07,1e-07,1e-07,1e-07,1e-07,0.9999999,1e-07,1e-07
2022-08-19 14:53:16,1e-07,1e-07,1e-07,1e-07,1e-07,1e-07,1e-07,1e-07,1e-07,1e-07,1e-07,1e-07,1e-07,1e-07,1e-07,1e-07,1e-07,1e-07,1e-07,1e-07,1e-07,1e-07,1e-07,1e-07,1e-07,1e-07,1e-07,1e-07,1e-07,1e-07,1e-07,1e-07,1e-07,1e-07,1e-07,1e-07,0.9999999,1e-07,1e-07
2022-08-19 14:53:17,1e-07,1e-07,1e-07,1e-07,1e-07,1e-07,1e-07,1e-07,1e-07,1e-07,1e-07,1e-07,1e-07,1e-07,1e-07,1e-07,1e-07,1e-07,1e-07,1e-07,1e-07,1e-07,1e-07,1e-07,1e-07,1e-07,1e-07,1e-07,1e-07,1e-07,1e-07,1e-07,1e-07,1e-07,1e-07,1e-07,0.9999999,1e-07,1e-07
2022-08-19 14:53:18,1e-07,1e-07,1e-07,1e-07,1e-07,1e-07,1e-07,1e-07,1e-07,1e-07,1e-07,1e-07,1e-07,1e-07,1e-07,1e-07,1e-07,1e-07,1e-07,1e-07,1e-07,1e-07,1e-07,1e-07,1e-07,1e-07,1e-07,1e-07,1e-07,1e-07,1e-07,1e-07,1e-07,1e-07,1e-07,1e-07,0.9999999,1e-07,1e-07
2022-08-19 14:53:19,1e-07,1e-07,1e-07,1e-07,1e-07,1e-07,1e-07,1e-07,1e-07,1e-07,1e-07,1e-07,1e-07,1e-07,1e-07,1e-07,1e-07,1e-07,1e-07,1e-07,1e-07,1e-07,1e-07,1e-07,1e-07,1e-07,1e-07,1e-07,1e-07,1e-07,1e-07,1e-07,1e-07,1e-07,1e-07,1e-07,0.9999999,1e-07,1e-07
2022-08-19 14:53:20,1e-07,1e-07,1e-07,1e-07,1e-07,1e-07,1e-07,1e-07,1e-07,1e-07,1e-07,1e-07,1e-07,1e-07,1e-07,1e-07,1e-07,1e-07,1e-07,1e-07,1e-07,1e-07,1e-07,1e-07,1e-07,1e-07,1e-07,1e-07,1e-07,1e-07,1e-07,1e-07,1e-07,1e-07,1e-07,1e-07,0.9999999,1e-07,1e-07
2022-08-19 14:53:21,1e-07,1e-07,1e-07,1e-07,1e-07,1e-07,1e-07,1e-07,1e-07,1e-07,1e-07,1e-07,1e-07,1e-07,1e-07,1e-07,1e-07,1e-07,1e-07,1e-07,1e-07,1e-07,1e-07,1e-07,1e-07,1e-07,1e-07,1e-07,1e-07,1e-07,1e-07,1e-07,1e-07,1e-07,1e-07,1e-07,0.9999999,1e-07,1e-07
2022-08-19 14:53:22,1e-07,1e-07,1e-07,1e-07,1e-07,1e-07,1e-07,1e-07,1e-07,1e-07,1e-07,1e-07,1e-07,1e-07,1e-07,1e-07,1e-07,1e-07,1e-07,1e-07,1e-07,1e-07,1e-07,1e-07,1e-07,1e-07,1e-07,1e-07,1e-07,1e-07,1e-07,1e-07,1e-07,1e-07,1e-07,1e-07,0.9999999,1e-07,1e-07
2022-08-19 14:53:23,1e-07,1e-07,1e-07,1e-07,1e-07,1e-07,1e-07,1e-07,1e-07,1e-07,1e-07,1e-07,1e-07,1e-07,1e-07,1e-07,1e-07,1e-07,1e-07,1e-07,1e-07,1e-07,1e-07,1e-07,1e-07,1e-07,1e-07,1e-07,1e-07,1e-07,1e-07,1e-07,1e-07,1e-07,1e-07,1e-07,0.9999999,1e-07,1e-07
2022-08-19 14:53:24,1e-07,1e-07,1e-07,1e-07,1e-07,1e-07,1e-07,1e-07,1e-07,1e-07,1e-07,1e-07,1e-07,1e-07,1e-07,1e-07,1e-07,1e-07,1e-07,1e-07,1e-07,1e-07,1e-07,1e-07,1e-07,1e-07,1e-07,1e-07,1e-07,1e-07,1e-07,1e-07,1e-07,1e-07,1e-07,1e-07,0.9999999,1e-07,1e-07
2022-08-19 14:53:25,1e-07,1e-07,1e-07,1e-07,1e-07,1e-07,1e-07,1e-07,1e-07,1e-07,1e-07,1e-07,1e-07,1e-07,1e-07,1e-07,1e-07,1e-07,1e-07,1e-07,1e-07,1e-07,1e-07,1e-07,1e-07,1e-07,1e-07,1e-07,1e-07,1e-07,1e-07,1e-07,1e-07,1e-07,1e-07,1e-07,0.9999999,1e-07,1e-07
2022-08-19 14:53:26,1e-07,1e-07,1e-07,1e-07,1e-07,1e-07,1e-07,1e-07,1e-07,1e-07,1e-07,1e-07,1e-07,1e-07,1e-07,1e-07,1e-07,1e-07,1e-07,1e-07,1e-07,1e-07,1e-07,1e-07,1e-07,1e-07,1e-07,1e-07,1e-07,1e-07,1e-07,1e-07,1e-07,1e-07,1e-07,1e-07,0.9999999,1e-07,1e-07
2022-08-19 14:53:27,1e-07,1e-07,1e-07,1e-07,1e-07,1e-07,1e-07,1e-07,1e-07,1e-07,1e-07,1e-07,1e-07,1e-07,1e-07,1e-07,1e-07,1e-07,1e-07,1e-07,1e-07,1e-07,1e-07,1e-07,1e-07,1e-07,1e-07,1e-07,1e-07,1e-07,1e-07,1e-07,1e-07,1e-07,1e-07,1e-07,0.9999999,1e-07,1e-07
2022-08-19 14:53:28,1e-07,1e-07,1e-07,1e-07,1e-07,1e-07,1e-07,1e-07,1e-07,1e-07,1e-07,1e-07,1e-07,1e-07,1e-07,1e-07,1e-07,1e-07,1e-07,1e-07,1e-07,1e-07,1e-07,1e-07,1e-07,1e-07,1e-07,1e-07,1e-07,1e-07,1e-07,1e-07,1e-07,1e-07,1e-07,1e-07,0.9999999,1e-07,1e-07
2022-08-19 14:53:29,1e-07,1e-07,1e-07,1e-07,1e-07,1e-07,1e-07,1e-07,1e-07,1e-07,1e-07,1e-07,1e-07,1e-07,1e-07,1e-07,1e-07,1e-07,1e-07,1e-07,1e-07,1e-07,1e-07,1e-07,1e-07,1e-07,1e-07,1e-07,1e-07,1e-07,1e-07,1e-07,1e-07,1e-07,1e-07,1e-07,0.9999999,1e-07,1e-07
2022-08-19 14:53:30,1e-07,1e-07,1e-07,1e-07,1e-07,1e-07,1e-07,1e-07,1e-07,1e-07,1e-07,1e-07,1e-07,1e-07,1e-07,1e-07,1e-07,1e-07,1e-07,1e-07,1e-07,1e-07,1e-07,1e-07,1e-07,1e-07,1e-07,1e-07,1e-07,1e-07,1e-07,1e-07,1e-07,1e-07,1e-07,1e-07,0.9999999,1e-07,1e-07
2022-08-19 14:53:31,1e-07,1e-07,1e-07,1e-07,1e-07,1e-07,1e-07,1e-07,1e-07,1e-07,1e-07,1e-07,1e-07,1e-07,1e-07,1e-07,1e-07,1e-07,1e-07,1e-07,1e-07,1e-07,1e-07,1e-07,1e-07,1e-07,1e-07,1e-07,1e-07,1e-07,1e-07,1e-07,1e-07,1e-07,1e-07,1e-07,0.9999999,1e-07,1e-07
2022-08-19 14:53:32,1e-07,1e-07,1e-07,1e-07,1e-07,1e-07,1e-07,1e-07,1e-07,1e-07,1e-07,1e-07,1e-07,1e-07,1e-07,1e-07,1e-07,1e-07,1e-07,1e-07,1e-07,1e-07,1e-07,1e-07,1e-07,1e-07,1e-07,1e-07,1e-07,1e-07,1e-07,1e-07,1e-07,1e-07,1e-07,1e-07,0.9999999,1e-07,1e-07
2022-08-19 14:53:33,1e-07,1e-07,1e-07,1e-07,1e-07,1e-07,1e-07,1e-07,1e-07,1e-07,1e-07,1e-07,1e-07,1e-07,1e-07,1e-07,1e-07,1e-07,1e-07,1e-07,1e-07,1e-07,1e-07,1e-07,1e-07,1e-07,1e-07,1e-07,1e-07,1e-07,1e-07,1e-07,1e-07,1e-07,1e-07,1e-07,0.9999999,1e-07,1e-07
2022-08-19 14:53:34,1e-07,1e-07,1e-07,1e-07,1e-07,1e-07,1e-07,1e-07,1e-07,1e-07,1e-07,1e-07,1e-07,1e-07,1e-07,1e-07,1e-07,1e-07,1e-07,1e-07,1e-07,1e-07,1e-07,1e-07,1e-07,1e-07,1e-07,1e-07,1e-07,1e-07,1e-07,1e-07,1e-07,1e-07,1e-07,1e-07,0.9999999,1e-07,1e-07
2022-08-19 14:53:35,1e-07,1e-07,1e-07,1e-07,1e-07,1e-07,1e-07,1e-07,1e-07,1e-07,1e-07,1e-07,1e-07,1e-07,1e-07,1e-07,1e-07,1e-07,1e-07,1e-07,1e-07,1e-07,1e-07,1e-07,1e-07,1e-07,1e-07,1e-07,1e-07,1e-07,1e-07,1e-07,1e-07,1e-07,1e-07,1e-07,0.9999999,1e-07,1e-07
2022-08-19 14:53:36,1e-07,1e-07,1e-07,1e-07,1e-07,1e-07,1e-07,1e-07,1e-07,1e-07,1e-07,1e-07,1e-07,1e-07,1e-07,1e-07,1e-07,1e-07,1e-07,1e-07,1e-07,1e-07,1e-07,1e-07,1e-07,1e-07,1e-07,1e-07,1e-07,1e-07,1e-07,1e-07,1e-07,1e-07,1e-07,1e-07,0.9999999,1e-07,1e-07
2022-08-19 14:53:37,1e-07,1e-07,1e-07,1e-07,1e-07,1e-07,1e-07,1e-07,1e-07,1e-07,1e-07,1e-07,1e-07,1e-07,1e-07,1e-07,1e-07,1e-07,1e-07,1e-07,1e-07,1e-07,1e-07,1e-07,1e-07,1e-07,1e-07,1e-07,1e-07,1e-07,1e-07,1e-07,1e-07,1e-07,1e-07,1e-07,0.9999999,1e-07,1e-07
2022-08-19 14:53:38,1e-07,1e-07,1e-07,1e-07,1e-07,1e-07,1e-07,1e-07,1e-07,1e-07,1e-07,1e-07,1e-07,1e-07,1e-07,1e-07,1e-07,1e-07,1e-07,1e-07,1e-07,1e-07,1e-07,1e-07,1e-07,1e-07,1e-07,1e-07,1e-07,1e-07,1e-07,1e-07,1e-07,1e-07,1e-07,1e-07,0.9999999,1e-07,1e-07
2022-08-19 14:53:39,1e-07,1e-07,1e-07,1e-07,1e-07,1e-07,1e-07,1e-07,1e-07,1e-07,1e-07,1e-07,1e-07,1e-07,1e-07,1e-07,1e-07,1e-07,1e-07,1e-07,1e-07,1e-07,1e-07,1e-07,1e-07,1e-07,1e-07,1e-07,1e-07,1e-07,1e-07,1e-07,1e-07,1e-07,1e-07,1e-07,0.9999999,1e-07,1e-07
2022-08-19 14:53:40,1e-07,1e-07,1e-07,1e-07,1e-07,1e-07,1e-07,1e-07,1e-07,1e-07,1e-07,1e-07,1e-07,1e-07,1e-07,1e-07,1e-07,1e-07,1e-07,1e-07,1e-07,1e-07,1e-07,1e-07,1e-07,1e-07,1e-07,1e-07,1e-07,1e-07,1e-07,1e-07,1e-07,1e-07,1e-07,1e-07,0.9999999,1e-07,1e-07
2022-08-19 14:53:41,1e-07,1e-07,1e-07,1e-07,1e-07,1e-07,1e-07,1e-07,1e-07,1e-07,1e-07,1e-07,1e-07,1e-07,1e-07,1e-07,1e-07,1e-07,1e-07,1e-07,1e-07,1e-07,1e-07,1e-07,1e-07,1e-07,1e-07,1e-07,1e-07,1e-07,1e-07,1e-07,1e-07,1e-07,1e-07,1e-07,0.9999999,1e-07,1e-07
2022-08-19 14:53:42,1e-07,1e-07,1e-07,1e-07,1e-07,1e-07,1e-07,1e-07,1e-07,1e-07,1e-07,1e-07,1e-07,1e-07,1e-07,1e-07,1e-07,1e-07,1e-07,1e-07,1e-07,1e-07,1e-07,1e-07,1e-07,1e-07,1e-07,1e-07,1e-07,1e-07,1e-07,1e-07,1e-07,1e-07,1e-07,1e-07,0.9999999,1e-07,1e-07
2022-08-19 14:53:43,1e-07,1e-07,1e-07,1e-07,1e-07,1e-07,1e-07,1e-07,1e-07,1e-07,1e-07,1e-07,1e-07,1e-07,1e-07,1e-07,1e-07,1e-07,1e-07,1e-07,1e-07,1e-07,1e-07,1e-07,1e-07,1e-07,1e-07,1e-07,1e-07,1e-07,1e-07,1e-07,1e-07,1e-07,1e-07,1e-07,0.9999999,1e-07,1e-07
2022-08-19 14:53:44,1e-07,1e-07,1e-07,1e-07,1e-07,1e-07,1e-07,1e-07,1e-07,1e-07,1e-07,1e-07,1e-07,1e-07,1e-07,1e-07,1e-07,1e-07,1e-07,1e-07,1e-07,1e-07,1e-07,1e-07,1e-07,1e-07,1e-07,1e-07,1e-07,1e-07,1e-07,1e-07,1e-07,1e-07,1e-07,1e-07,0.9999999,1e-07,1e-07
2022-08-19 14:53:45,1e-07,1e-07,1e-07,1e-07,1e-07,1e-07,1e-07,1e-07,1e-07,1e-07,1e-07,1e-07,1e-07,1e-07,1e-07,1e-07,1e-07,1e-07,1e-07,1e-07,1e-07,1e-07,1e-07,1e-07,1e-07,1e-07,1e-07,1e-07,1e-07,1e-07,1e-07,1e-07,1e-07,1e-07,1e-07,1e-07,0.9999999,1e-07,1e-07
2022-08-19 14:53:46,1e-07,1e-07,1e-07,1e-07,1e-07,1e-07,1e-07,1e-07,1e-07,1e-07,1e-07,1e-07,1e-07,1e-07,1e-07,1e-07,1e-07,1e-07,1e-07,1e-07,1e-07,1e-07,1e-07,1e-07,1e-07,1e-07,1e-07,1e-07,1e-07,1e-07,1e-07,1e-07,1e-07,1e-07,1e-07,1e-07,0.9999999,1e-07,1e-07
2022-08-19 14:53:47,1e-07,1e-07,1e-07,1e-07,1e-07,1e-07,1e-07,1e-07,1e-07,1e-07,1e-07,1e-07,1e-07,1e-07,1e-07,1e-07,1e-07,1e-07,1e-07,1e-07,1e-07,1e-07,1e-07,1e-07,1e-07,1e-07,1e-07,1e-07,1e-07,1e-07,1e-07,1e-07,1e-07,1e-07,1e-07,1e-07,0.9999999,1e-07,1e-07
2022-08-19 14:53:48,1e-07,1e-07,1e-07,1e-07,1e-07,1e-07,1e-07,1e-07,1e-07,1e-07,1e-07,1e-07,1e-07,1e-07,1e-07,1e-07,1e-07,1e-07,1e-07,1e-07,1e-07,1e-07,1e-07,1e-07,1e-07,1e-07,1e-07,1e-07,1e-07,1e-07,1e-07,1e-07,1e-07,1e-07,1e-07,1e-07,0.9999999,1e-07,1e-07
2022-08-19 14:53:49,1e-07,1e-07,1e-07,1e-07,1e-07,1e-07,1e-07,1e-07,1e-07,1e-07,1e-07,1e-07,1e-07,1e-07,1e-07,1e-07,1e-07,1e-07,1e-07,1e-07,1e-07,1e-07,1e-07,1e-07,1e-07,1e-07,1e-07,1e-07,1e-07,1e-07,1e-07,1e-07,1e-07,1e-07,1e-07,1e-07,0.9999999,1e-07,1e-07
2022-08-19 14:53:50,1e-07,1e-07,1e-07,1e-07,1e-07,1e-07,1e-07,1e-07,1e-07,1e-07,1e-07,1e-07,1e-07,1e-07,1e-07,1e-07,1e-07,1e-07,1e-07,1e-07,1e-07,1e-07,1e-07,1e-07,1e-07,1e-07,1e-07,1e-07,1e-07,1e-07,1e-07,1e-07,1e-07,1e-07,1e-07,1e-07,0.9999999,1e-07,1e-07
2022-08-19 14:53:51,1e-07,1e-07,1e-07,1e-07,1e-07,1e-07,1e-07,1e-07,1e-07,1e-07,1e-07,1e-07,1e-07,1e-07,1e-07,1e-07,1e-07,1e-07,1e-07,1e-07,1e-07,1e-07,1e-07,1e-07,1e-07,1e-07,1e-07,1e-07,1e-07,1e-07,1e-07,1e-07,1e-07,1e-07,1e-07,1e-07,0.9999999,1e-07,1e-07
2022-08-19 14:53:52,1e-07,1e-07,1e-07,1e-07,1e-07,1e-07,1e-07,1e-07,1e-07,1e-07,1e-07,1e-07,1e-07,1e-07,1e-07,1e-07,1e-07,1e-07,1e-07,1e-07,1e-07,1e-07,1e-07,1e-07,1e-07,1e-07,1e-07,1e-07,1e-07,1e-07,1e-07,1e-07,1e-07,1e-07,1e-07,1e-07,0.9999999,1e-07,1e-07
2022-08-19 14:53:53,1e-07,1e-07,1e-07,1e-07,1e-07,1e-07,1e-07,1e-07,1e-07,1e-07,1e-07,1e-07,1e-07,1e-07,1e-07,1e-07,1e-07,1e-07,1e-07,1e-07,1e-07,1e-07,1e-07,1e-07,1e-07,1e-07,1e-07,1e-07,1e-07,1e-07,1e-07,1e-07,1e-07,1e-07,1e-07,1e-07,0.9999999,1e-07,1e-07
2022-08-19 14:53:54,1e-07,1e-07,1e-07,1e-07,1e-07,1e-07,1e-07,1e-07,1e-07,1e-07,1e-07,1e-07,1e-07,1e-07,1e-07,1e-07,1e-07,1e-07,1e-07,1e-07,1e-07,1e-07,1e-07,1e-07,1e-07,1e-07,1e-07,1e-07,1e-07,1e-07,1e-07,1e-07,1e-07,1e-07,1e-07,1e-07,0.9999999,1e-07,1e-07
2022-08-19 14:53:55,1e-07,1e-07,1e-07,1e-07,1e-07,1e-07,1e-07,1e-07,1e-07,1e-07,1e-07,1e-07,1e-07,1e-07,1e-07,1e-07,1e-07,1e-07,1e-07,1e-07,1e-07,1e-07,1e-07,1e-07,1e-07,1e-07,1e-07,1e-07,1e-07,1e-07,1e-07,1e-07,1e-07,1e-07,1e-07,1e-07,0.9999999,1e-07,1e-07
2022-08-19 14:53:56,1e-07,1e-07,1e-07,1e-07,1e-07,1e-07,1e-07,1e-07,1e-07,1e-07,1e-07,1e-07,1e-07,1e-07,1e-07,1e-07,1e-07,1e-07,1e-07,1e-07,1e-07,1e-07,1e-07,1e-07,1e-07,1e-07,1e-07,1e-07,1e-07,1e-07,1e-07,1e-07,1e-07,1e-07,1e-07,1e-07,0.9999999,1e-07,1e-07
2022-08-19 14:53:57,1e-07,1e-07,1e-07,1e-07,1e-07,1e-07,1e-07,1e-07,1e-07,1e-07,1e-07,1e-07,1e-07,1e-07,1e-07,1e-07,1e-07,1e-07,1e-07,1e-07,1e-07,1e-07,1e-07,1e-07,1e-07,1e-07,1e-07,1e-07,1e-07,1e-07,1e-07,1e-07,1e-07,1e-07,1e-07,1e-07,0.9999999,1e-07,1e-07
2022-08-19 14:53:58,1e-07,1e-07,1e-07,1e-07,1e-07,1e-07,1e-07,1e-07,1e-07,1e-07,1e-07,1e-07,1e-07,1e-07,1e-07,1e-07,1e-07,1e-07,1e-07,1e-07,1e-07,1e-07,1e-07,1e-07,1e-07,1e-07,1e-07,1e-07,1e-07,1e-07,1e-07,1e-07,1e-07,1e-07,1e-07,1e-07,0.9999999,1e-07,1e-07
2022-08-19 14:53:59,1e-07,1e-07,1e-07,1e-07,1e-07,1e-07,1e-07,1e-07,1e-07,1e-07,1e-07,1e-07,1e-07,1e-07,1e-07,1e-07,1e-07,1e-07,1e-07,1e-07,1e-07,1e-07,1e-07,1e-07,1e-07,1e-07,1e-07,1e-07,1e-07,1e-07,1e-07,1e-07,1e-07,1e-07,1e-07,1e-07,0.9999999,1e-07,1e-07
2022-08-19 16:00:00,1e-07,1e-07,1e-07,1e-07,1e-07,1e-07,1e-07,1e-07,1e-07,1e-07,1e-07,1e-07,1e-07,1e-07,1e-07,1e-07,1e-07,1e-07,1e-07,1e-07,1e-07,1e-07,1e-07,1e-07,1e-07,1e-07,1e-07,1e-07,1e-07,1e-07,1e-07,1e-07,1e-07,1e-07,1e-07,1e-07,1e-07,1e-07,1e-07
